doi,title,journal.title,year
10.1101/2020.12.29.424693,Heartbeat and Somatosensory Perception,bioRxiv,2020
10.1101/2020.12.27.424477,The autophagy activator Spermidine ameliorates Alzheimer’s disease pathology and neuroinflammation in mice,bioRxiv,2020
10.22541/au.160916124.47621341/v1,ARIA-EAACI statement on severe allergic reactions to COVID-19 vaccines -- an EAACI-ARIA Position Paper,Authorea,2020
10.21203/rs.3.rs-123721/v1,Feasibility of a High-Pitch Protocol for Transcatheter Aortic Valve Replacement Evaluation in Patients not Suitable for ECG-Gated CT,Research Square,2020
10.21203/rs.3.rs-127465/v1,Analysis of Peripheral Inflammatory T Cell Subsets and Their Effector Function in Patients With Birdshot Retinochoroiditis,Research Square,2020
10.1101/2020.12.25.424391,Functional architecture of the synaptic transducers at a central glutamatergic synapse,bioRxiv,2020
10.1101/2020.12.21.423850,SARS-CoV-2 Genomic Surveillance in Costa Rica: Evidence of a Divergent Population and an Increased Detection of a Spike T1117I Mutation,bioRxiv,2020
10.1101/2020.12.22.423962,In vitro characterisation and neurosteroid treatment of an N-Methyl-D-Aspartate receptor antibody-mediated seizure model,bioRxiv,2020
10.21203/rs.3.rs-122145/v1,"Socio-cultural challenges in the implementation of COVID-19 public health measures: Results from a qualitative study in Punjab, Pakistan",Research Square,2020
10.1101/2020.12.17.423240,Identifying selective drug combinations using Comparative Network Reconstruction,bioRxiv,2020
10.1101/2020.12.11.419606,Single-cell RNA sequencing reveals distinct tumor microenvironmental patterns in lung adenocarcinoma,bioRxiv,2020
10.21203/rs.3.rs-49509/v3,T cell phenotypes associated with insulin resistance: Results from the Berlin Aging Study II,Research Square,2020
10.1101/2020.12.10.419424,How accurate are citations of frequently cited papers in biomedical literature?,bioRxiv,2020
10.1101/2020.12.08.415828,Memory-like B cells emerging from germinal centres recycle through the subcapsular sinus,bioRxiv,2020
10.1101/2020.12.04.411413,Exploiting a PAX3-FOXO1-induced synthetic lethal ATR dependency for rhabdomyosarcoma therapy,bioRxiv,2020
10.1101/2020.12.01.406959,Coherent natural scene structure facilitates the extraction of task-relevant object information in visual cortex,bioRxiv,2020
10.1101/2020.11.24.396051,Glycolic Acid Protects Neurons from the Effects of Ischemia in Vitro and in Two in Vivo Models of Stroke,bioRxiv,2020
10.1101/2020.11.24.388470,Lithium inhibits tryptophan catabolism via the inflammation-induced kynurenine pathway in human microglia,bioRxiv,2020
10.1101/2020.11.20.391862,Three-dimensional interrelationship between osteocyte network and forming mineral during human bone remodeling,bioRxiv,2020
10.1101/2020.11.19.390450,CD28 costimulatory domain protects against tonic signaling-induced functional impairment in CAR-Tregs,bioRxiv,2020
10.1101/2020.11.17.386920,Interneuron diversity is required for compartment-specific feedback inhibition,bioRxiv,2020
10.1101/2020.11.17.384537,Dissection of barrier dysfunction in organoid-derived human intestinal epithelia induced by Giardia duodenalis,bioRxiv,2020
10.1101/2020.11.16.384610,Incredible internal strains within a biogenic single crystal viewed by X-ray diffraction tomography,bioRxiv,2020
10.1101/2020.11.13.381269,Non-stimulated regions in early visual cortex encode the contents of conscious visual perception,bioRxiv,2020
10.1101/2020.11.12.380667,Accumbens D2-MSN hyperactivity drives behavioral supersensitivity,bioRxiv,2020
10.1101/2020.11.10.374587,Susceptibility of well-differentiated airway epithelial cell cultures from domestic and wildlife animals to SARS-CoV-2,bioRxiv,2020
10.1101/2020.11.08.373209,Micromechanical homogenisation of a hydrogel-filled electrospun scaffold for tissue-engineered epicardial patching of the infarcted heart,bioRxiv,2020
10.1101/2020.11.04.366294,"Vascular cognitive impairment in the mouse reshapes visual, spatial network functional connectivity",bioRxiv,2020
10.1101/2020.11.04.366856,Atrophy of spared subcortical nuclei relates to worse post-stroke sensorimotor outcomes across 28 cohorts worldwide,bioRxiv,2020
10.1101/2020.11.03.366302,Identification of novel disease relevant genetic modifiers affecting the SHH pathway in the developing brain,bioRxiv,2020
10.21203/rs.3.rs-73499/v2,Asphericity of tumor FDG uptake in non-small cell lung cancer: Reproducibility and implications for harmonization in multicenter studies,Research Square,2020
10.21203/rs.3.rs-97693/v1,Homelessness and Health: A Retrospective Analysis of Medical Records From 2006 - 2020 to Explore the Health and Social Situation of Homeless People in Berlin. A Study Protocol,Research Square,2020
10.1101/2020.10.27.356113,"Atlas of genetic effects in human microglia transcriptome across brain regions, aging and disease pathologies",bioRxiv,2020
10.1101/2020.10.26.354886,No impact of functional connectivity of the motor system on the resting motor threshold: A replication study,bioRxiv,2020
10.21203/rs.3.rs-49509/v2,T cell phenotypes associated with insulin resistance: Results from the Berlin Aging Study II,Research Square,2020
10.1101/2020.10.13.337154,Selective inhibition of histone deacetylase 1 and 3 improves motor phenotype and alleviates transcriptional dysregulation in Huntington’s disease mice,bioRxiv,2020
10.22541/au.160259613.32035356/v1,"Omalizumab in chronic inducible urticaria: a real-life study of efficacy, safety, predictors of treatment outcome and time to response",Authorea,2020
10.1101/2020.10.10.334615,Olig3 acts as a master regulator of cerebellar development,bioRxiv,2020
10.1101/2020.10.09.332932,Unravelling the evolutionary relationships of hepaciviruses within and across rodent hosts,bioRxiv,2020
10.1101/2020.10.07.321083,Tractography dissection variability: what happens when 42 groups dissect 14 white matter bundles on the same dataset?,bioRxiv,2020
10.1101/2020.10.08.327718,Creating Clear and Informative Image-based Figures for Scientific Publications,bioRxiv,2020
10.1101/2020.10.02.324103,Malignant astrocyte swelling and impaired glutamate clearance drive the expansion of injurious spreading depolarization foci,bioRxiv,2020
10.21203/rs.3.rs-57497/v2,"Seven-day Fasting as a multimodal complex interventionfor Adults with Type 1 Diabetes – Feasibility, Benefit and Safety in a Controlled Pilot StudyFeasibility of Fasting for Adults with Type 1 Diabetes ",Research Square,2020
10.1101/2020.09.27.315622,Genetic variation in CSMD1 affects amygdala connectivity and prosocial behavior,bioRxiv,2020
10.1101/2020.09.23.310144,Functionalized bead assay to measure 3-dimensional traction forces during T-cell activation,bioRxiv,2020
NA,Nonparametric least squares estimation in integer-valued GARCH models,arXiv,2020
10.1101/2020.09.17.302158,"C-terminal-dependent control of EAAT2 signaling, corticostriatal synaptic glutamate clearance and spontaneous motor activity in mice with hypokinesia",bioRxiv,2020
10.21203/rs.3.rs-39673/v2,"Novel concepts in cervical cancer screening. A comparison of VIA, HPV DNA test and p16INK4a/Ki-67 dual stain cytology in Western Kenya.",Research Square,2020
10.21203/rs.3.rs-38370/v2,Health Assessment Questionnaire-Disability Index (HAQ-DI) use in modelling disease progression in diffuse cutaneous systemic sclerosis: an analysis from the EUSTAR database,Research Square,2020
10.1101/2020.09.15.297002,RBM20 phosphorylation on serine/arginine domain is crucial to regulate pre-mRNA splicing and protein shuttling in the heart,bioRxiv,2020
10.1101/2020.09.11.293811,Distributional Transformation improves Decoding Accuracy when Predicting Chronological Age from Structural MRI,bioRxiv,2020
10.1101/2020.09.14.296343,Interacting effects of frontal lobe neuroanatomy and working memory capacity to older listeners’ speech recognition in noise,bioRxiv,2020
10.1101/2020.09.11.292946,Human IFITM3 restricts Chikungunya virus and Mayaro virus infection and is susceptible to virus-mediated counteraction,bioRxiv,2020
10.1101/2020.09.10.292409,Self-assembly of progenitor cells under the aegis of platelet factors facilitates human skin organoid formation and vascularized wound healing,bioRxiv,2020
10.1101/2020.09.09.289280,Myogenic Vasoconstriction Requires Canonical Gq/11 Signaling of the Angiotensin II Type 1a Receptor in the Murine Vasculature,bioRxiv,2020
10.22541/au.159985960.08940161,Unmet medical needs in the treatment of atopic dermatitis in infants: An Expert consensus on safety and efficacy of pimecrolimus,Authorea,2020
10.1101/2020.09.10.291286,FRC-QE: A robust and comparable 3D microscopy image quality metric for cleared organoids,bioRxiv,2020
10.1101/2020.09.08.285148,Specific induction of double negative B cells during protective and pathogenic immune responses,bioRxiv,2020
10.21203/rs.3.rs-73499/v1,Asphericity of Tumor FDG Uptake in Non-small Cell Lung Cancer: Reproducibility and Implications for Harmonization in Multicenter Studies,Research Square,2020
10.1101/2020.09.08.280875,Prevention of EAE by PEGylated Antigenic Peptides,bioRxiv,2020
10.1101/2020.09.04.283200,Relationship between Regional White Matter Hyperintensities and Alpha Oscillations in Older Adults,bioRxiv,2020
10.1101/2020.09.04.283648,PPM1D is a neuroblastoma oncogene and therapeutic target in childhood neural tumors,bioRxiv,2020
10.21203/rs.3.rs-66050/v1,Pain in Nursing Homes Residents With and Without Cognitive Impairment. Results From Five Consecutive Multicenter Cross-sectional Surveys Carried Out Between 2014 and 2018 in Germany,Research Square,2020
10.1101/2020.08.28.271742,Spontaneous single synapse activity predicts evoked neurotransmission by using overlapping machinery,bioRxiv,2020
10.1101/2020.08.26.263830,"Integrated Collection of Stem Cell Bank data, a data portal for standardized stem cell information",bioRxiv,2020
10.21203/rs.3.rs-57303/v1,Identification of Biomarkers of Hepatocellular Carcinoma Gene Prognosis Based on Immune-Related lncRNA Signature of Transcriptome Data,Research Square,2020
10.1101/2020.08.23.263160,Single-cell analysis of patient-derived PDAC organoids reveals cell state heterogeneity and a conserved developmental hierarchy,bioRxiv,2020
10.1101/2020.08.21.262329,Impaired cytotoxic CD8+ T cell response in elderly COVID-19 patients,bioRxiv,2020
10.1101/2020.08.18.255760,Identification of MYOM2 as a candidate gene in hypertrophic cardiomyopathy and Tetralogy of Fallot and its functional evaluation in the Drosophila heart,bioRxiv,2020
10.1101/2020.08.21.260638,Increased and synchronous recruitment of release sites underlies hippocampal mossy fiber presynaptic potentiation,bioRxiv,2020
10.21203/rs.3.rs-61571/v1,Circadian Rhythms in Septic Shock Patients,Research Square,2020
10.1101/2020.08.21.261131,SOX11 is a lineage-dependency factor and master epigenetic regulator in neuroblastoma,bioRxiv,2020
10.1101/2020.08.19.257501,Accurate identification and quantification of commensal microbiota bound by host immunoglobulins,bioRxiv,2020
10.21203/rs.3.rs-57497/v1,"Seven-day Fasting as a multimodal complex intervention for Adults with Type 1 Diabetes – Feasibility, Benefit and Safety in a Controlled Pilot Study",Research Square,2020
10.1101/2020.08.18.256164,Amino acids whose intracellular levels change most during aging alter chronological lifespan of fission yeast,bioRxiv,2020
10.1101/2020.08.18.255935,IFITM proteins promote SARS-CoV-2 infection and are targets for virus inhibition,bioRxiv,2020
10.1101/2020.08.18.253740,Assessing Study Reproducibility through M2RI: A Novel Index for Large-scale High-throughput Association Studies,bioRxiv,2020
10.1101/2020.08.15.252320,A SARS-CoV-2 neutralizing antibody protects from lung pathology in a COVID-19 hamster model,bioRxiv,2020
10.1101/2020.08.13.250464,At least seven distinct rotavirus genotype constellations in bats with evidence of reassortment and zoonotic transmissions,bioRxiv,2020
10.1101/2020.08.14.251405,Multisensory processes can compensate for attention deficits in schizophrenia,bioRxiv,2020
10.1101/2020.08.13.249540,Timed mesodermal FGF and BMP govern the multi-step thyroid specification,bioRxiv,2020
10.1101/2020.08.12.237461,Assessment of ethanol-induced toxicity on iPSC-derived human dopaminergic neurons using a novel high-throughput mitochondrial neuronal health (MNH) assay,bioRxiv,2020
10.1101/2020.08.11.245860,Single amino acid-promoted reactions link a non-enzymatic chemical network to the early evolution of enzymatic pentose phosphate pathway,bioRxiv,2020
10.1101/2020.08.10.243691,CD40 provides immune privilege to the bone marrow hematopoietic niche,bioRxiv,2020
10.1101/2020.08.10.243774,Unification of Sparse Bayesian Learning Algorithms for Electromagnetic Brain Imaging with the Majorization Minimization Framework,bioRxiv,2020
10.1101/2020.08.09.242727,Deep Learning assisted Peak Curation for large scale LC-MS Metabolomics,bioRxiv,2020
10.1101/2020.08.07.241943,Robust Estimation of Noise for Electromagnetic Brain Imaging with the Champagne Algorithm,bioRxiv,2020
10.1101/2020.08.07.241307,Suppress me if you can: neurofeedback of the readiness potential,bioRxiv,2020
10.1101/2020.08.07.232322,Nerve fibers in the Tumor Microenvironment are co-localized with Tertiary Lymphoid Structures,bioRxiv,2020
10.22541/au.159672620.00081079,Peanut induced anaphylaxis in children and adolescents: data from the European Anaphylaxis Registry,Authorea,2020
10.1101/2020.08.05.238667,Slow AMPA receptors in hippocampal principal cells,bioRxiv,2020
10.1101/2020.08.04.235655,Spatial tissue profiling by imaging-free molecular tomography,bioRxiv,2020
10.21203/rs.3.rs-49509/v1,T cell phenotypes associated with metabolically healthy obesity: Results from the Berlin Aging Study II,Research Square,2020
10.1101/2020.07.28.224485,The impact of different negative training data on regulatory sequence predictions,bioRxiv,2020
10.1101/2020.07.27.223438,Polycomb-mediated Genome Architecture Enables Long-range Spreading of H3K27 methylation,bioRxiv,2020
10.1101/2020.07.24.220145,Sensorimotor functional connectivity: a neurophysiological factor related to BCI performance,bioRxiv,2020
10.1101/2020.07.22.208223,Is Kambô psychoactive? Acute and subacute effects of the secretion of the Giant Maki Frog (Phyllomedusa bicolor) on human consciousness,bioRxiv,2020
10.22541/au.159542463.33167181,The COVID Pandemic - Potential Collateral Damage in a Less Focused Dimension,Authorea,2020
10.1101/2020.07.21.214122,Effects of early life stress on bone homeostasis in mice and humans,bioRxiv,2020
10.1101/2020.07.17.208058,A novel approach for assessing hypoperfusion in stroke using spatial independent component analysis of resting-state fMRI data,bioRxiv,2020
10.21203/rs.3.rs-38496/v1,Functional comparison of MERS-coronavirus lineages reveals increased zoonotic potential of the recombinant lineage 5,Research Square,2020
10.21203/rs.3.rs-40974/v1,Proposal for an Implementation Framework for Digital Health Technology in the Intensive Care Unit: A Qualitative Study,Research Square,2020
10.1101/2020.07.09.191312,Sensitive and reproducible determination of clinical HDL proteotypes,bioRxiv,2020
10.21203/rs.3.rs-39673/v1,"Novel Concepts in Cervical Cancer Screening. A Comparison of VIA, HPV DNA Test and p16ink4a/Ki-67 Dual-Stain Cytology in Western Kenya.",Research Square,2020
10.1101/2020.07.06.189522,Neuronal autophagy regulates presynaptic neurotransmission by controlling the axonal endoplasmic reticulum,bioRxiv,2020
10.1101/2020.07.02.182832,HIF-stabilization prevents delayed fracture healing,bioRxiv,2020
10.1101/2020.07.02.185132,Is structure based drug design ready for selectivity optimization?,bioRxiv,2020
10.21203/rs.3.rs-38980/v1,Are radiopharmaceuticals self-sterilizing? Radiation effect of gallium-68 and lutetium-177 on bacillus pumilus and staphylococcus succinus,Research Square,2020
10.21203/rs.3.rs-38370/v1,Health Assessment Questionnaire-Disability Index (HAQ-DI) use in modelling disease progression in diffuse cutaneous systemic sclerosis: an analysis from the EUSTAR database,Research Square,2020
10.1101/2020.07.01.181727,mTOR inhibitors as radiosensitizers in neuroendocrine neoplasms,bioRxiv,2020
10.1101/2020.07.01.182162,Targeting the ubiquitin-proteasome system in a pancreatic cancer subtype with hyperactive MYC,bioRxiv,2020
10.1101/2020.07.01.182709,Genetic architecture of host proteins interacting with SARS-CoV-2,bioRxiv,2020
10.1101/2020.06.30.180711,TADA – a Machine Learning Tool for Functional Annotation based Prioritisation of Putative Pathogenic CNVs,bioRxiv,2020
10.1101/2020.07.01.182741,SARS-CoV-2 reactive T cells in uninfected individuals are likely expanded by beta-coronaviruses,bioRxiv,2020
10.1101/2020.06.26.165456,An in vitro human-based fracture gap model – Mimicking the crosstalk between bone and immune cells,bioRxiv,2020
10.1101/2020.06.25.169573,Integrative analysis of genomic variants reveals new associations of candidate haploinsufficient genes with congenital heart disease,bioRxiv,2020
10.1101/2020.06.21.162735,Non-selective cation permeation in an AMPA-type glutamate receptor,bioRxiv,2020
10.1101/2020.06.19.161919,Tamoxifen reduces inflammatory infiltration of neutrophils in the airways,bioRxiv,2020
10.21203/rs.3.rs-22482/v3,Use of Resuscitation promoting factors to screen for tuberculosis infection in household-exposed children in The Gambia,Research Square,2020
10.1101/2020.06.16.146803,"Combining genome-wide studies of breast, prostate, ovarian and endometrial cancers maps cross-cancer susceptibility loci and identifies new genetic associations",bioRxiv,2020
10.21203/rs.3.rs-35589/v1,Asphericity of Tumor FDG Uptake in Non-Small Cell Lung Cancer: Reproducibility and Implications for Harmonization in Multicenter Studies,Research Square,2020
10.22541/au.159242098.86730186,"Diagnosing, managing and preventing anaphylaxis: systematic review",Authorea,2020
10.1101/2020.06.13.148056,Combining segmental bulk- and single-cell RNA-sequencing to define the chondrocyte gene expression signature in the murine knee joint,bioRxiv,2020
10.1101/2020.06.12.146811,"An Integrative Genetic, Epigenetic and Proteomic Characterization of Pancreatic Neuroendocrine Neoplasms (PanNENs) defines Distinct Molecular Features of α- and β-cell like Subgroups",bioRxiv,2020
10.1101/2020.06.12.141945,State-dependent signatures of Anti-NMDA-Receptor Encephalitis: a dynamic functional connectivity study,bioRxiv,2020
10.1101/2020.06.11.146886,Neural signatures of pathological hyperdirect pathway activity in Parkinson’s disease,bioRxiv,2020
10.21203/rs.3.rs-22482/v2,Use of Resuscitation promoting factors to screen for tuberculosis infection in household-exposed children in The Gambia,Research Square,2020
10.1101/2020.06.10.144022,Comparison of manual and automated ventricle segmentation in the maternal immune stimulation rat model of schizophrenia,bioRxiv,2020
10.1101/2020.06.09.142802,How does it feel to be on psilocybin? Dose-response relationships of subjective experiences in humans,bioRxiv,2020
10.1101/2020.06.09.137935,"Potent neutralization of clinical isolates of SARS-CoV-2 D614 and G614 variants by a monomeric, sub-nanomolar affinity Nanobody",bioRxiv,2020
10.1101/2020.06.08.140707,Acquired mutations and transcriptional remodeling in long-term estrogen-deprived locoregional breast cancer recurrences,bioRxiv,2020
10.1101/2020.06.07.138610,Cell-intrinsic Innate Immune Responses against Chikungunya Virus in a Human Ex Vivo Synovial Fibroblast Model,bioRxiv,2020
10.1101/2020.06.04.20122614,"A rapid systematic review and case study on test, contact tracing, testing, and isolation policies for Covid-19 prevention and control",medRxiv,2020
10.1101/2020.06.05.133298,Trans control of cardiac mRNA translation in a protein length-dependent fashion,bioRxiv,2020
10.1101/2020.06.03.20119818,Suppressive myeloid cells are a hallmark of severe COVID-19,medRxiv,2020
10.1101/2020.06.04.134924,Drebrin mediates scar formation and astrocyte reactivity during brain injury by inducing RAB8 tubular endosomes,bioRxiv,2020
10.1101/2020.06.04.135012,Olfactory transmucosal SARS-CoV-2 invasion as port of Central Nervous System entry in COVID-19 patients,bioRxiv,2020
10.1101/2020.06.02.128991,"Presynaptic precursor vesicles originate from the trans-Golgi network, promoted by the small GTPase RAB2",bioRxiv,2020
10.1101/2020.05.28.114645,Evidence for an Active Role of Inferior Frontal Cortex in Conscious Experience,bioRxiv,2020
10.1101/2020.05.28.120626,Mathematical Modeling of Free Fatty Acid-Induced Non-Alcoholic Fatty Liver Disease (NAFLD),bioRxiv,2020
10.1101/2020.05.29.123034,The postsynaptic MAGUK scaffold protein MPP2 organises a distinct interactome that incorporates GABAA receptors at the periphery of excitatory synapses,bioRxiv,2020
10.21203/rs.3.rs-31865/v1,Feasibility of iodine-123-mIBG SPECT/CT quantification in neuroblastoma using CZT and NaI detectors,Research Square,2020
10.1101/2020.05.26.114710,Autoregulatory circuit regulating basolateral cargo export from the TGN: role of the orphan receptor GPRC5A in PKD signaling and cell polarity,bioRxiv,2020
10.1101/2020.05.26.113373,Serotonin suppresses slow oscillations by activating somatostatin interneurons via the 5-HT2A receptor,bioRxiv,2020
10.1101/2020.05.24.086215,"Bi-allelic variants in TSPOAP1, encoding the active zone protein RIMBP1, cause autosomal recessive dystonia",bioRxiv,2020
10.1101/2020.05.21.108266,SSRIs modulate asymmetric learning from reward and punishment,bioRxiv,2020
10.1101/2020.05.19.20098566,Exemplar Scoring Identifies Genetically Separable Phenotypes of Lithium Responsive Bipolar Disorder,medRxiv,2020
10.1101/2020.05.19.20105304,Detecting radiographic sacroiliitis using deep learning with expert-level accuracy in axial spondyloarthritis,medRxiv,2020
10.1101/2020.05.18.092973,Host genetic and environmental factors shape the human gut resistome,bioRxiv,2020
10.22541/au.158990721.16465586,Minimally Invasive Surgical Aortic Valve Replacement: the RALT approach,Authorea,2020
10.1101/2020.05.14.20101998,Obesity and COVID-19: The role of visceral adipose tissue,medRxiv,2020
10.1101/2020.05.11.20098178,Suicide risk with selective serotonin reuptake inhibitors and new-generation serotonergic-noradrenergic antidepressants in adults: a systematic review and meta-analysis of observational studies,medRxiv,2020
10.1101/2020.05.14.095422,Enzymatic dissociation induces transcriptional and proteotype bias in brain cell populations,bioRxiv,2020
10.1101/2020.05.10.085688,Eating to dare - Nutrition impacts human risky decision and related brain function,bioRxiv,2020
10.1101/2020.05.06.20092833,Studying the pathophysiology of coronavirus disease 2019 - a protocol for the Berlin prospective COVID-19 patient cohort (Pa- COVID-19),medRxiv,2020
10.1101/2020.05.05.079475,"Subcortical Volume Trajectories across the Lifespan: Data from 18,605 healthy individuals aged 3-90 years",bioRxiv,2020
10.1101/2020.05.06.080259,Integrative Single-cell RNA-Seq and ATAC-Seq Analysis of Human Developmental Haematopoiesis,bioRxiv,2020
10.1101/2020.05.06.079707,Lack of Kcnn4 improves mucociliary clearance in muco-obstructive lung disease,bioRxiv,2020
10.1101/2020.05.05.076927,Conserved long-range base pairings are associated with pre-mRNA processing of human genes,bioRxiv,2020
10.1101/2020.05.05.077834,"Cortical Thickness Trajectories across the Lifespan: Data from 17,075 healthy individuals aged 3-90 years",bioRxiv,2020
10.1101/2020.04.29.20084327,Cross-talk between the airway epithelium and activated immune cells defines severity in COVID-19,medRxiv,2020
10.1101/2020.05.05.079194,Bulk and single-cell gene expression profiling of SARS-CoV-2 infected human cell lines identifies molecular targets for therapeutic intervention,bioRxiv,2020
10.1101/2020.05.04.069914,Rapid T cell receptor interaction grouping with ting,bioRxiv,2020
10.1101/2020.05.04.075119,Single Cell RNA-Sequencing-based Analysis of CD4+ T-Cell Subset-Specific Susceptibility to Transcriptional Modulation by HIV-1 Latency-Reversing Agents,bioRxiv,2020
10.1101/2020.04.27.20081810,Clinical classifiers of COVID-19 infection from novel ultra-high-throughput proteomics,medRxiv,2020
10.1101/2020.04.28.20083089,COVID-19 progression is potentially driven by T cell immunopathogenesis,medRxiv,2020
10.1101/2020.04.29.067744,Optimal time frequency analysis for biological data - pyBOAT,bioRxiv,2020
10.1101/2020.04.29.067561,Durable memories and efficient neural coding through mnemonic training using the method of loci,bioRxiv,2020
10.1101/2020.04.28.062679,A functional screen of translated pancreatic lncRNAs identifies a microprotein-independent role for LINC00261 in endocrine cell differentiation,bioRxiv,2020
10.1101/2020.04.27.064246,Average beta burst duration profiles provide a signature of dynamical changes between the ON and OFF medication states in Parkinson’s disease,bioRxiv,2020
10.1101/2020.04.28.065474,Self-reported sleep problems are related to cortical thinning in aging but not memory decline and amyloid-β accumulation – results from the Lifebrain consortium,bioRxiv,2020
10.1101/2020.04.24.031138,Dynamics of Brain Structure and its Genetic Architecture over the Lifespan,bioRxiv,2020
10.21203/rs.3.rs-22482/v1,Use of Resuscitation promoting factors to screen for tuberculosis infection in household-exposed children in The Gambia,Research Square,2020
10.1101/2020.04.24.060905,"Phytochrome mediated responses in Agrobacterium fabrum: growth, swimming, plant infection and interbacterial competition",bioRxiv,2020
10.1101/2020.04.23.043653,Pleiotropy-guided transcriptome imputation from normal and tumor tissues identifies new candidate susceptibility genes for breast and ovarian cancer,bioRxiv,2020
10.1101/2020.04.23.054833,Ribosome profiling reveals ribosome stalling on tryptophan codons upon oxidative stress in fission yeast,bioRxiv,2020
10.1101/2020.04.17.20056622,Smoking does not alter treatment effect of intravenous thrombolysis in mild to moderate acute ischemic stroke; a Dutch String-of-Pearls Institute (PSI) Stroke Study,medRxiv,2020
10.1101/2020.04.20.050591,A CRISPR-Cas9–engineered mouse model for GPI-anchor deficiency mirrors human phenotypes and exhibits hippocampal synaptic dysfunctions,bioRxiv,2020
10.1101/2020.04.15.20066324,Serum anti-NMDA-receptor antibodies and cognitive function after ischemic stroke (PROSCIS-B),medRxiv,2020
10.1101/2020.04.16.045120,A comprehensive benchmarking of WGS-based structural variant callers,bioRxiv,2020
10.1101/2020.04.15.997254,"Analysis of SARS-CoV-2-controlled autophagy reveals spermidine, MK-2206, and niclosamide as putative antiviral therapeutics",bioRxiv,2020
10.1101/2020.04.14.040808,Two-dimensional reward evaluation in mice,bioRxiv,2020
10.1101/2020.04.09.20056366,"Results of intensified source finding efforts among community-acquired cases of Legionnaires' disease - First results of the German LeTriWa study; Berlin, 2016-2019",medRxiv,2020
10.1101/2020.04.08.20057570,BRAVE-NET: Fully Automated Arterial Brain Vessel Segmentation In Patients with Cerebrovascular Disease,medRxiv,2020
10.21203/rs.3.rs-19308/v2,Glioma patients in outpatient care - Optimization of psychosocial care in neuro-oncological patients (GLIOPT): Protocol for a cluster randomized controlled trial.,Research Square,2020
10.21203/rs.2.19339/v2,Prevalence and antimicrobial susceptibility of Arcobacter species in human stool samples derived from out- and inpatients: the prospective German Arcobacter prevalence study Arcopath,Research Square,2020
10.1101/2020.04.02.20049676,Public perspectives on social distancing and other protective measures in Europe: a cross-sectional survey study during the COVID-19 pandemic,medRxiv,2020
10.1101/2020.04.03.024075,Cells and gene expression programs in the adult human heart,bioRxiv,2020
10.1101/2020.04.03.023192,Stimulation Artifact Source Separation (SASS) for assessing electric brain oscillations during transcranial alternating current stimulation (tACS),bioRxiv,2020
10.1101/2020.04.03.023325,Minimizing biosignal recording sites for hybrid noninvasive brain/neural robot control,bioRxiv,2020
10.1101/2020.04.02.021709,Mobilization of tissue-resident memory CD4+ T lymphocytes and their contribution to a systemic secondary immune reaction,bioRxiv,2020
10.21203/rs.3.rs-20438/v1,Basal forebrain atrophy along the Alzheimer’s disease spectrum and its relevance for subjective cognitive decline,Research Square,2020
10.1101/2020.03.29.20039529,SARS-CoV-2 asymptomatic and symptomatic patients and risk for transfusion transmission,medRxiv,2020
10.1101/2020.03.29.013649,NAD+ prevents septic shock by non-canonical inflammasome blockade and IL-10,bioRxiv,2020
10.1101/2020.03.26.009993,Non-invasive surveys of mammalian viruses using environmental DNA,bioRxiv,2020
10.1101/2020.03.27.011635,"SynaptoPAC, an Optogenetic Tool for Induction of Presynaptic Plasticity",bioRxiv,2020
10.1101/2020.03.24.004937,Real-world structure facilitates the rapid emergence of scene category information in visual brain signals,bioRxiv,2020
10.21203/rs.3.rs-18526/v1,Is combining serum interleukin-6 and C-reactive protein a reliable diagnostic tool in periprosthetic joint infections?,Research Square,2020
10.1101/2020.03.24.20042226,Applying time series analyses on continuous accelerometry data: a clinical example in older adults with and without cognitive impairment,medRxiv,2020
10.1101/2020.03.26.008300,Localized inhibition in the Drosophila mushroom body,bioRxiv,2020
10.21203/rs.3.rs-19308/v1,STUDY PROTOCOL Glioma patients in outpatient care - Optimization of psychosocial care in neuro-oncological patients (GLIOPT): study protocol of a multicenter cluster randomized controlled trial,Research Square,2020
10.1101/2020.03.21.001404,In vivo validation of spray-dried mesoporous bioactive glass microspheres acting as prolonged local release systems for BMP-2 to induce bone regeneration,bioRxiv,2020
10.1101/2020.03.19.990861,Dodecin as carrier protein for immunizations and bioengineering applications,bioRxiv,2020
10.1101/2020.03.18.994079,"parSMURF, a High Performance Computing tool for the genome-wide detection of pathogenic variants",bioRxiv,2020
10.1101/2020.03.17.995639,"Comparative Pathogenesis Of COVID-19, MERS And SARS In A Non-Human Primate Model",bioRxiv,2020
10.1101/2020.03.10.986711,Efficient inactivation of SARS-CoV-2 by WHO-recommended hand rub formulations and alcohols,bioRxiv,2020
10.1101/2020.03.15.992420,"NOSA, an analytical toolbox for multicellular optical electrophysiology",bioRxiv,2020
10.1101/2020.03.13.991455,SARS-CoV-2 receptor ACE2 and TMPRSS2 are predominantly expressed in a transient secretory cell type in subsegmental bronchial branches,bioRxiv,2020
10.1101/2020.03.09.983080,Comprehensive analysis of prognostic immune-related genes in the tumor microenvironment of lung adenocarcinoma,bioRxiv,2020
10.1101/2020.03.10.985390,Identification of Interleukin1β as an Amplifier of Interferon alpha-induced Antiviral Responses,bioRxiv,2020
10.1101/2020.03.04.973487,Systematic prioritization of candidate genes in disease loci identifies TRAFD1 as a master regulator of IFNγ signalling in celiac disease,bioRxiv,2020
10.1101/2020.03.04.974949,Mouse embryonic stem cells self-organize into trunk-like structures with neural tube and somites,bioRxiv,2020
10.1101/2020.02.28.969147,Genome wide association analysis in dilated cardiomyopathy reveals two new key players in systolic heart failure on chromosome 3p25.1 and 22q11.23,bioRxiv,2020
10.1101/2020.02.28.967752,Live-cell imaging of circadian clock protein dynamics in CRISPR-generated knock-in cells,bioRxiv,2020
10.1101/2020.02.27.966770,Propagation of Hippocampal Ripples to the Neocortex by Way of a Subiculum-Retrosplenial Pathway,bioRxiv,2020
10.1101/2020.02.24.20027490,Normative vs. patient-specific brain connectivity in Deep Brain Stimulation,medRxiv,2020
10.1101/2020.02.27.967703,Unveiling Crucivirus Diversity by Mining Metagenomic Data,bioRxiv,2020
10.21203/rs.2.24653/v1,Cathepsin-C (CTSC) Gene Mutations in Papillon-Lefevre Syndrome in India.,Research Square,2020
10.1101/2020.02.23.20027029,Fasting alters the gut microbiome with sustained blood pressure and body weight reduction in metabolic syndrome patients,medRxiv,2020
10.1101/2020.02.20.19015677,On the treatment effect heterogeneity of antidepressants in major depression. A Bayesian meta-analysis,medRxiv,2020
10.1101/2020.02.21.20021618,Integrative Analysis Reveals a Molecular Stratification of Systemic Autoimmune Diseases,medRxiv,2020
10.1101/2020.02.21.959817,Rapid reconstruction of SARS-CoV-2 using a synthetic genomics platform,bioRxiv,2020
10.1101/2020.02.20.955914,The helix bundle domain of primase RepB’ is required for dinucleotide formation and extension,bioRxiv,2020
10.1101/2020.02.17.952010,Greater male than female variability in regional brain structure across the lifespan,bioRxiv,2020
10.21203/rs.2.11991/v2,Core outcome set measurement for future clinical trials in acute myeloid leukemia: the HARMONY study protocol using a multi-stakeholder consensus-based Delphi process and a final consensus meeting,Research Square,2020
10.1101/2020.02.07.937862,Severe acute respiratory syndrome-related coronavirus: The species and its viruses – a statement of the Coronavirus Study Group,bioRxiv,2020
10.1101/2020.02.08.939488,The architecture of protein synthesis in the developing neocortex at near-atomic resolution reveals Ebp1-mediated neuronal proteostasis at the 60S tunnel exit,bioRxiv,2020
10.1101/2020.02.09.940460,"Lower intake of animal-based products links to improved weight status, independent of depressive symptoms and personality in the general population",bioRxiv,2020
10.1101/2020.02.06.937268,"The relationship between resting-state functional connectivity, antidepressant discontinuation and depression relapse",bioRxiv,2020
10.1101/2020.02.05.935189,"Foxg1 Organizes Cephalic Ectoderm to Repress Mandibular Fate, Regulate Apoptosis, Generate Choanae, Elaborate the Auxiliary Eye and Pattern the Upper Jaw",bioRxiv,2020
10.1101/2020.02.03.931816,Identifiability and experimental design in perturbation studies,bioRxiv,2020
10.1101/2020.02.01.929893,Large-scale Dynamics of Perceptual Decision Information across Human Cortex,bioRxiv,2020
10.1101/2020.01.30.917062,Pdap1 protects mature B lymphocytes from stress-induced cell death and promotes antibody gene diversification,bioRxiv,2020
10.1101/2020.01.30.927061,GAMIBHEAR: whole-genome haplotype reconstruction from Genome Architecture Mapping data,bioRxiv,2020
10.1101/2020.01.27.921965,VarFish - Collaborative and Comprehensive Variant Analysis for Diagnosis and Research,bioRxiv,2020
10.1101/2020.01.29.924795,Adaptive Circuit Dynamics Across Human Cortex During Evidence Accumulation in Changing Environments,bioRxiv,2020
10.1101/2020.01.28.20019190,A Precision Medicine Framework for Personalized Simulation of Hemodynamics in Cerebrovascular Disease,medRxiv,2020
10.1101/2020.01.25.19014803,Interpretable Clinical Genomics with a Likelihood Ratio Paradigm,medRxiv,2020
10.1101/2020.01.25.19013565,Enhanced Recovery after Intensive Care (ERIC): study protocol for a stepped wedge cluster randomized controlled trial to evaluate the effectiveness of a critical care telehealth program on process quality and functional outcomes,medRxiv,2020
10.1101/2020.01.28.922500,Low predictive power of clinical features for relapse prediction after antidepressant discontinuation in a naturalistic setting,bioRxiv,2020
10.1101/2020.01.23.916676,Transient amplitude modulation of alpha-band oscillations by short-time intermittent closed-loop tACS,bioRxiv,2020
10.1101/2020.01.22.915363,Pyphe: A python toolbox for assessing microbial growth and cell viability in high-throughput colony screens,bioRxiv,2020
10.1101/2020.01.20.912659,Automated screening by 3D light-sheet microscopy with high spatial and temporal resolution reveals mitotic phenotypes,bioRxiv,2020
10.21203/rs.2.21059/v1,A school-based educational on-site vaccination intervention for adolescents in an urban area in Germany: Feasibility and psychometric properties of instruments in a pilot study,Research Square,2020
10.1101/2020.01.14.904615,Deep Brain Stimulation: Imaging on a group level,bioRxiv,2020
10.1101/2020.01.12.903187,Apolipoprotein E4 disrupts the neuroprotective action of sortilin in neuronal lipid metabolism and endocannabinoid signaling,bioRxiv,2020
10.1101/2020.01.10.901710,Concepts and Software Package for Efficient Quality Control in Targeted Metabolomics Studies – MeTaQuaC,bioRxiv,2020
10.1101/2020.01.10.901579,Single cell analysis of colorectal cancer identifies mitogen-activated protein kinase as a key driver of tumor cell plasticity,bioRxiv,2020
10.1101/2020.01.08.898841,The effect of counterfactual information on outcome value coding in medial prefrontal and cingulate cortex: from an absolute to a relative neural code,bioRxiv,2020
10.1101/2020.01.07.896977,Mono-ADP-ribosylation by ARTD10 restricts Chikungunya virus replication by interfering with the proteolytic activity of nsP2,bioRxiv,2020
NA,"Photon arrival time tagging with many channels, sub-nanosecond deadtime,
  very high throughput, and fiber optic remote synchronization",arXiv,2020
10.1101/2020.12.16.423070,Interacting brains coming in sync through their minds: An inter-brain neurofeedback study,bioRxiv,2020
10.2139/ssrn.3551335,Outbreak of COVID-19 in Germany Resulting from a Single Travel-Associated Primary Case,SSRN Electronic Journal,2020
10.2139/ssrn.3680870,A Sars-Cov-2 Neutralizing Antibody Protects from Lung Pathology in a Covid-19 Hamster Model,SSRN Electronic Journal,2020
10.1101/2019.12.29.889667,The history of measles: from a 1912 genome to an antique origin,bioRxiv,2019
10.1101/2019.12.26.19015818,"Coagulation factor XII, XI, and VIII activity levels and secondary events after first ischemic stroke",medRxiv,2019
10.1101/2019.12.27.884098,Antigen-driven PD-1+TOX+EOMES+ and PD-1+TOX+BHLHE40+ synovial T lymphocytes regulate chronic inflammation in situ,bioRxiv,2019
10.1101/2019.12.23.887323,Vglut2 expression in dopamine neurons contributes to post-lesional striatal reinnervation,bioRxiv,2019
10.1101/2019.12.23.887166,Model balancing: consistent in-vivo kinetic constants and metabolic states obtained by convex optimisation,bioRxiv,2019
10.1101/2019.12.20.19015495,"Cannabidivarin for the treatment of HIV-associated neuropathic pain: a randomized, blinded, controlled clinical trial",medRxiv,2019
10.1101/2019.12.19.882225,A novel IKK- and proteasome-independent mechanism of RelA activation triggers senescence associated secretome via transcriptional repression of NFKBIA,bioRxiv,2019
10.1101/2019.12.20.875807,Enhancer hijacking determines intra- and extrachromosomal circular MYCN amplicon architecture in neuroblastoma,bioRxiv,2019
10.1101/2019.12.16.19015032,Gender score development in a retrospective approach in the Berlin Aging Study II,medRxiv,2019
10.21203/rs.2.19339/v1,Prevalence and antimicrobial susceptibility of Arcobacter species in human stool samples: the prospective German Arcobacter prevalence study Arcopath,Research Square,2019
10.1101/2019.12.19.882043,Repeatability analysis improves the reliability of behavioral data,bioRxiv,2019
10.1101/2019.12.19.880815,Enhanced canonical Wnt signaling during early zebrafish development perturbs the interaction of cardiac mesoderm and pharyngeal endoderm and causes thyroid specification defects,bioRxiv,2019
10.1101/2019.12.16.878884,Accurate and simultaneous identification of differential expression and splicing using hierarchical Bayesian analysis,bioRxiv,2019
10.1101/2019.12.15.876763,Induced aneuploidy disrupts MCF10A acini formation and CCND1 expression,bioRxiv,2019
10.1101/2019.12.13.872820,Intravital quantification of absolute cytoplasmic B cell calcium reveals dynamic signaling across B cell differentiation stages,bioRxiv,2019
10.1101/870477,The Glyco-enzyme adaptor GOLPH3 Links Intra-Golgi Transport Dynamics to Glycosylation Patterns and Cell Proliferation,bioRxiv,2019
10.1101/866624,Cognitive and brain development is independently influenced by socioeconomic status and polygenic scores for educational attainment,bioRxiv,2019
10.1101/865592,"Conceptual models of entrainment, jet-lag, and seasonality",bioRxiv,2019
10.1101/19013623,"rs641738C>T near MBOAT7 is positively associated with liver fat, ALT, and histological severity of NAFLD: a meta-analysis",medRxiv,2019
10.1101/853788,"AGTR1 is overexpressed in neuroendocrine neoplasms, regulates secretion and may serve as a target for molecular imaging and therapy",bioRxiv,2019
10.1101/856435,Cross-regulation of viral kinases with cyclin A secures shutoff of host DNA synthesis,bioRxiv,2019
10.1101/849638,Stromal cell-contact dependent PI3K and APRIL induced NF-κB signaling complement each other to prevent mitochondrial- and endoplasmic reticulum stress induced cell death of bone marrow plasma cells,bioRxiv,2019
10.1101/849885,Complexin suppresses spontaneous exocytosis by capturing the membrane-proximal regions of VAMP2 and SNAP25,bioRxiv,2019
10.1101/848945,"Investigation of an LPA KIV-2 nonsense mutation in 11,000 individuals: the importance of linkage disequilibrium structure in LPA genetics",bioRxiv,2019
10.1101/847202,Measurements of the timescale and conformational space of AMPA receptor desensitization,bioRxiv,2019
10.1101/839597,GPCRmd uncovers the dynamics of the 3D-GPCRome,bioRxiv,2019
10.7287/peerj.preprints.27717v4,Digestiflow: from BCL to FASTQ with ease,PeerJ Preprints,2019
10.7287/peerj.preprints.27717,Digestiflow: from BCL to FASTQ with ease,PeerJ Preprints,2019
10.1101/836999,Brain Antibody Sequence Evaluation (BASE): an easy-to-use software for complete data analysis in single cell immunoglobulin cloning,bioRxiv,2019
10.1101/836478,Ultradian regulation of rest and activity bouts in mice,bioRxiv,2019
10.1101/19010975,Opening the Black Box of Artificial Intelligence for Clinical Decision Support: A Study Predicting Stroke Outcome,medRxiv,2019
10.1101/825224,Discrete populations of isotype-switched memory B lymphocytes are maintained in murine spleen and bone marrow,bioRxiv,2019
10.1101/825331,Amplitude effects allow short jetlags and large seasonal phase shifts in minimal clock models,bioRxiv,2019
10.1101/821488,Prospective and retrospective contributions to intention awareness in voluntary action,bioRxiv,2019
10.1101/814566,On the relation of phase separation and Hi-C maps to epigenetics,bioRxiv,2019
10.1101/809723,Conflict of Interest Policies at German medical schools - A long way to go,bioRxiv,2019
10.1101/809285,Temporal signatures of criticality in human cortical excitability as probed by early somatosensory responses,bioRxiv,2019
10.1101/807545,Partner-independent fusion gene detection by multiplexed CRISPR/Cas9 enrichment and long-read Nanopore sequencing,bioRxiv,2019
10.1101/19009274,BRAF mutation testing of MSI CRCs in Lynch syndrome diagnostics: performance and efficiency according to patient`s age,medRxiv,2019
10.1101/800748,Cell segmentation-free inference of cell types from in situ transcriptomics data,bioRxiv,2019
10.1101/787994,PI 3-kinase delta enhances axonal PIP3 to support axon regeneration in the adult CNS,bioRxiv,2019
10.1101/781674,Satellite Imaging of Global Urbanicity relate to Adolescent Brain Development and Behavior,bioRxiv,2019
10.1101/778308,Neurobehavioural characterisation and stratification of reinforcement-related behaviour,bioRxiv,2019
10.1101/766261,Weight loss reduces head motion: re-visiting a major confound in neuroimaging,bioRxiv,2019
10.1101/774422,Loss of Piccolo function in rats induces Pontocerebellar Hypoplasia type 3-like phenotypes,bioRxiv,2019
10.1101/774976,In silico stress fibre content affects peak strain in cytoplasm and nucleus but not in membrane for uniaxial substrate stretch,bioRxiv,2019
10.1101/773762,A framework for testing different imputation methods for tabular datasets,bioRxiv,2019
10.1101/770768,A natural variant of the sole pyruvate kinase of fission yeast lowers glycolytic flux triggering increased respiration and oxidative-stress resistance but decreased growth,bioRxiv,2019
10.1101/768267,"Claudin-12 deficiency causes nerve barrier breakdown, mechanical hypersensitivity and painfulness in polyneuropathy",bioRxiv,2019
10.1101/766519,Susceptibility rhythm to bacterial endotoxin in myeloid clock-knockout mice,bioRxiv,2019
10.1101/766113,Resolving the fibrotic niche of human liver cirrhosis using single-cell transcriptomics,bioRxiv,2019
10.1101/19005934,White adipose tissue inflammation is not attenuated by short-term calorie restriction in obese humans,medRxiv,2019
10.1101/755199,Extreme intratumour heterogeneity and driver evolution in mismatch repair deficient gastro-oesophageal cancer,bioRxiv,2019
10.1101/741512,Shared Genetic Risk between Eating Disorder- and Substance-Use-Related Phenotypes: Evidence from Genome-Wide Association Studies,bioRxiv,2019
10.1101/741397,Preservation of stemness in high-grade serous ovarian cancer organoids requires low Wnt environment,bioRxiv,2019
10.1101/739094,Hippocampal subfield volumes are uniquely affected in PTSD and depression: International analysis of 31 cohorts from the PGC-ENIGMA PTSD Working Group,bioRxiv,2019
10.1101/741637,Wnt11/Fzd7 signaling compartmentalizes AKAP2/PKA to regulate L-type Ca2+ channel,bioRxiv,2019
10.1101/740415,Gene set inference from single-cell sequencing data using a hybrid of matrix factorization and variational autoencoders,bioRxiv,2019
10.1101/737858,Self-reported sleep relates to hippocampal atrophy across the adult lifespan – results from the Lifebrain consortium,bioRxiv,2019
10.1101/733964,Single nucleus and in situ RNA sequencing reveals cell topographies in the human pancreas,bioRxiv,2019
10.1101/731075,Heritable gene expression variability governs clonal heterogeneity in circadian period,bioRxiv,2019
10.1101/726968,Sex-associated differences in cytomegalovirus prevention: Prophylactic strategy is associated with a strong kidney function impairment in female renal transplant patients,bioRxiv,2019
10.1101/725317,In vitro and in silico modeling of cellular and matrix-related changes during the early phase of osteoarthritis,bioRxiv,2019
10.7287/peerj.preprints.27717v3,DigestiFlow - reproducible demultiplexing for the single cell era,PeerJ Preprints,2019
10.1101/721548,jULIEs: extracellular probes for recordings and stimulation in the structurally and functionally intact mouse brain,bioRxiv,2019
10.1101/721241,Human endogenous retrovirus HERV-K(HML-2) RNA causes neurodegeneration through Toll-like receptors,bioRxiv,2019
10.1101/19002352,The ansa subthalamica: a neglected fiber tract,medRxiv,2019
10.21203/rs.2.11991/v1,Core outcome set measurement for future clinical trials in acute myeloid leukemia: the HARMONY study protocol using a multi-stakeholder consensus-based Delphi process and a final consensus meeting,Research Square,2019
10.1101/713925,WiPP: Workflow for improved Peak Picking for Gas Chromatography-Mass Spectrometry (GC-MS) data,bioRxiv,2019
10.1101/713008,SCelVis: Powerful explorative single cell data analysis on the desktop and in the cloud,bioRxiv,2019
10.1101/710145,Global genome diversity of the Leishmania donovani complex,bioRxiv,2019
10.1101/705244,Longitudinal single cell transcriptomics reveals Krt8+ alveolar epithelial progenitors in lung regeneration,bioRxiv,2019
10.1101/693937,"Variants in the degron of AFF3 cause a multi-system disorder with mesomelic dysplasia, horseshoe kidney and developmental and epileptic encephalopathy",bioRxiv,2019
10.1101/19000943,Confounding adjustment performance of ordinal analysis methods in stroke studies,medRxiv,2019
10.1101/703355,Reporting animal research: Explanation and Elaboration for the ARRIVE guidelines 2019,bioRxiv,2019
10.1101/703181,The ARRIVE guidelines 2019: updated guidelines for reporting animal research,bioRxiv,2019
10.1101/696195,"Accelerated viral dynamics in bat cell lines, with implications for zoonotic emergence",bioRxiv,2019
10.1101/692012,"Hemispheric asymmetries in resting-state EEG and fMRI are related to approach and avoidance behaviour, but not to eating behaviour or BMI",bioRxiv,2019
10.1101/690685,"Abundance, fatty acid composition and saturation index of neutral lipids are significantly different between isogenic primary and metastatic colon cancer cell lines",bioRxiv,2019
10.1101/19001024,Disease overarching mechanisms that explain and predict outcome of patients with high cardiovascular risk: rationale and design of the Berlin Long-term Observation of Vascular Events (BeLOVE) study,medRxiv,2019
10.1101/682955,A hydrogen dependent geochemical analogue of primordial carbon and energy metabolism,bioRxiv,2019
10.1101/680397,Nonlinear Interaction Decomposition (NID): A Method for Separation of Cross-frequency Coupled Sources in Human Brain,bioRxiv,2019
10.1101/677153,"Altered White Matter Microstructural Organization in Post-Traumatic Stress Disorder across 3,049 Adults: Results from the PGC-ENIGMA PTSD Consortium",bioRxiv,2019
10.1101/672923,The Kaufman oculocerebrofacial syndrome protein Ube3b regulates synapse number by ubiquitinating Ppp3cc,bioRxiv,2019
10.1101/671453,Predicting Functional Effects of Missense Variants in Voltage-Gated Sodium and Calcium Channels,bioRxiv,2019
10.1101/669150,Cohort profile: The LipidCardio Study - Role of Lipoproteins in Cardiovascular Disease,bioRxiv,2019
10.1101/667600,Identification of TMEM206 proteins as pore of ASOR acid-sensitive chloride channels,bioRxiv,2019
10.1101/660365,Memorability of photographs in subjective cognitive decline and mild cognitive impairment: implications for cognitive assessment,bioRxiv,2019
10.1101/649822,7 Tesla MRI of the ex vivo human brain at 100 micron resolution,bioRxiv,2019
10.1101/656793,Scanning SWATH acquisition enables high-throughput proteomics with chromatographic gradients as fast as 30 seconds,bioRxiv,2019
10.1101/645184,"Sleep, regional grey matter volumes, and psychological functioning in adolescents",bioRxiv,2019
10.7287/peerj.preprints.27717v2,DigestiFlow - reproducible demultiplexing for the single cell era,PeerJ Preprints,2019
10.1101/651265,Papillary renal cell carcinomas rewire glutathione metabolism and are deficient in anabolic glucose synthesis,bioRxiv,2019
10.1101/649442,Novel method to determine diagnosis-defining refraction points,bioRxiv,2019
10.1101/643676,Fighting antimicrobial resistance in Pseudomonas aeruginosa with machine learning-enabled molecular diagnostics,bioRxiv,2019
10.1101/649046,Metabolic reprogramming and elevation of glutathione in chromophobe renal cell carcinomas,bioRxiv,2019
10.1101/646273,BOLD and EEG Signal Variability at Rest Differently Relate to Aging in the Human Brain,bioRxiv,2019
10.1101/639328,High-throughput microcircuit analysis of individual human brains through next-generation multineuron patch-clamp,bioRxiv,2019
10.1101/641837,A helminth chitinase structurally similar to mammalian chitinase displays immunomodulatory properties,bioRxiv,2019
10.1101/635573,Complement- and inflammasome-mediated autoinflammation-paroxysmal nocturnal hemoglobinuria,bioRxiv,2019
10.1101/630087,Benchmarking Single-Cell RNA Sequencing Protocols for Cell Atlas Projects,bioRxiv,2019
10.7287/peerj.preprints.27717v1,DigestiFlow - reproducible demultiplexing for the single cell era,PeerJ Preprints,2019
10.1101/631325,Directional DBS Leads Show Large Deviations from their Intended Implantation Orientation,bioRxiv,2019
10.1101/630558,Association of simple renal cysts and chronic kidney disease with large abdominal aortic aneurysm,bioRxiv,2019
10.1101/613869,Towards Quantitative Imaging Biomarkers of Tumor Dissemination: a Multi-scale Parametric Modeling of Multiple Myeloma,bioRxiv,2019
10.1101/610626,Inverse Transformed Encoding Models – a solution to the problem of correlated trial-by-trial parameter estimates in fMRI decoding,bioRxiv,2019
10.1101/608786,Toward a unified connectomic target for deep brain stimulation in obsessive-compulsive disorder,bioRxiv,2019
10.1101/608695,Whole-genome fingerprint of the DNA methylome during chemically induced differentiation of the human AML cell line HL-60/S4,bioRxiv,2019
10.1101/587196,RICOPILI: Rapid Imputation for COnsortias PIpeLIne,bioRxiv,2019
10.1101/604637,Chemical biofilm dislodgement with chelating and reducing agents in comparison to sonication: implications for the diagnosis of implant associated infection,bioRxiv,2019
10.1101/602151,Synaptic control of DNA-methylation involves activity-dependent degradation of DNMT3a1 in the nucleus,bioRxiv,2019
10.1101/602334,Random forest-based modelling to detect biomarkers for prostate cancer progression,bioRxiv,2019
10.1101/601468,Ribo-seQC: comprehensive analysis of cytoplasmic and organellar ribosome profiling data,bioRxiv,2019
10.1101/590570,A Robust Model for Circadian Redox Oscillations,bioRxiv,2019
10.1101/586396,"Distinct immune evasion in APOBEC-enriched, HPV-negative HNSCC",bioRxiv,2019
10.1101/579169,Social hierarchy regulates ocular dominance plasticity in adult male mice,bioRxiv,2019
10.1101/575829,The microbiota regulates inflammatory responses to toxin-induced CNS demyelination but has minimal impact on remyelination,bioRxiv,2019
10.1101/575902,CMKLR1-targeting peptide tracers for PET/MR imaging of breast cancer,bioRxiv,2019
10.1101/576405,"A systematic evaluation of the design, orientation, and sequence context dependencies of massively parallel reporter assays",bioRxiv,2019
10.1101/571026,Nijmegen Breakage Syndrome (NBS) is a Telomeropathy: Analysis of Telomere Length in NBS Homo- and Heterozygotes and Humanized Nbs Mice,bioRxiv,2019
10.1101/566562,Functional dissection of TADs reveals non-essential and instructive roles in regulating gene expression,bioRxiv,2019
10.1101/566877,Inter-Individual and Inter-Strain Differences in Cognitive and Social Abilities of Dark Agouti and Wistar Han Rats,bioRxiv,2019
10.1101/560623,Brain Aging in Major Depressive Disorder: Results from the ENIGMA Major Depressive Disorder working group,bioRxiv,2019
10.1101/558478,"Precision-weighting of cortical unsigned prediction error signals benefits learning, is mediated by dopamine, and is impaired in psychosis",bioRxiv,2019
10.1101/554725,From prevalence to incidence - a new approach in the hospital setting,bioRxiv,2019
10.1101/556761,Crowdfunded whole-genome sequencing of the celebrity cat Lil BUB identifies causal mutations for her osteopetrosis and polydactyly,bioRxiv,2019
10.1101/556829,BKV clearance time correlates with exhaustion state and T-cell receptor repertoire shape of BKV-specific T-cells in renal transplant patients,bioRxiv,2019
10.1101/551390,SURF1 mutations causative of Leigh syndrome impair human neurogenesis,bioRxiv,2019
10.1101/551861,Small Molecule Screening in Zebrafish Embryos Identifies Signaling Pathways Regulating Early Thyroid Development,bioRxiv,2019
10.1101/547216,Robust network inference using response logic,bioRxiv,2019
10.1101/542498,Network-specific synchronization of electrical slow-wave oscillations regulates sleep in Drosophila,bioRxiv,2019
10.1101/542852,Weak Coupling Between Intracellular Feedback Loops Explains Dissociation of Clock Gene Dynamics,bioRxiv,2019
10.1101/540880,A neurodevelopmental origin of behavioral individuality,bioRxiv,2019
10.1101/541458,Prediction of combination therapies based on topological modeling of the immune signaling network in Multiple Sclerosis,bioRxiv,2019
10.1101/539692,Hybrid genome assembly and annotation of Danionella translucida,bioRxiv,2019
10.1101/534370,Subcortical Shape Alterations in Major Depressive Disorder: Findings from the ENIGMA Major Depressive Disorder Working Group,bioRxiv,2019
10.1101/537712,Modulating the human functional connectome using deep brain stimulation,bioRxiv,2019
10.1101/536383,DypFISH: Dynamic Patterned FISH to Interrogate RNA and Protein Spatial and Temporal Subcellular Distribution,bioRxiv,2019
10.1101/537258,Increasing molar activity by HPLC purification improves 68Ga-DOTA-NAPamide tumor accumulation in a B16/F1 melanoma xenograft model,bioRxiv,2019
10.1101/532374,Disease-associated scaffold protein CNK2 modulates PSD size and influences trafficking of new synaptic binding partner TNIK,bioRxiv,2019
10.1101/518290,Cis-epistasis at the LPA locus and risk of coronary artery disease,bioRxiv,2019
10.1101/528877,Preformed Chromatin Topology Assists Transcriptional Robustness of Shh during Limb Development,bioRxiv,2019
10.1101/526236,Platelet-neutrophil aggregates promote skin pathology in psoriasis,bioRxiv,2019
10.1101/509554,10Kin1day: A bottom-up neuroimaging initiative,bioRxiv,2019
10.1101/514968,Cortisol associated with hypometabolism across the Alzheimer’s disease spectrum,bioRxiv,2019
10.1101/516708,Multiple two-photon targeted whole-cell patch-clamp recordings from monosynaptically connected neurons in vivo,bioRxiv,2019
10.1101/515403,Prioritization of metabolic genes as novel therapeutic targets in estrogen-receptor negative breast tumors using multi-omics data and text mining,bioRxiv,2019
10.1101/514216,Perceptions and prospects in life sciences in a heterogeneous Latin American population,bioRxiv,2019
10.1101/512871,In-silico Exploration of Mouse Brain Dynamics by Stimulation explains Functional Networks and Sensory Processing,bioRxiv,2019
10.2139/ssrn.3372436,"Cisplatin and 5-Fluorouracil with or Without Epidermal Growth Factor Receptor Inhibition Panitumumab for Patients with Non-Resectable, Advanced or Metastatic Esophageal Squamous Cell Cancer: A Prospective, Open-Label, Randomised Phase 3 AIO/EORTC Trial (Power)",SSRN Electronic Journal,2019
10.2139/ssrn.3310634,An Estimate of the Global Prevalence and Burden of Obstructive Sleep Apnoea,SSRN Electronic Journal,2019
10.2139/ssrn.3353384,Allogeneic Transplantation in Multiple Myeloma: Long-Term Follow-Up and Cytogenetic Subgroup Analysis,SSRN Electronic Journal,2019
10.2139/ssrn.3321491,The Outcomes of Primary Aldosteronism Patients in the AVIS-2 Study,SSRN Electronic Journal,2019
10.2139/ssrn.3470400,Cytotoxic and Helper T Cell Memory is Programmed by Mhc-Independent Generic Programs,SSRN Electronic Journal,2019
10.1101/506576,Altered resting state functional connectivity in a thalamo-cortico-cerebellar network in patients with schizophrenia,bioRxiv,2018
10.1101/499988,Whole genome sequencing of a sporadic primary immunodeficiency cohort,bioRxiv,2018
10.1101/502864,Use of IFNγ/IL10 ratio for stratification of hydrocortisone therapy in patients with septic shock,bioRxiv,2018
10.1101/500108,Identification of leukemic and pre-leukemic stem cells by clonal tracking from single-cell transcriptomics,bioRxiv,2018
10.1101/502369,The sensory coding of warm perception,bioRxiv,2018
10.1101/496760,A novel non-invasive method to detect gut barrier related changes during a gastrointestinal nematode infection,bioRxiv,2018
10.1101/495903,Qtlizer: comprehensive QTL annotation of GWAS results,bioRxiv,2018
10.1101/493452,Rapid active zone remodeling consolidates presynaptic potentiation,bioRxiv,2018
10.1101/492512,A generative learning model for saccade adaptation,bioRxiv,2018
10.1101/490904,The impact of biological sex on alternative splicing,bioRxiv,2018
10.1101/489161,Reduced Resting-State Connectivity in the Precuneus is correlated with Apathy in Patients with Schizophrenia,bioRxiv,2018
10.1101/489997,New graph-theoretical-multimodal approach using temporal and structural correlations reveal disruption in the thalamo-cortical network in patients with schizophrenia,bioRxiv,2018
10.1101/483867,Optimal metabolic states in cells,bioRxiv,2018
10.1101/481689,The impact of ischemic stroke on connectivity gradients,bioRxiv,2018
10.1101/483891,The value structure of metabolic states,bioRxiv,2018
10.1101/480905,A macaque connectome for large-scale network simulations in TheVirtualBrain,bioRxiv,2018
10.1101/473306,PEDIA: Prioritization of Exome Data by Image Analysis,bioRxiv,2018
10.1101/473421,Overly strong priors for socially meaningful visual signals in psychosis proneness,bioRxiv,2018
10.1101/467746,Results dissemination from clinical trials conducted at German university medical centres was delayed and incomplete,bioRxiv,2018
10.1101/469494,RIM-BP2 primes synaptic vesicles via recruitment of Munc13-1 at hippocampal mossy fiber synapses,bioRxiv,2018
10.1101/463141,Subthalamic nucleus and sensorimotor cortex activity during speech production,bioRxiv,2018
10.1101/462358,Intramolecular domain dynamics regulate synaptic MAGUK protein interactions,bioRxiv,2018
10.1101/460444,Epigenome-wide meta-analysis of blood DNA methylation and its association with subcortical volumes: findings from the ENIGMA Epigenetics Working Group,bioRxiv,2018
10.1101/459255,The Aryl Hydrocarbon Receptor senses the Henna pigment Lawsone and mediates Yin-Yang effects on skin homeostasis,bioRxiv,2018
10.1101/461558,Multiple mechanisms link prestimulus neural oscillations to sensory responses,bioRxiv,2018
10.1101/456228,Surface tension determines tissue shape and growth kinetics,bioRxiv,2018
10.1101/455758,Single synapse indicators of impaired glutamate clearance derived from fast iGluu imaging of cortical afferents in the striatum of normal and Huntington (Q175) mice,bioRxiv,2018
10.1101/451666,Translational control of cardiac fibrosis,bioRxiv,2018
10.1101/450650,Influence of nutritional tyrosine on cognition and functional connectivity in healthy old humans,bioRxiv,2018
10.1101/449363,Polygenic scores for major depressive disorder and depressive symptoms predict response to lithium in patients with bipolar disorder,bioRxiv,2018
10.1101/449181,Gating modules of the AMPA receptor pore domain revealed by unnatural amino acid mutagenesis,bioRxiv,2018
10.1101/445874,Comparative genetic architectures of schizophrenia in East Asian and European populations,bioRxiv,2018
10.1101/442756,Maternal and fetal genetic effects on birth weight and their relevance to cardio-metabolic risk factors,bioRxiv,2018
10.1101/436113,"Variably methylated regions in the newborn epigenome: environmental, genetic and combined influences",bioRxiv,2018
10.1101/443770,Transition of Wnt signaling microenvironment delineates the squamo-columnar junction and emergence of squamous metaplasia of the cervix,bioRxiv,2018
10.1101/443846,Perceptual phenotypes: Perceptual gains and losses in synesthesia and schizophrenia,bioRxiv,2018
10.1101/440719,Light induced synaptic vesicle autophagy,bioRxiv,2018
10.1101/439034,Altered orbitofrontal sulcogyral patterns in gambling disorder: a multicenter study,bioRxiv,2018
10.1101/433367,Genome-wide meta-analysis of depression identifies 102 independent variants and highlights the importance of the prefrontal brain regions,bioRxiv,2018
10.1101/438176,The dynamic proteome of influenza A virus infection identifies M segment splicing as a host range determinant,bioRxiv,2018
10.1101/433318,A novel approach reveals that HLA class 1 single antigen bead-signatures provide a means of high-accuracy pre-transplant risk assessment of acute cellular rejection,bioRxiv,2018
10.1101/433334,Synchronised spiking activity underlies phase amplitude coupling in the subthalamic nucleus of Parkinson’s disease patients,bioRxiv,2018
10.1101/427963,Macrophages protect against loss of adipose tissue during cancer cachexia,bioRxiv,2018
10.1101/423756,MYCN-induced metabolic rewiring creates novel therapeutic vulnerabilities in neuroblastoma,bioRxiv,2018
10.1101/413286,Cortico-basal-ganglia communication: Temporally structured activity for selective motor control,bioRxiv,2018
10.1101/409649,"Genetic Determinants of Cortical Structure (Thickness, Surface Area and Volumes) among Disease Free Adults in the CHARGE Consortium",bioRxiv,2018
10.1101/410480,Involving patients and publics in medical and health care research studies: an exploratory survey on participant recruiting and representativeness from the perspective of study authors,bioRxiv,2018
10.1101/399402,The genetic architecture of the human cerebral cortex,bioRxiv,2018
10.1101/405985,Mutant screen for reproduction unveils depression-associated Piccolo’s control over reproductive behavior,bioRxiv,2018
10.1101/405951,"ADP heptose, a novel pathogen-associated molecular pattern associated with Helicobacter pylori type 4 secretion",bioRxiv,2018
10.1101/402255,Deep Learning for Quality Control of Subcortical Brain 3D Shape Models,bioRxiv,2018
10.1101/401091,Spatial neuronal synchronization and the waveform of oscillations: implications for EEG and MEG,bioRxiv,2018
10.1101/390393,Sodium chloride is an ionic checkpoint for human Th2 cell responses and shapes the atopic skin microenvironment,bioRxiv,2018
10.1101/389437,Identification and Ranking of Recurrent Neo-Epitopes in Cancer,bioRxiv,2018
10.1101/382457,Cancer cell lipid class homeostasis is altered under nutrient-deprivation but stable under hypoxia,bioRxiv,2018
10.1101/370130,A different state of mind: neural activity related to volitionally up- versus downregulating cortical excitability,bioRxiv,2018
10.1101/366161,Short-term aerobic training does not improve memory functioning in relapsing remitting multiple sclerosis – a randomized controlled trial,bioRxiv,2018
10.1101/366856,A harmonized meta-knowledgebase of clinical interpretations of cancer genomic variants,bioRxiv,2018
10.1101/365429,Long non-coding RNAs defining major subtypes of B cell precursor acute lymphoblastic leukemia,bioRxiv,2018
10.1101/360909,The age-dependent relationship between resting heart rate variability and functional brain connectivity,bioRxiv,2018
10.1101/356832,Incomplete penetrance for isolated congenital asplenia in humans with mutations in translated and untranslated RPSA exons,bioRxiv,2018
10.1101/348227,VGLUT2 functions as a differential marker for hippocampal output neurons,bioRxiv,2018
10.1101/348425,Regulation of spatial and temporal gene expression in an animal germline,bioRxiv,2018
10.1101/343954,BigStitcher: Reconstructing high-resolution image datasets of cleared and expanded samples,bioRxiv,2018
10.1101/340844,Cell type-dependent differential activation of ERK by oncogenic KRAS in colon cancer and intestinal epithelium,bioRxiv,2018
10.7287/peerj.preprints.26979v1,"Evolutionary-rooted models for denial of pregnancy, concealment of pregnancy and pseudocyesis",PeerJ Preprints,2018
10.7287/peerj.preprints.26979,"Evolutionary-rooted models for denial of pregnancy, concealment of pregnancy and pseudocyesis",PeerJ Preprints,2018
10.1101/329052,Phenome-wide association analysis of LDL-cholesterol lowering genetic variants in PCSK9,bioRxiv,2018
10.1101/330050,Critical role for Piccolo in Synaptic Vesicle Retrieval,bioRxiv,2018
10.1101/324053,Phenotero: annotate as you write,bioRxiv,2018
10.1101/322008,Lead-DBS v2: Towards a comprehensive pipeline for deep brain stimulation imaging,bioRxiv,2018
10.1101/314641,Estrus-Cycle Regulation of Cortical Inhibition,bioRxiv,2018
10.1101/312736,"Evaluation of Sb-1 bacteriophage activity in enhancing antibiotic efficacy against biofilm, degrading the exopolysaccharide matrix and targeting persister cells of Staphylococcus aureus",bioRxiv,2018
10.1101/311472,pheno-seq – linking morphological features to gene expression in 3D cell culture systems,bioRxiv,2018
10.1101/309823,Circulating microRNA biomarkers for metastatic disease in neuroblastoma patients,bioRxiv,2018
10.1101/305839,T cell responses to nonstructural protein 3 distinguish infections by Dengue and Zika viruses,bioRxiv,2018
10.1101/304451,Co-existing feedback loops generate tissue-specific circadian rhythms,bioRxiv,2018
10.1101/303909,Thrombocytopenia Microcephaly Syndrome - a novel phenotype associated with ACTB mutations,bioRxiv,2018
10.1101/297739,"Placental-expanded, mesenchymal cells improve muscle function following hip arthroplasty",bioRxiv,2018
10.1101/289363,MDM4 is an essential disease driver targeted by 1q gain in Burkitt lymphoma,bioRxiv,2018
10.1101/295105,Auxiliary subunits keep AMPA receptors compact during activation and desensitization,bioRxiv,2018
10.1101/295899,When more is less: Dual phosphorylation protects signaling off-state against overexpression,bioRxiv,2018
10.1101/295139,High prevalence of S. pyogenes Cas9-specific T cell sensitization within the adult human population – A balanced effector/regulatory T cell response,bioRxiv,2018
10.1101/294629,"Meta-analysis of genetic association with diagnosed Alzheimer’s disease identifies novel risk loci and implicates Abeta, Tau, immunity and lipid processing",bioRxiv,2018
10.1101/197111,Systematic analysis of mouse genome reveals distinct evolutionary and functional properties among circadian and ultradian genes,bioRxiv,2018
10.1101/283838,Active information sampling varies across the cardiac cycle,bioRxiv,2018
10.1101/282699,DIA-NN: Deep neural networks substantially improve the identification performance of Data-independent acquisition (DIA) in proteomics,bioRxiv,2018
10.1101/282921,Distinct housing conditions reveal a major impact of adaptive immunity on the course of obesity-induced type 2 diabetes,bioRxiv,2018
10.1101/277624,Differentiation of Alzheimer’s disease based on local and global parameters in personalized Virtual Brain models,bioRxiv,2018
10.1101/273045,Non-canonical HIF-1 stabilization is essential for intestinal tumorigenesis,bioRxiv,2018
10.1101/271932,A prostaglandin alpha F2 analog protects from statin-induced myopathic changes in primary human muscle cells,bioRxiv,2018
10.1101/271148,Efficient differentiation of vascular endothelial cells from dermal-derived mesenchymal stem cells induced by endothelial cell lines conditioned medium,bioRxiv,2018
10.1101/270686,A comprehensive assessment of benign genetic variability for neurodegenerative disorders,bioRxiv,2018
10.1101/261743,Whole genome analysis illustrates global clonal population structure of the ubiquitous dermatophyte pathogen Trichophyton rubrum,bioRxiv,2018
10.1101/258947,Two parallel pathways implement robust propionate catabolism and detoxification in mycobacteria,bioRxiv,2018
10.1101/250431,Evaluating Cell Identity from Transcription Profiles,bioRxiv,2018
10.1101/245506,Fine-mapping of an expanded set of type 2 diabetes loci to single-variant resolution using high-density imputation and islet-specific epigenome maps,bioRxiv,2018
10.1101/243709,Comparative Network Reconstruction using Mixed Integer Programming,bioRxiv,2018
10.1101/243600,Modelling Signalling Networks from Perturbation Data,bioRxiv,2018
10.2139/ssrn.3237723,Cerebrospinal Fluid Biomarkers for Predicting Development of Multiple Sclerosis in Acute Optic Neuritis: A Population-Based Prospective Cohort Study,SSRN Electronic Journal,2018
10.2139/ssrn.3296675,Prevention Medicine in Bilateral Phaeochromocytoma,SSRN Electronic Journal,2018
10.2139/ssrn.3255819,Global Text Mining and Development of Pharmacogenomic Knowledge Resource for Precision Medicine,SSRN Electronic Journal,2018
10.2139/ssrn.3247882,Long-Term Outcomes with Subcutaneous C1-Inhibitor Replacement Therapy for Prevention of Hereditary Angioedema Attacks: An Open-Label Extension Study of the COMPACT Trial,SSRN Electronic Journal,2018
10.2139/ssrn.3289794,Prevention Medicine in Bilateral Phaeochromocytoma,SSRN Electronic Journal,2018
10.1101/239160,Association of Peripheral Blood Pressure with Grey Matter Volume in 19- to 40-Year-Old Adults,bioRxiv,2017
10.1101/237297,Genetic structure and sex-biased gene flow in the history of southern African populations,bioRxiv,2017
10.1101/234344,Reliable detection of translational regulation with Ribo-seq,bioRxiv,2017
10.1101/233148,Leishmania naiffi and Leishmania guyanensis reference genomes highlight genome structure and gene evolution in the Viannia subgenus,bioRxiv,2017
10.1101/230102,Evolutionary plasticity in the innate immune function of Akirin,bioRxiv,2017
10.1101/228569,Non-blocking modulation as the major mechanism of sodium channel inhibition by riluzole,bioRxiv,2017
10.1101/227967,Volatility estimates increase choice switching and relate to prefrontal activity in schizophrenia,bioRxiv,2017
10.1101/224873,Scale-specific analysis of fMRI data on the irregular cortical surface,bioRxiv,2017
10.1101/224774,Common risk variants identified in autism spectrum disorder,bioRxiv,2017
10.1101/219394,Advances in computer-assisted syndrome recognition and differentiation in a set of metabolic disorders,bioRxiv,2017
10.1101/216291,"Characterization of Glycosylphosphatidylinositol Biosynthesis Defects by Clinical Features, Flow Cytometry, and Automated Image Analysis",bioRxiv,2017
10.1101/218867,How Changes in Common Practice Can Improve the Quality of Biomedical Science,bioRxiv,2017
10.1101/209270,High genetic loading of schizophrenia predicts poor response to lithium in patients with bipolar disorder: A polygenic score and cross-trait genetic analysis,bioRxiv,2017
10.1101/210807,ACEseq – allele specific copy number estimation from whole genome sequencing,bioRxiv,2017
10.1101/207092,Bioconda: A sustainable and comprehensive software distribution for the life sciences,bioRxiv,2017
10.1101/199554,Ontology-based similarity calculations with an improved annotation model,bioRxiv,2017
10.1101/196634,"Mapping Cortical Brain Asymmetry in 17,141 Healthy Individuals Worldwide via the ENIGMA Consortium",bioRxiv,2017
10.1101/196006,Embryonic and postnatal neurogenesis produce functionally distinct subclasses of dopaminergic neuron,bioRxiv,2017
10.1101/193078,Defective synapse maturation and enhanced synaptic plasticity in Shank2-/- mice,bioRxiv,2017
10.1101/195271,Representational confusion: the plausible consequence of demeaning your data,bioRxiv,2017
10.1101/191007,Progressive change in expression of killer-like receptorsr and GPR56 expression defines the cytokine production potential of human CD4+ T memory cells,bioRxiv,2017
10.7287/peerj.preprints.3257,Identification of mutational signatures active in individual tumors,PeerJ Preprints,2017
10.7287/peerj.preprints.3257v1,Identification of mutational signatures active in individual tumors,PeerJ Preprints,2017
10.1101/184853,"GWAS meta-analysis (N=279,930) identifies new genes and functional links to intelligence",bioRxiv,2017
10.1101/173831,"Genetic Architecture of Subcortical Brain Structures in Over 40,000 Individuals Worldwide",bioRxiv,2017
10.1101/181040,Therapeutic targeting of PGBD5-induced DNA repair dependency in pediatric solid tumors,bioRxiv,2017
10.1101/172940,Science with no fiction: measuring the veracity of scientific reports by citation analysis,bioRxiv,2017
10.1101/173435,Genomic dissection of bipolar disorder and schizophrenia including 28 subphenotypes,bioRxiv,2017
10.1101/173062,Genome-wide association study identifies 30 Loci Associated with Bipolar Disorder,bioRxiv,2017
10.1101/172619,Multivariate pattern analysis for MEG: a comprehensive comparison of dissimilarity measures,bioRxiv,2017
10.1101/168641,Noise control is a primary function of microRNAs and post-transcriptional regulation,bioRxiv,2017
10.1101/166496,Machine Learning for Large-Scale Quality Control of 3D Shape Models in Neuroimaging,bioRxiv,2017
10.1101/165837,Genome-wide strategies identify molecular niches regulated by connective tissue-associated transcription factors,bioRxiv,2017
10.1101/156489,Voltage-gating of mechanosensitive PIEZO channels,bioRxiv,2017
10.1101/149906,Simultaneous spike-time locking to multiple frequencies,bioRxiv,2017
10.1101/149443,Non-competitive resource exploitation within-mosquito shapes evolution of malaria virulence,bioRxiv,2017
10.1101/145581,Discovery of the first genome-wide significant risk loci for ADHD,bioRxiv,2017
10.1101/144410,Refining the accuracy of validated target identification through coding variant fine-mapping in type 2 diabetes,bioRxiv,2017
10.1101/141622,Mutations in disordered regions cause disease by creating endocytosis motifs,bioRxiv,2017
10.1101/140475,Cancer Genome Interpreter annotates the biological and clinical relevance of tumor alterations,bioRxiv,2017
10.1101/139170,Cooperation & Liaison between Universities & Editors (CLUE): Recommendations on Best Practice,bioRxiv,2017
10.1101/140053,Control of AMPA receptor activity by the extracellular loops of auxiliary proteins,bioRxiv,2017
10.1101/138230,Switch independent task representations in frontal and parietal cortex,bioRxiv,2017
10.1101/136903,A confidence-based reinforcement learning model for perceptual learning,bioRxiv,2017
10.1101/136499,Classification of gene signatures for their information value and functional redundancy,bioRxiv,2017
10.1101/134924,Targeting xCT-mediated glutamate release normalizes tumor angiogenesis in the brain,bioRxiv,2017
10.1101/129676,Salience network dynamics underlying successful resistance of temptation,bioRxiv,2017
10.1101/126524,Stereotypical modulations in dynamic functional connectivity explained by changes in BOLD variance,bioRxiv,2017
10.1101/124206,Evaluation of the 3D fractal dimension as a marker of structural brain complexity in multiple-acquisition MRI,bioRxiv,2017
10.1101/117812,"Identifiers for the 21st century: How to design, provision, and reuse persistent identifiers to maximize utility and impact of life science data",bioRxiv,2017
10.1101/114405,Genome-wide association study results for educational attainment aid in identifying genetic heterogeneity of schizophrenia,bioRxiv,2017
10.1101/111658,Free ISG15 as a dimer generates IL-1β-producing CD8α+ dendritic cells at the site of infection,bioRxiv,2017
10.1101/111161,Metabolic enzyme cost explains variable trade-offs between microbial growth rate and yield,bioRxiv,2017
10.1101/108977,“Opposite-of”-information improves similarity calculations in phenotype ontologies,bioRxiv,2017
10.1101/100776,Pebbles as Dry Ice Replacement for Snap Freezing of Rodents Brains,bioRxiv,2017
10.1101/100420,A lineage-related reciprocal inhibition circuitry for sensory-motor action selection,bioRxiv,2017
10.1101/098210,Refractoriness accounts for variable spike burst responses in somatosensory cortex,bioRxiv,2017
10.1101/095588,Transcranial stimulation enhances memory-relevant sleep oscillations and their functional coupling in mild cognitive impairment,bioRxiv,2016
10.1101/095778,How to improve parameter estimates in GLM-based fMRI data analysis: cross-validated Bayesian model averaging,bioRxiv,2016
10.1101/094755,Dissecting cancer resistance to therapies with cell-type-specific dynamic logic models,bioRxiv,2016
10.1101/089516,Resting State Networks in empirical and simulated dynamic functional connectivity,bioRxiv,2016
10.1101/089342,Polygenic transmission disequilibrium confirms that common and rare variation act additively to create risk for autism spectrum disorders,bioRxiv,2016
10.1101/089367,NaviCom: A web application to create interactive molecular network portraits using multi-level omics data,bioRxiv,2016
10.1101/085548,Bridging multiple scales in the human brain using computational modelling,bioRxiv,2016
10.1101/055756,The Monarch Initiative: An integrative data and analytic platform connecting phenotypes to genotypes across species,bioRxiv,2016
10.1101/073593,Genome-wide binding of posterior HOXA/D transcription factors reveals subgrouping and association with CTCF,bioRxiv,2016
10.1101/072892,CIViC: A knowledgebase for expert-crowdsourcing the clinical interpretation of variants in cancer,bioRxiv,2016
10.1101/071597,Consistency of EEG source localization and connectivity estimates,bioRxiv,2016
10.1101/066548,HLA-MA: Simple yet powerful matching of samples using HLA typing results,bioRxiv,2016
10.1101/069096,DeepWAS: Multivariate genotype-phenotype associations by directly integrating regulatory information using deep learning,bioRxiv,2016
10.1101/068593,Common schizophrenia alleles are enriched in mutation-intolerant genes and maintained by background selection,bioRxiv,2016
10.1101/068668,Excitability in the p53 network mediates robust signaling with tunable activation thresholds in single cells,bioRxiv,2016
10.1101/065672,Perturbation-response genes reveal signaling footprints in cancer gene expression,bioRxiv,2016
10.1101/059204,Navigating the phenotype frontier: The Monarch Initiative,bioRxiv,2016
10.1101/048991,Analysis of Shared Heritability in Common Disorders of the Brain,bioRxiv,2016
10.1101/048843,"k-BOOM: A Bayesian approach to ontology structure inference, with applications in disease ontology construction",bioRxiv,2016
10.1101/044412,"Genome-wide association study of 40,000 individuals identifies two novel loci associated with bipolar disorder",bioRxiv,2016
10.7287/peerj.preprints.1837,Healthy and disturbed sleep: from the laboratory to actigraphy,PeerJ Preprints,2016
10.7287/peerj.preprints.1837v1,Healthy and disturbed sleep: from the laboratory to actigraphy,PeerJ Preprints,2016
10.1101/034983,Refining the Y chromosome phylogeny with southern African sequences,bioRxiv,2015
10.1101/021717,Cooperative Binding Mitigates the High-Dose Hook Effect,bioRxiv,2015
10.7287/peerj.preprints.304v1,Dose dependent role of Emodin and BTB14431 in suspension colon cancer model in rats,PeerJ Preprints,2014
10.7287/peerj.preprints.304,Dose dependent role of Emodin and BTB14431 in suspension colon cancer model in rats,PeerJ Preprints,2014
10.1101/001198,Genomic architecture of human neuroanatomical diversity,bioRxiv,2013
10.1038/npre.2009.3492.1,Standard operating procedures (SOP) in experimental stroke research: SOP for middle cerebral artery occlusion in the mouse,Nature Precedings,2009
