article,best_identifier,repository,repository_re3data,repository_type,license_fuji,fuji_percent,fuji_percent_f,fuji_percent_a,fuji_percent_i,fuji_percent_r
10.1158/1078-0432.ccr-19-1954,https://github.com/tkarn/G5-RNA-Seq/blob/master/Signature_GeneList.xlsx,github,GitHub,general-purpose repository,no license,14.58,21.43,33.33,0,10
10.1128/mra.00797-20,https://trace.ncbi.nlm.nih.gov/Traces/sra/?run=SRR12181074,bioproject,BioProject,field-specific repository,no license,4.17,14.29,0,0,0
10.1128/mra.00797-20,https://www.ncbi.nlm.nih.gov/nuccore/JACCFF010000001.1?report=fasta,ncbi nucleotide,NCBI Nucleotide,field-specific repository,no license,4.17,14.29,0,0,0
10.1126/science.abb3405,http://doi.org/10.2210/pdb6Y2E/pdb,wwpdb,Worldwide Protein Data Bank,field-specific repository,no license,8.33,28.57,0,0,0
10.1038/s41598-019-56416-9,https://data.mendeley.com/datasets/sj5cms7fky/1,mendeley data,Mendeley Data,general-purpose repository,CC BY,62.5,85.71,66.67,75,40
10.1038/s41588-019-0564-y,https://www.ncbi.nlm.nih.gov/geo/query/acc.cgi?acc=GSE116694,geo,Gene Expression Omnibus,field-specific repository,no license,4.17,14.29,0,0,0
10.1038/s41588-019-0564-y,https://dcc.icgc.org/releases/PCAWG,dcc,dcc,field-specific repository,no license,4.17,14.29,0,0,0
10.1038/s41588-019-0564-y,https://www.synapse.org/#!Synapse:syn7596712,synapse,Synapse,field-specific repository,no license,4.17,14.29,0,0,0
10.1111/medu.14057,https://doi.org/10.17605/OSF.IO/UHJAD,osf,Open Science Framework,general-purpose repository,CC BY,41.67,71.43,33.33,25,30
10.1371/journal.pone.0229661,https://figshare.com/articles/dataset/Measuring_childhood_maltreatment_Psychometric_properties_of_the_Norwegian_version_of_the_Maltreatment_and_Abuse_Chronology_of_Exposure_MACE_scale/11910426,figshare,figshare,general-purpose repository,no license,45.83,85.71,66.67,25,20
10.1016/j.celrep.2020.108184,http://www.ncbi.nlm.nih.gov/geo/query/acc.cgi?acc=GSE149371,geo,Gene Expression Omnibus,field-specific repository,no license,4.17,14.29,0,0,0
10.1021/acs.analchem.0c01273,https://www.ebi.ac.uk/pride/archive/projects/PXD019926,proteomexchange,ProteomeXchange,field-specific repository,no license,4.17,14.29,0,0,0
10.1158/0008-5472.can-20-1998,https://trace.ncbi.nlm.nih.gov/Traces/sra/?run=SRR7829659,bioproject,BioProject,field-specific repository,no license,4.17,14.29,0,0,0
10.1158/0008-5472.can-20-1998,https://www.ebi.ac.uk/pride/archive/projects/PXD019123,proteomexchange,ProteomeXchange,field-specific repository,no license,4.17,14.29,0,0,0
10.1158/0008-5472.can-20-1998,http://www.peptideatlas.org/PASS/PASS01250,peptideatlas,PeptideAtlas,field-specific repository,no license,4.17,14.29,0,0,0
10.1038/s41467-019-13983-9,https://dcc.icgc.org/releases/PCAWG,dcc,dcc,field-specific repository,no license,4.17,14.29,0,0,0
10.1111/nan.12655,https://www.ncbi.nlm.nih.gov/geo/query/acc.cgi?acc=GSE127255,geo,Gene Expression Omnibus,field-specific repository,no license,4.17,14.29,0,0,0
10.1093/gigascience/giaa052,https://doi.org/10.17605/OSF.IO/M8E6Z,osf,Open Science Framework,general-purpose repository,no license,41.67,71.43,33.33,25,30
10.1093/gigascience/giaa052,http://dx.doi.org/10.5524/100743,gigadb,GigaDB,field-specific repository,Public Domain,62.5,100,66.67,50,40
10.1016/j.jclinepi.2020.09.022,https://doi.org/10.17605/OSF.IO/PTJBN,osf,Open Science Framework,general-purpose repository,CC BY,41.67,71.43,33.33,25,30
10.3389/fcimb.2020.00167,https://www.ebi.ac.uk/ena/browser/view/PRJEB35812,ena,European Nucleotide Archive,field-specific repository,no license,4.17,14.29,0,0,0
10.1152/jn.00164.2020,https://doi.org/10.17605/OSF.IO/ECMA4,osf,Open Science Framework,general-purpose repository,no license,41.67,71.43,33.33,25,30
10.1186/s13073-020-00771-0,https://doi.org/10.6084/m9.figshare.12845697.v1,figshare,figshare,general-purpose repository,CC BY,75,100,66.67,75,60
10.1186/s12917-020-02606-x,https://doi.org/10.6084/m9.figshare.12830405.v1,figshare,figshare,general-purpose repository,CC BY,75,100,66.67,75,60
10.1186/s12917-020-02606-x,https://www.ncbi.nlm.nih.gov/nuccore/MT711466.1,ncbi nucleotide,NCBI Nucleotide,field-specific repository,no license,4.17,14.29,0,0,0
10.1053/j.gastro.2020.03.017,https://www.ebi.ac.uk/ena/browser/view/PRJEB20400,ena,European Nucleotide Archive,field-specific repository,no license,4.17,14.29,0,0,0
10.1136/bmjopen-2019-032864,https://doi.org/10.5061/dryad.4tmpg4f5f,dryad,DRYAD,general-purpose repository,Public Domain,66.67,85.71,100,75,40
10.1093/ve/veaa033,https://www.ncbi.nlm.nih.gov/nuccore/MH844500,ncbi nucleotide,NCBI Nucleotide,field-specific repository,no license,4.17,14.29,0,0,0
10.1038/s42003-020-01167-x,https://www.ebi.ac.uk/arrayexpress/experiments/E-MTAB-8508/,array-express,ArrayExpress,field-specific repository,no license,4.17,14.29,0,0,0
10.1016/s0140-6736(20)30750-9,http://ghdx.healthdata.org/gbd-2019,ghdx,Global Health Data Exchange,field-specific repository,no license,8.33,14.29,0,25,0
10.1016/j.celrep.2020.01.070,https://www.ncbi.nlm.nih.gov/nuccore/MN900952?report=genbank,ncbi nucleotide,NCBI Nucleotide,field-specific repository,no license,4.17,14.29,0,0,0
10.1152/jn.00615.2019,https://doi.org/10.12751/g-node.6953bb,gin,GIN,field-specific repository,no license,50,85.71,33.33,25,40
10.1038/s41467-020-15614-0,http://dx.doi.org/10.2210/pdb6tga/pdb,wwpdb,Worldwide Protein Data Bank,field-specific repository,no license,8.33,28.57,0,0,0
10.4049/immunohorizons.2000006,https://www.ebi.ac.uk/pride/archive/projects/PXD016211,proteomexchange,ProteomeXchange,field-specific repository,no license,4.17,14.29,0,0,0
10.1038/s41598-020-58668-2,https://www.ncbi.nlm.nih.gov/geo/query/acc.cgi?acc=GSE107998,geo,Gene Expression Omnibus,field-specific repository,no license,4.17,14.29,0,0,0
10.1016/j.ajhg.2020.04.016,https://www.deciphergenomics.org/patient/412419/overview/general,decipher,decipher,field-specific repository,no license,4.17,14.29,0,0,0
10.7554/elife.52549,https://www.ncbi.nlm.nih.gov/geo/query/acc.cgi?acc=GSE143867,geo,Gene Expression Omnibus,field-specific repository,no license,4.17,14.29,0,0,0
10.1038/s41467-020-19452-y,https://trace.ncbi.nlm.nih.gov/Traces/sra/?run=SRR11467537,bioproject,BioProject,field-specific repository,no license,4.17,14.29,0,0,0
10.1038/s41467-019-13929-1,https://dcc.icgc.org/releases/PCAWG,dcc,dcc,field-specific repository,no license,4.17,14.29,0,0,0
10.1016/j.cell.2020.08.001,https://doi.org/10.17632/hwxhw2sxys.1,mendeley data,Mendeley Data,general-purpose repository,CC BY-NC,62.5,85.71,66.67,75,40
10.1016/j.cell.2020.08.001,https://ega-archive.org/datasets/EGAD00001006550/files,european genome-phenome archive,The European Genome-phenome Archive,field-specific repository,no license,4.17,14.29,0,0,0
10.1371/journal.pone.0237944,https://figshare.com/articles/dataset/Complete_data_set_of_questionnaires_/12836445,figshare,figshare,general-purpose repository,no license,50,85.71,66.67,25,30
10.1038/s41597-020-0495-6,https://physionet.org/content/ptb-xl/1.0.1/,physionet,PhysioNet,field-specific repository,CC BY,62.5,85.71,66.67,75,40
10.1186/s12866-020-01741-7,https://doi.org/10.6084/m9.figshare.12127476.v1,figshare,figshare,general-purpose repository,CC BY,75,100,66.67,75,60
10.1038/s41598-020-65744-0,https://trace.ncbi.nlm.nih.gov/Traces/sra/?run=SRR11467537,sra,BioProject,field-specific repository,no license,4.17,14.29,0,0,0
10.1038/s41556-020-0488-x,https://www.ebi.ac.uk/pride/archive/projects/PXD010084,proteomexchange,ProteomeXchange,field-specific repository,no license,4.17,14.29,0,0,0
10.1038/s41556-020-0488-x,https://www.ebi.ac.uk/ena/browser/view/LS482294,ena,European Nucleotide Archive,field-specific repository,no license,4.17,14.29,0,0,0
10.3324/haematol.2019.235291,https://www.ncbi.nlm.nih.gov/geo/query/acc.cgi?acc=GSE98946,geo,Gene Expression Omnibus,field-specific repository,no license,4.17,14.29,0,0,0
10.1038/s41467-020-19589-w,https://www.ebi.ac.uk/ena/browser/view/PRJEB37249,ena,European Nucleotide Archive,field-specific repository,no license,4.17,14.29,0,0,0
10.3389/fnbeh.2020.00088,https://osf.io/n85sh/,osf,Open Science Framework,general-purpose repository,CC BY,29.17,42.86,33.33,0,30
10.1038/s41467-019-13960-2,https://www.ncbi.nlm.nih.gov/geo/query/acc.cgi?acc=GSE128837,geo,Gene Expression Omnibus,field-specific repository,no license,4.17,14.29,0,0,0
10.1038/s41467-019-13960-2,https://www.ebi.ac.uk/pride/archive/projects/PXD013167,pride,PRoteomics IDEntifications Database,field-specific repository,no license,4.17,14.29,0,0,0
10.1038/s41586-020-2294-9,https://www.ncbi.nlm.nih.gov/nuccore/MT108784,ncbi nucleotide,NCBI Nucleotide,field-specific repository,no license,4.17,14.29,0,0,0
10.1038/s41586-020-2294-9,https://trace.ncbi.nlm.nih.gov/Traces/sra/?run=SRR11426414,bioproject,BioProject,field-specific repository,no license,4.17,14.29,0,0,0
10.1186/s13293-020-00313-8,https://osf.io/dv85n/,osf,Open Science Framework,general-purpose repository,no license,29.17,42.86,33.33,0,30
10.1186/s13293-020-00313-8,https://doi.org/10.6084/m9.figshare.12617808.v1,figshare,figshare,general-purpose repository,CC BY,54.17,85.71,33.33,50,40
10.1093/nar/gkaa1089,https://www.ncbi.nlm.nih.gov/geo/query/acc.cgi?acc=GSE147270,geo,Gene Expression Omnibus,field-specific repository,no license,4.17,14.29,0,0,0
10.1038/s41591-020-0801-z,https://trace.ncbi.nlm.nih.gov/Traces/sra/?run=SRR10484371,bioproject,BioProject,field-specific repository,no license,4.17,14.29,0,0,0
10.1128/msphere.00598-20,https://www.ncbi.nlm.nih.gov/nuccore/MT270825,ncbi nucleotide,NCBI Nucleotide,field-specific repository,no license,4.17,14.29,0,0,0
10.1128/msphere.00598-20,https://www.ebi.ac.uk/ena/browser/view/PRJNA657829,ena,European Nucleotide Archive,field-specific repository,no license,4.17,14.29,0,0,0
10.1111/ajt.16161,https://www.ncbi.nlm.nih.gov/geo/query/acc.cgi?acc=GSE124203,geo,Gene Expression Omnibus,field-specific repository,no license,4.17,14.29,0,0,0
10.1371/journal.pone.0226843,https://doi.org/10.17605/OSF.IO/XSBHW,osf,Open Science Framework,general-purpose repository,no license,41.67,71.43,33.33,25,30
10.1186/s40635-019-0284-8,https://www.zenodo.org/record/3378028,zenodo,Zenodo,general-purpose repository,CC BY,70.83,85.71,100,75,50
10.3390/cells9010186,https://www.ncbi.nlm.nih.gov/geo/query/acc.cgi?acc=GSE138532,geo,Gene Expression Omnibus,field-specific repository,no license,4.17,14.29,0,0,0
10.1038/s41598-019-57108-0,https://www.ncbi.nlm.nih.gov/geo/query/acc.cgi?acc=GSE94916,geo,Gene Expression Omnibus,field-specific repository,no license,4.17,14.29,0,0,0
10.1021/acs.biochem.0c00053,http://doi.org/10.2210/pdb6G1Y/pdb,wwpdb,Worldwide Protein Data Bank,field-specific repository,no license,8.33,28.57,0,0,0
10.1016/j.celrep.2020.01.044,https://www.ncbi.nlm.nih.gov/geo/query/acc.cgi?acc=GSE107937,geo,Gene Expression Omnibus,field-specific repository,no license,4.17,14.29,0,0,0
10.1093/jac/dkaa271,https://www.ebi.ac.uk/ena/browser/view/PRJEB28593,ena,European Nucleotide Archive,field-specific repository,no license,4.17,14.29,0,0,0
10.1126/science.aaz2582,https://www.ncbi.nlm.nih.gov/geo/query/acc.cgi?acc=gse120589,geo,Gene Expression Omnibus,field-specific repository,no license,4.17,14.29,0,0,0
10.1038/s41375-020-0839-4,https://www.ncbi.nlm.nih.gov/geo/query/acc.cgi?acc=gse146173,geo,Gene Expression Omnibus,field-specific repository,no license,4.17,14.29,0,0,0
10.1186/s12859-020-03741-w,https://codeocean.com/capsule/9813295/tree/v2,codeocean,Code Ocean,field-specific repository,no license,4.17,14.29,0,0,0
10.1371/journal.pone.0229260,https://figshare.com/articles/dataset/Virus-associated_anterior_uveitis_and_secondary_glaucoma_Diagnostics_clinical_characteristics_and_surgical_options/11893245,figshare,figshare,general-purpose repository,no license,45.83,85.71,66.67,25,20
10.1016/j.cell.2020.09.049,https://doi.org/10.24433/CO.1724316.v1,codeocean,Code Ocean,field-specific repository,other license,47.92,85.71,50,25,30
10.1016/j.cell.2020.09.049,http://doi.org/10.2210/pdb6XKQ/pdb,wwpdb,Worldwide Protein Data Bank,field-specific repository,no license,8.33,28.57,0,0,0
10.1016/j.cell.2020.09.049,https://www.ncbi.nlm.nih.gov/nuccore/MW002770,ncbi nucleotide,NCBI Nucleotide,field-specific repository,no license,4.17,14.29,0,0,0
10.1016/j.cell.2020.09.049,https://doi.org/10.17632/f6tb3csgjt.1,mendeley data,Mendeley Data,general-purpose repository,CC BY,62.5,85.71,66.67,75,40
10.1073/pnas.2006750117,https://www.ncbi.nlm.nih.gov/nuccore/MK598003,ncbi nucleotide,NCBI Nucleotide,field-specific repository,no license,4.17,14.29,0,0,0
10.1158/0008-5472.can-20-0754,https://trace.ncbi.nlm.nih.gov/Traces/sra/?run=SRR7829659,sra,BioProject,field-specific repository,no license,4.17,14.29,0,0,0
10.1158/0008-5472.can-20-0754,https://www.ebi.ac.uk/pride/archive/projects/PXD019123,pride,ProteomeXchange,field-specific repository,no license,4.17,14.29,0,0,0
10.1158/0008-5472.can-20-0754,http://www.peptideatlas.org/PASS/PASS01250,peptideatlas,PeptideAtlas,field-specific repository,no license,4.17,14.29,0,0,0
10.1371/journal.ppat.1008263,https://www.ebi.ac.uk/pdbe/entry/emdb/EMD-10045,emdb,The Electron Microscopy Data Bank,field-specific repository,no license,18.75,21.43,33.33,0,20
10.1371/journal.ppat.1008263,http://doi.org/10.2210/pdb6RWK/pdb,wwpdb,Worldwide Protein Data Bank,field-specific repository,no license,8.33,28.57,0,0,0
10.1111/febs.15608,https://github.com/scitedotai/research-wikipedia/tree/master/Data,github,GitHub,general-purpose repository,no license,14.58,21.43,33.33,0,10
10.1038/s41598-020-71899-7,http://www.peptideatlas.org/PASS/PASS01606,peptideatlas,PeptideAtlas,field-specific repository,no license,4.17,14.29,0,0,0
10.1098/rsos.190806,https://osf.io/3d5um/,osf,Open Science Framework,general-purpose repository,CC0,33.33,42.86,33.33,25,30
10.1098/rsos.190806,https://codeocean.com/capsule/6259283/tree/v4,codeocean,Code Ocean,field-specific repository,no license,4.17,14.29,0,0,0
10.1038/s41467-020-19449-7,https://doi.org/10.7910/DVN/LL3C1R,harvard dataverse,Harvard Dataverse,general-purpose repository,no license,66.67,100,66.67,75,40
10.1016/j.celrep.2020.108117,https://trace.ncbi.nlm.nih.gov/Traces/sra/?run=SRR10341086,sra,Sequence Read Archive,field-specific repository,no license,4.17,14.29,0,0,0
10.1371/journal.pone.0227955,https://zenodo.org/record/3603309,zenodo,Zenodo,general-purpose repository,no license,NA,NA,NA,NA,NA
10.1093/brain/awaa346,https://www.ncbi.nlm.nih.gov/nuccore/NC_000005.10?report=graph&mk=114404655|NC_000005.10\:g.114404655_114404658del|green,ncbi nucleotide,NCBI Nucleotide,field-specific repository,no license,4.17,14.29,0,0,0
10.1002/1878-0261.12835,https://www.ncbi.nlm.nih.gov/geo/query/acc.cgi?acc=GSE119423,geo,Gene Expression Omnibus,field-specific repository,no license,4.17,14.29,0,0,0
10.1186/s13072-020-00345-9,https://www.ncbi.nlm.nih.gov/geo/query/acc.cgi?acc=GSE136264,geo,Gene Expression Omnibus,field-specific repository,no license,4.17,14.29,0,0,0
10.1186/s13072-020-00345-9,https://www.ebi.ac.uk/ena/browser/view/prjeb27665?show=reads,ena,European Nucleotide Archive,field-specific repository,no license,4.17,14.29,0,0,0
10.1016/j.celrep.2020.108533,https://www.ncbi.nlm.nih.gov/geo/query/acc.cgi?acc=GSE160524,geo,Gene Expression Omnibus,field-specific repository,no license,4.17,14.29,0,0,0
10.1016/j.celrep.2020.108533,https://www.ebi.ac.uk/pride/archive/projects/PXD020612,pride,PRoteomics IDEntifications Database,field-specific repository,no license,4.17,14.29,0,0,0
10.1523/eneuro.0537-19.2020,https://osf.io/3x95n/,osf,Open Science Framework,general-purpose repository,no license,29.17,42.86,33.33,0,30
10.1371/journal.pone.0243711,https://figshare.com/articles/dataset/S1_File_-/13362405,figshare,figshare,general-purpose repository,no license,50,85.71,66.67,25,30
10.1371/journal.pone.0226893,https://trace.ncbi.nlm.nih.gov/Traces/sra/?run=SRR6847218,osf,Open Science Framework,general-purpose repository,no license,4.17,14.29,0,0,0
10.1038/s41467-020-14782-3,https://www.ncbi.nlm.nih.gov/bioproject/?term=prjna437582,sra,Sequence Read Archive,field-specific repository,no license,4.17,14.29,0,0,0
10.1158/2159-8290.cd-20-1202,https://www.ncbi.nlm.nih.gov/geo/query/acc.cgi?acc=gse134092,geo,Gene Expression Omnibus,field-specific repository,no license,4.17,14.29,0,0,0
10.1371/journal.pgen.1008651,https://trace.ncbi.nlm.nih.gov/Traces/sra/?run=SRR8454256,sra,Sequence Read Archive,field-specific repository,no license,4.17,14.29,0,0,0
10.1016/j.celrep.2020.108157,https://www.ebi.ac.uk/emdb/EMD-0270,emdb,The Electron Microscopy Data Bank,field-specific repository,no license,18.75,21.43,33.33,0,20
10.1016/j.celrep.2020.108157,http://doi.org/10.2210/pdb6HTQ/pdb,wwpdb,Worldwide Protein Data Bank,field-specific repository,no license,8.33,28.57,0,0,0
10.1038/s41596-020-0333-5,https://www.ncbi.nlm.nih.gov/geo/query/acc.cgi?acc=GSE142696,geo,Gene Expression Omnibus,field-specific repository,no license,4.17,14.29,0,0,0
10.1021/acs.jcim.0c00815,https://github.com/choderalab/selectivity/tree/master/fep/fep_maps,github,GitHub,general-purpose repository,no license,14.58,21.43,33.33,0,10
10.1053/j.gastro.2020.07.005,https://trace.ncbi.nlm.nih.gov/Traces/sra/?run=SRR13762768,sra,Sequence Read Archive,field-specific repository,no license,4.17,14.29,0,0,0
10.1084/jem.20200275,https://trace.ncbi.nlm.nih.gov/Traces/sra/?run=SRR11462381,sra,Sequence Read Archive,field-specific repository,no license,4.17,14.29,0,0,0
10.1111/jgh.15071,https://trace.ncbi.nlm.nih.gov/Traces/sra/?run=SRR13762768,sra,Sequence Read Archive,field-specific repository,no license,4.17,14.29,0,0,0
10.1186/s12916-019-1478-3,https://doi.org/10.6084/m9.figshare.11665131.v1,figshare,figshare,general-purpose repository,CC BY,75,100,66.67,75,60
10.1371/journal.pmed.1003074,https://figshare.com/articles/dataset/Association_of_suicidal_behavior_with_exposure_to_suicide_and_suicide_attempt_A_systematic_review_and_multilevel_meta-analysis/12054234?file=22151703,figshare,figshare,general-purpose repository,no license,50,85.71,66.67,25,30
10.1371/journal.pone.0226443,https://figshare.com/articles/dataset/Attitudes_towards_animal_study_registries_and_their_characteristics_An_online_survey_of_three_cohorts_of_animal_researchers/11528676?file=20702688,figshare,figshare,general-purpose repository,no license,50,85.71,66.67,25,30
10.1371/journal.pone.0228538,https://figshare.com/articles/dataset/_Wonderful_We_ve_just_missed_the_bus__Parental_use_of_irony_and_children_s_irony_comprehension/11884272,figshare,figshare,general-purpose repository,no license,50,85.71,66.67,25,30
10.1371/journal.pone.0228736,https://figshare.com/articles/dataset/Prognostic_value_of_the_myocardial_salvage_index_measured_by_T2-weighted_and_T1-weighted_late_gadolinium_enhancement_magnetic_resonance_imaging_after_ST-segment_elevation_myocardial_infarction_A_systematic_review_and_meta-regression_analysi/11851431?file=21722040,figshare,figshare,general-purpose repository,no license,45.83,85.71,66.67,25,20
10.1371/journal.pone.0241480,https://figshare.com/articles/dataset/S1_Dataset_-/13177655,figshare,figshare,general-purpose repository,no license,50,85.71,66.67,25,30
10.1525/collabra.267,https://osf.io/48fhe,osf,Open Science Framework,general-purpose repository,no license,4.17,14.29,0,0,0
10.3389/fneur.2020.00381,https://github.com/ahmedaak/BD_scan-shortening,github,GitHub,general-purpose repository,no license,14.58,21.43,33.33,0,10
10.7554/elife.51156,https://doi.org/10.5061/dryad.gt160v2,dryad,DRYAD,general-purpose repository,Public Domain,70.83,100,100,75,40
10.1172/jci138760,https://www.ncbi.nlm.nih.gov/geo/query/acc.cgi?acc=GSE151285,geo,Gene Expression Omnibus,field-specific repository,no license,4.17,14.29,0,0,0
10.1186/s12885-020-07062-2,https://doi.org/10.6084/m9.figshare.12607277.v1,figshare,figshare,general-purpose repository,CC BY,75,100,66.67,75,60
10.1038/s41467-020-17359-2,https://dcc.icgc.org/releases/PCAWG/consensus_snv_indel,dcc,dcc,field-specific repository,no license,4.17,14.29,0,0,0
10.1038/s41597-020-00597-w,https://doi.org/10.6084/m9.figshare.c.4869732,figshare,figshare,general-purpose repository,CC BY,58.33,85.71,33.33,50,50
10.1038/s41598-019-56994-8,https://www.ncbi.nlm.nih.gov/geo/query/acc.cgi?acc=GSE124719,geo,Gene Expression Omnibus,field-specific repository,no license,4.17,14.29,0,0,0
10.1001/jamanetworkopen.2020.32335,https://doi.org/10.17605/OSF.IO/W6DF5,osf,Open Science Framework,general-purpose repository,no license,41.67,71.43,33.33,25,30
10.1002/eji.201948474,https://trace.ncbi.nlm.nih.gov/Traces/sra/?run=SRR11104128,sra,Sequence Read Archive,field-specific repository,no license,4.17,14.29,0,0,0
10.1002/eji.202048797,https://www.ncbi.nlm.nih.gov/geo/query/acc.cgi?acc=GSE160097,geo,Gene Expression Omnibus,field-specific repository,no license,4.17,14.29,0,0,0
10.1002/ijc.33456,https://www.ebi.ac.uk/arrayexpress/experiments/E-MTAB-7680/,array-express,ArrayExpress,field-specific repository,no license,4.17,14.29,0,0,0
10.1002/mrm.28307,https://github.com/pramosdelgado/B1correction-toolkit,github,GitHub,general-purpose repository,no license,14.58,21.43,33.33,0,10
10.1007/s00401-020-02250-7,https://www.ncbi.nlm.nih.gov/geo/query/acc.cgi?acc=GSE70678,geo,Gene Expression Omnibus,field-specific repository,no license,4.17,14.29,0,0,0
10.1007/s11948-020-00234-0,https://osf.io/cq3s9/,osf,Open Science Framework,general-purpose repository,no license,29.17,42.86,33.33,0,30
10.1016/j.cell.2020.07.038,https://www.ncbi.nlm.nih.gov/geo/query/acc.cgi?acc=GSE129978,geo,Gene Expression Omnibus,field-specific repository,no license,4.17,14.29,0,0,0
10.1016/j.cell.2020.10.036,https://cptac-data-portal.georgetown.edu/study-summary/S060,cptac data portal,Clinical Proteomic Tumor Analysis Consortium Data Portal,field-specific repository,no license,4.17,14.29,0,0,0
10.1016/j.celrep.2020.03.078,https://doi.org/10.25534/tudatalib-158,tu datalib,TUdatalib,general-purpose repository,CC BY,54.17,85.71,33.33,50,40
10.1016/j.celrep.2020.03.078,https://www.ncbi.nlm.nih.gov/geo/query/acc.cgi?acc=GSE147259,geo,Gene Expression Omnibus,field-specific repository,no license,4.17,14.29,0,0,0
10.1016/j.celrep.2020.107652,https://www.ncbi.nlm.nih.gov/geo/query/acc.cgi?acc=GSE134131,geo,Gene Expression Omnibus,field-specific repository,no license,4.17,14.29,0,0,0
10.1016/j.celrep.2020.107652,https://www.ebi.ac.uk/pride/archive/projects/PXD010370,pride,PRoteomics IDEntifications Database,field-specific repository,no license,4.17,14.29,0,0,0
10.1016/j.celrep.2020.107982,https://www.ncbi.nlm.nih.gov/geo/query/acc.cgi?acc=GSE107206,geo,Gene Expression Omnibus,field-specific repository,no license,4.17,14.29,0,0,0
10.1016/j.celrep.2020.108470,https://doi.org/10.6084/m9.figshare.13154321.v1,figshare,figshare,general-purpose repository,CC BY,70.83,100,66.67,75,50
10.1016/j.cels.2020.05.012,https://www.ebi.ac.uk/pride/archive/projects/PXD018874,pride,PRoteomics IDEntifications Database,field-specific repository,no license,4.17,14.29,0,0,0
10.1016/j.cels.2020.10.001,https://www.ncbi.nlm.nih.gov/geo/query/acc.cgi?acc=GSE134869,geo,Gene Expression Omnibus,field-specific repository,no license,4.17,14.29,0,0,0
10.1016/j.ebiom.2020.102970,https://www.ncbi.nlm.nih.gov/geo/query/acc.cgi?acc=GSE148720,geo,Gene Expression Omnibus,field-specific repository,no license,4.17,14.29,0,0,0
10.1016/j.ebiom.2020.103009,https://trace.ncbi.nlm.nih.gov/Traces/sra/?run=SRR12567985,sra,Sequence Read Archive,field-specific repository,no license,4.17,14.29,0,0,0
10.1016/j.isci.2020.101539,https://doi.org/10.17632/25cnynmzx6.1,mendeley data,Mendeley Data,general-purpose repository,CC BY,62.5,85.71,66.67,75,40
10.1016/j.isci.2020.101539,https://www.ncbi.nlm.nih.gov/geo/query/acc.cgi?acc=GSE143930,geo,Gene Expression Omnibus,field-specific repository,no license,4.17,14.29,0,0,0
10.1016/j.jaci.2020.04.059,https://trace.ncbi.nlm.nih.gov/Traces/sra/?run=SRR5010537,sra,Sequence Read Archive,field-specific repository,no license,4.17,14.29,0,0,0
10.1016/j.stem.2020.07.018,https://www.ncbi.nlm.nih.gov/geo/query/acc.cgi?acc=GSE144273,geo,Gene Expression Omnibus,field-specific repository,no license,4.17,14.29,0,0,0
10.1021/acs.analchem.0c00136,https://figshare.com/articles/dataset/Concepts_and_Software_Package_for_Efficient_Quality_Control_in_Targeted_Metabolomics_Studies_MeTaQuaC/12668465?backTo=/collections/Concepts_and_Software_Package_for_Efficient_Quality_Control_in_Targeted_Metabolomics_Studies_MeTaQuaC/5066000,figshare,figshare,general-purpose repository,no license,45.83,85.71,66.67,25,20
10.1021/acs.jcim.0c00839,https://github.com/volkamerlab/KinFragLib/tree/master/data,github,GitHub,general-purpose repository,no license,14.58,21.43,33.33,0,10
10.1021/acs.jproteome.9b00714,https://www.ebi.ac.uk/pride/archive/projects/PXD014913,pride,PRoteomics IDEntifications Database,field-specific repository,no license,4.17,14.29,0,0,0
10.1038/s41388-020-1198-3,https://www.ncbi.nlm.nih.gov/geo/query/acc.cgi?acc=GSE121362,geo,Gene Expression Omnibus,field-specific repository,no license,4.17,14.29,0,0,0
10.1038/s41389-020-0201-8,https://www.ebi.ac.uk/pride/archive/projects/PXD012523,pride,PRoteomics IDEntifications Database,field-specific repository,no license,4.17,14.29,0,0,0
10.1038/s41416-020-0751-8,https://www.ncbi.nlm.nih.gov/geo/query/acc.cgi?acc=GSE122399,geo,Gene Expression Omnibus,field-specific repository,no license,4.17,14.29,0,0,0
10.1038/s41437-020-0331-y,https://www.ncbi.nlm.nih.gov/nuccore/MT136926,ncbi nucleotide,NCBI Nucleotide,field-specific repository,no license,4.17,14.29,0,0,0
10.1038/s41467-019-13824-9,https://dcc.icgc.org/releases/PCAWG/consensus_snv_indel,dcc,dcc,field-specific repository,no license,4.17,14.29,0,0,0
10.1038/s41467-019-13984-8,https://doi.org/10.6084/m9.figshare.11117669,figshare,figshare,general-purpose repository,CC BY,75,100,66.67,75,60
10.1038/s41467-019-13984-8,https://www.ebi.ac.uk/pride/archive/projects/PXD016341,pride,PRoteomics IDEntifications Database,field-specific repository,no license,4.17,14.29,0,0,0
10.1038/s41467-020-14351-8,https://www.synapse.org/#!Synapse:syn7596712,synapse,Synapse,field-specific repository,no license,4.17,14.29,0,0,0
10.1038/s41467-020-14351-8,https://ega-archive.org/datasets/EGAD00001001343/files,european genome-phenome archive,The European Genome-phenome Archive,field-specific repository,no license,4.17,14.29,0,0,0
10.1038/s41467-020-14367-0,https://dcc.icgc.org/releases/PCAWG/networks,dcc,dcc,field-specific repository,no license,4.17,14.29,0,0,0
10.1038/s41467-020-14466-y,https://www.ebi.ac.uk/arrayexpress/experiments/E-MTAB-3013/,array-express,ArrayExpress,field-specific repository,no license,4.17,14.29,0,0,0
10.1038/s41467-020-14700-7,https://www.ncbi.nlm.nih.gov/geo/query/acc.cgi?acc=GSE89461,geo,Gene Expression Omnibus,field-specific repository,no license,4.17,14.29,0,0,0
10.1038/s41467-020-14777-0,https://www.ncbi.nlm.nih.gov/geo/query/acc.cgi?acc=GSE124425,geo,Gene Expression Omnibus,field-specific repository,no license,4.17,14.29,0,0,0
10.1038/s41467-020-15743-6,https://www.ebi.ac.uk/pride/archive/projects/PXD011129,pride,PRoteomics IDEntifications Database,field-specific repository,no license,4.17,14.29,0,0,0
10.1038/s41467-020-16009-x,https://www.ncbi.nlm.nih.gov/geo/query/acc.cgi?acc=GSE77534,geo,Gene Expression Omnibus,field-specific repository,no license,4.17,14.29,0,0,0
10.1038/s41467-020-16244-2,https://www.ncbi.nlm.nih.gov/geo/query/acc.cgi?acc=GSE120576,geo,Gene Expression Omnibus,field-specific repository,no license,4.17,14.29,0,0,0
10.1038/s41467-020-16464-6,https://www.ncbi.nlm.nih.gov/geo/query/acc.cgi?acc=GSE140133,geo,Gene Expression Omnibus,field-specific repository,no license,4.17,14.29,0,0,0
10.1038/s41467-020-16929-8,https://www.ebi.ac.uk/pride/archive/projects/PXD017341,pride,PRoteomics IDEntifications Database,field-specific repository,no license,4.17,14.29,0,0,0
10.1038/s41467-020-17060-4,https://www.ncbi.nlm.nih.gov/nuccore/MN175570,ncbi nucleotide,NCBI Nucleotide,field-specific repository,no license,4.17,14.29,0,0,0
10.1038/s41467-020-17467-z,https://www.ncbi.nlm.nih.gov/geo/query/acc.cgi?acc=GSE134753,geo,Gene Expression Omnibus,field-specific repository,no license,4.17,14.29,0,0,0
10.1038/s41467-020-18084-6,https://doi.org/10.6084/m9.figshare.12678938,figshare,figshare,general-purpose repository,CC BY,70.83,100,66.67,50,60
10.1038/s41467-020-18542-1,https://www.ebi.ac.uk/pride/archive/projects/PXD016334,pride,PRoteomics IDEntifications Database,field-specific repository,no license,4.17,14.29,0,0,0
10.1038/s41467-020-18826-6,https://doi.org/10.6084/m9.figshare.12770366,figshare,figshare,general-purpose repository,CC BY,66.67,100,66.67,50,50
10.1038/s41467-020-19002-6,https://www.ncbi.nlm.nih.gov/geo/query/acc.cgi?acc=GSE115103,geo,Gene Expression Omnibus,field-specific repository,no license,4.17,14.29,0,0,0
10.1038/s41467-020-19321-8,http://dx.doi.org/10.2210/pdb6yga/pdb,wwpdb,Worldwide Protein Data Bank,field-specific repository,no license,8.33,28.57,0,0,0
10.1038/s41467-020-20222-z,https://www.ncbi.nlm.nih.gov/geo/query/acc.cgi?acc=GSE148394,geo,Gene Expression Omnibus,field-specific repository,no license,4.17,14.29,0,0,0
10.1038/s41467-020-20222-z,https://www.ebi.ac.uk/arrayexpress/experiments/E-MTAB-8152/,array-express,ArrayExpress,field-specific repository,no license,4.17,14.29,0,0,0
10.1038/s41541-020-0177-6,https://www.ncbi.nlm.nih.gov/geo/query/acc.cgi?acc=GSE144542,geo,Gene Expression Omnibus,field-specific repository,no license,4.17,14.29,0,0,0
10.1038/s41556-020-0529-5,https://www.ncbi.nlm.nih.gov/geo/query/acc.cgi?acc=GSE144397,geo,Gene Expression Omnibus,field-specific repository,no license,4.17,14.29,0,0,0
10.1038/s41556-020-0529-5,https://trace.ncbi.nlm.nih.gov/Traces/sra/?run=SRR6870406,sra,Sequence Read Archive,field-specific repository,no license,4.17,14.29,0,0,0
10.1038/s41586-020-2269-x,https://www.ebi.ac.uk/ena/browser/view/PRJEB37249?show=reads,ena,European Nucleotide Archive,field-specific repository,no license,4.17,14.29,0,0,0
10.1038/s41586-020-2269-x,http://raeslab.org/software/BMIS/,raeslab,raeslab,field-specific repository,no license,4.17,14.29,0,0,0
10.1038/s41586-020-2314-9,https://doi.org/10.18112/openneuro.ds001734.v1.0.4,openneuro,OpenNeuro,field-specific repository,no license,41.67,71.43,33.33,25,30
10.1038/s41586-020-2314-9,https://github.com/poldrack/narps/tree/master/ImageAnalyses,github,GitHub,general-purpose repository,no license,14.58,21.43,33.33,0,10
10.1038/s41586-020-2314-9,https://openneuro.org/datasets/ds001734/versions/1.0.4,openneuro,OpenNeuro,field-specific repository,no license,4.17,14.29,0,0,0
10.1038/s41586-020-2598-9,http://flowrepository.org/id/FR-FCM-Z2K3,flowrepository,FlowRepository,field-specific repository,no license,4.17,14.29,0,0,0
10.1038/s41586-020-2797-4,https://www.ebi.ac.uk/ena/browser/view/PRJEB39602?show=reads,ena,European Nucleotide Archive,field-specific repository,no license,4.17,14.29,0,0,0
10.1038/s41586-020-2882-8,https://www.ncbi.nlm.nih.gov/geo/query/acc.cgi?acc=GSE125521,geo,Gene Expression Omnibus,field-specific repository,no license,4.17,14.29,0,0,0
10.1038/s41586-020-2968-3,https://www.ncbi.nlm.nih.gov/geo/query/acc.cgi?acc=GSE123417,geo,Gene Expression Omnibus,field-specific repository,no license,4.17,14.29,0,0,0
10.1038/s41586-020-2968-3,https://www.ebi.ac.uk/pride/archive/projects/PXD006921,pride,PRoteomics IDEntifications Database,field-specific repository,no license,4.17,14.29,0,0,0
10.1038/s41586-020-3018-x,https://www.ncbi.nlm.nih.gov/geo/query/acc.cgi?acc=GSE158731,geo,Gene Expression Omnibus,field-specific repository,no license,4.17,14.29,0,0,0
10.1038/s41587-020-0469-4,https://www.ncbi.nlm.nih.gov/geo/query/acc.cgi?acc=GSM3911434,geo,Gene Expression Omnibus,field-specific repository,no license,4.17,14.29,0,0,0
10.1038/s41588-019-0562-0,https://www.synapse.org/#!Synapse:syn21052009,synapse,Synapse,field-specific repository,no license,4.17,14.29,0,0,0
10.1038/s41588-019-0576-7,https://dcc.icgc.org/releases/PCAWG,dcc,dcc,field-specific repository,no license,4.17,14.29,0,0,0
10.1038/s41590-020-0707-4,https://www.ncbi.nlm.nih.gov/geo/query/acc.cgi?acc=GSE148405,geo,Gene Expression Omnibus,field-specific repository,no license,4.17,14.29,0,0,0
10.1038/s41592-020-0884-y,https://submission.gpcrmd.org/home/,gpcrmd,gpcrmd,field-specific repository,no license,4.17,14.29,0,0,0
10.1038/s41592-020-0965-y,https://www.ncbi.nlm.nih.gov/geo/query/acc.cgi?acc=GSE142696,geo,Gene Expression Omnibus,field-specific repository,no license,4.17,14.29,0,0,0
10.1038/s41596-019-0251-6,https://www.ncbi.nlm.nih.gov/geo/query/acc.cgi?acc=GSE109381,geo,Gene Expression Omnibus,field-specific repository,no license,4.17,14.29,0,0,0
10.1038/s41596-020-0369-6,https://www.ncbi.nlm.nih.gov/geo/query/acc.cgi?acc=GSE88826,geo,Gene Expression Omnibus,field-specific repository,no license,4.17,14.29,0,0,0
10.1038/s41597-020-0487-6,https://www.ebi.ac.uk/pride/archive/projects/PXD016782,pride,PRoteomics IDEntifications Database,field-specific repository,no license,4.17,14.29,0,0,0
10.1038/s41597-020-0487-6,https://doi.org/10.17632/nr7cs764rc.1,mendeley data,Mendeley Data,general-purpose repository,CC BY,62.5,85.71,66.67,75,40
10.1038/s41598-019-57076-5,https://www.ebi.ac.uk/arrayexpress/experiments/E-MTAB-6713/,array-express,ArrayExpress,field-specific repository,no license,4.17,14.29,0,0,0
10.1038/s41598-020-60755-3,https://doi.org/10.6084/m9.figshare.9585410,figshare,figshare,general-purpose repository,CC BY,70.83,100,66.67,50,60
10.1038/s41598-020-64159-1,https://www.ncbi.nlm.nih.gov/nuccore/MG963186,ncbi nucleotide,NCBI Nucleotide,field-specific repository,no license,4.17,14.29,0,0,0
10.1038/s41598-020-64431-4,https://www.ncbi.nlm.nih.gov/geo/query/acc.cgi?acc=GSE55235,geo,Gene Expression Omnibus,field-specific repository,no license,4.17,14.29,0,0,0
10.1038/s41598-020-67843-4,https://trace.ncbi.nlm.nih.gov/Traces/sra/?run=ERR3132486,sra,Sequence Read Archive,field-specific repository,no license,4.17,14.29,0,0,0
10.1038/s41598-020-67872-z,https://www.ncbi.nlm.nih.gov/geo/query/acc.cgi?acc=GSE111230,geo,Gene Expression Omnibus,field-specific repository,no license,4.17,14.29,0,0,0
10.1038/s41598-020-78722-3,https://doi.org/10.6084/m9.figshare.12901682,figshare,figshare,general-purpose repository,CC BY,70.83,100,66.67,50,60
10.1073/pnas.1920393117,https://www.ncbi.nlm.nih.gov/geo/query/acc.cgi?acc=GSE101409,geo,Gene Expression Omnibus,field-specific repository,no license,4.17,14.29,0,0,0
10.1073/pnas.2002481117,https://www.ncbi.nlm.nih.gov/geo/query/acc.cgi?acc=GSE150753,geo,Gene Expression Omnibus,field-specific repository,no license,4.17,14.29,0,0,0
10.1073/pnas.2004563117,https://www.ebi.ac.uk/emdb/entry/EMD-11678,emdb,The Electron Microscopy Data Bank,field-specific repository,no license,NA,NA,NA,NA,NA
10.1073/pnas.2008883117,https://www.ncbi.nlm.nih.gov/geo/query/acc.cgi?acc=GSE123593,geo,Gene Expression Omnibus,field-specific repository,no license,4.17,14.29,0,0,0
10.1073/pnas.2013542117,https://www.ncbi.nlm.nih.gov/geo/query/acc.cgi?acc=GSE158312,geo,Gene Expression Omnibus,field-specific repository,no license,4.17,14.29,0,0,0
10.1074/jbc.ra120.014890,https://massive.ucsd.edu/ProteoSAFe/dataset_files.jsp?task=e50e8f39be94497db47a71a45a3becaf#%7B%22table_sort_history%22%3A%22main.collection_asc%22%7D,massive,Mass Spectrometry Interactive Virtual Environment,field-specific repository,no license,4.17,14.29,0,0,0
10.1083/jcb.201902059,http://doi.org/10.2210/pdb6Q9M/pdb,wwpdb,Worldwide Protein Data Bank,field-specific repository,no license,8.33,28.57,0,0,0
10.1084/jem.20190133,https://www.ncbi.nlm.nih.gov/geo/query/acc.cgi?acc=GSE143522,geo,Gene Expression Omnibus,field-specific repository,no license,4.17,14.29,0,0,0
10.1084/jem.20191933,https://www.ncbi.nlm.nih.gov/geo/query/acc.cgi?acc=GSE129262,geo,Gene Expression Omnibus,field-specific repository,no license,4.17,14.29,0,0,0
10.1084/jem.20200137,https://www.ncbi.nlm.nih.gov/geo/query/acc.cgi?acc=GSE141876,geo,Gene Expression Omnibus,field-specific repository,no license,4.17,14.29,0,0,0
10.1093/braincomms/fcaa021,https://doi.org/10.17632/nrj467zmj2.1,mendeley data,Mendeley Data,general-purpose repository,CC BY,62.5,85.71,66.67,75,40
10.1093/nar/gkaa1198,https://www.addgene.org/137191/,addgene,Addgene,field-specific repository,no license,4.17,14.29,0,0,0
10.1093/nar/gkaa1198,https://github.com/juzb/CASANOVA-C3/tree/master/output/CN-C3,github,GitHub,general-purpose repository,no license,14.58,21.43,33.33,0,10
10.1093/nar/gkaa681,https://www.ebi.ac.uk/pride/archive/projects/PXD011887,pride,PRoteomics IDEntifications Database,field-specific repository,no license,4.17,14.29,0,0,0
10.1093/nar/gkz1238,https://www.ncbi.nlm.nih.gov/geo/query/acc.cgi?acc=GSE131255,geo,Gene Expression Omnibus,field-specific repository,no license,4.17,14.29,0,0,0
10.1093/nargab/lqaa036,https://www.ncbi.nlm.nih.gov/geo/query/acc.cgi?acc=GSE145530,geo,Gene Expression Omnibus,field-specific repository,no license,4.17,14.29,0,0,0
10.1098/rspb.2019.2228,https://doi.org/10.6084/m9.figshare.c.4795809,figshare,figshare,general-purpose repository,CC BY,58.33,85.71,33.33,50,50
10.1111/all.14322,https://www.ebi.ac.uk/ena/browser/view/PRJEB37836?show=reads,ena,European Nucleotide Archive,field-specific repository,no license,4.17,14.29,0,0,0
10.1111/jne.12923,http://doi.org/10.17605/OSF.IO/UXNC5,osf,Open Science Framework,general-purpose repository,no license,41.67,71.43,33.33,25,30
10.1126/sciadv.aay1109,https://www.ebi.ac.uk/pride/archive/projects/PXD013259,pride,PRoteomics IDEntifications Database,field-specific repository,no license,4.17,14.29,0,0,0
10.1126/sciadv.abb4565,https://www.ebi.ac.uk/ena/browser/view/PRJEB34111?show=reads,ena,European Nucleotide Archive,field-specific repository,no license,4.17,14.29,0,0,0
10.1126/science.aax5863,https://www.ncbi.nlm.nih.gov/geo/query/acc.cgi?acc=GSE129636,geo,Gene Expression Omnibus,field-specific repository,no license,4.17,14.29,0,0,0
10.1126/science.aaz5875,https://www.ncbi.nlm.nih.gov/geo/query/acc.cgi?acc=GSE137515,geo,Gene Expression Omnibus,field-specific repository,no license,4.17,14.29,0,0,0
10.1126/science.aba4937,https://www.ncbi.nlm.nih.gov/geo/query/acc.cgi?acc=GSE141175,geo,Gene Expression Omnibus,field-specific repository,no license,4.17,14.29,0,0,0
10.1126/science.aba9411,https://www.ebi.ac.uk/ena/browser/view/prjeb36265,ena,European Nucleotide Archive,field-specific repository,no license,4.17,14.29,0,0,0
10.1126/science.abd1673,https://www.ebi.ac.uk/emdb/EMD-11087,emdb,The Electron Microscopy Data Bank,field-specific repository,no license,18.75,21.43,33.33,0,20
10.1126/science.abd1673,http://doi.org/10.2210/pdb6Z9P/pdb,wwpdb,Worldwide Protein Data Bank,field-specific repository,no license,8.33,28.57,0,0,0
10.1128/mbio.01911-20,https://www.ncbi.nlm.nih.gov/geo/query/acc.cgi?acc=GSE100656,geo,Gene Expression Omnibus,field-specific repository,no license,4.17,14.29,0,0,0
10.1136/bmjopen-2019-034666,https://doi.org/10.17605/OSF.IO/8XZ29,osf,Open Science Framework,general-purpose repository,no license,41.67,71.43,33.33,25,30
10.1136/gutjnl-2018-317856,https://www.ncbi.nlm.nih.gov/geo/query/acc.cgi?acc=GSE119423,geo,Gene Expression Omnibus,field-specific repository,no license,4.17,14.29,0,0,0
10.1136/gutjnl-2018-317856,https://www.ebi.ac.uk/ena/data/view/PRJEB34637,ena,European Nucleotide Archive,field-specific repository,no license,4.17,14.29,0,0,0
10.1136/gutjnl-2020-321016,https://www.ncbi.nlm.nih.gov/geo/query/acc.cgi?acc=GSE73338,geo,Gene Expression Omnibus,field-specific repository,no license,4.17,14.29,0,0,0
10.1158/0008-5472.can-19-1493,https://www.ncbi.nlm.nih.gov/geo/query/acc.cgi?acc=GSE126033,geo,Gene Expression Omnibus,field-specific repository,no license,4.17,14.29,0,0,0
10.1158/1055-9965.epi-20-0739,https://www.ncbi.nlm.nih.gov/geo/query/acc.cgi?acc=GSE155328,geo,Gene Expression Omnibus,field-specific repository,no license,4.17,14.29,0,0,0
10.1158/2159-8290.cd-19-1030,https://www.ebi.ac.uk/arrayexpress/experiments/E-MTAB-7802/,array-express,ArrayExpress,field-specific repository,no license,4.17,14.29,0,0,0
10.1158/2159-8290.cd-19-1030,https://ega-archive.org/datasets/EGAD00001005247/files,european genome-phenome archive,The European Genome-phenome Archive,field-specific repository,no license,4.17,14.29,0,0,0
10.1161/circulationaha.119.042863,https://www.ncbi.nlm.nih.gov/geo/query/acc.cgi?acc=GSE149070,geo,Gene Expression Omnibus,field-specific repository,no license,4.17,14.29,0,0,0
10.1161/circulationaha.119.044794,https://www.ncbi.nlm.nih.gov/geo/query/acc.cgi?acc=GSE145350,geo,Gene Expression Omnibus,field-specific repository,no license,4.17,14.29,0,0,0
10.1161/circulationaha.119.044794,https://www.ebi.ac.uk/pride/archive/projects/PXD017530,pride,PRoteomics IDEntifications Database,field-specific repository,no license,4.17,14.29,0,0,0
10.1164/rccm.201910-2063oc,https://www.ncbi.nlm.nih.gov/geo/query/acc.cgi?acc=GSE137421,geo,Gene Expression Omnibus,field-specific repository,no license,4.17,14.29,0,0,0
10.1172/jci137786,https://www.ncbi.nlm.nih.gov/geo/query/acc.cgi?acc=GSE148669,geo,Gene Expression Omnibus,field-specific repository,no license,4.17,14.29,0,0,0
10.1182/blood.2020005244,https://www.ncbi.nlm.nih.gov/geo/query/acc.cgi?acc=GSE141454,geo,Gene Expression Omnibus,field-specific repository,no license,4.17,14.29,0,0,0
10.1186/s13041-020-00685-3,https://www.ncbi.nlm.nih.gov/geo/query/acc.cgi?acc=GSE88723,geo,Gene Expression Omnibus,field-specific repository,no license,4.17,14.29,0,0,0
10.1186/s13041-020-00685-3,https://www.ncbi.nlm.nih.gov/nuccore/MN037882,ncbi nucleotide,NCBI Nucleotide,field-specific repository,no license,4.17,14.29,0,0,0
10.1186/s13104-020-05248-2,https://doi.org/10.17632/9dkwv5w9b3.1,mendeley data,Mendeley Data,general-purpose repository,CC BY,62.5,85.71,66.67,75,40
10.1186/s13756-020-0696-y,https://www.ebi.ac.uk/ena/browser/view/PRJEB36565,ena,European Nucleotide Archive,field-specific repository,no license,4.17,14.29,0,0,0
10.1186/s40658-020-0270-y,https://doi.org/10.5281/zenodo.3373973,zenodo,Zenodo,general-purpose repository,CC BY,70.83,85.71,100,75,50
10.1200/jco.20.01164,https://clinicaltrials.gov/ct2/show/NCT01849874,clinicaltrials.gov,ClinicalTrials.gov,field-specific repository,no license,14.58,21.43,33.33,0,10
10.1242/bio.044222,https://www.ebi.ac.uk/ena/browser/view/PRJEB27665?show=reads,ena,European Nucleotide Archive,field-specific repository,no license,4.17,14.29,0,0,0
10.12688/f1000research.26707.2,https://doi.org/10.17605/OSF.IO/GPMNA,osf,Open Science Framework,general-purpose repository,CC BY,45.83,71.43,33.33,25,40
10.1371/journal.pbio.3000722,https://www.ncbi.nlm.nih.gov/geo/query/acc.cgi?acc=GSE136662,geo,Gene Expression Omnibus,field-specific repository,no license,4.17,14.29,0,0,0
10.1371/journal.pbio.3000792,https://doi.org/10.5281/zenodo.3876533,zenodo,Zenodo,general-purpose repository,CC BY,70.83,85.71,100,75,50
10.1371/journal.pone.0227178,https://doi.org/10.5281/zenodo.3601477,zenodo,Zenodo,general-purpose repository,CC BY,79.17,100,100,75,60
10.1371/journal.pone.0231299,https://figshare.com/articles/dataset/Yoga_in_school_sports_improves_functioning_of_autonomic_nervous_system_in_young_adults_A_non-randomized_controlled_pilot_study/12120105,figshare,figshare,general-purpose repository,no license,50,85.71,66.67,25,30
10.1371/journal.pone.0231302,https://doi.org/10.5281/zenodo.3737549,zenodo,Zenodo,general-purpose repository,CC BY,70.83,85.71,100,75,50
10.1371/journal.pone.0232666,https://osf.io/qp5cm/,osf,Open Science Framework,general-purpose repository,CC BY,29.17,42.86,33.33,0,30
10.1371/journal.pone.0233608,https://osf.io/turzf,osf,Open Science Framework,general-purpose repository,no license,4.17,14.29,0,0,0
10.1371/journal.pone.0236426,https://doi.org/10.6084/m9.figshare.11807658.v1,figshare,figshare,general-purpose repository,CC BY,75,100,66.67,75,60
10.1371/journal.pone.0237093,https://osf.io/6frp5/,osf,Open Science Framework,general-purpose repository,no license,29.17,42.86,33.33,0,30
10.1371/journal.pone.0239210,https://figshare.com/articles/dataset/Anonymized_data_of_the_patients_/13051631,figshare,figshare,general-purpose repository,no license,50,85.71,66.67,25,30
10.1371/journal.pone.0239598,https://osf.io/a43ut/,osf,Open Science Framework,general-purpose repository,CC BY,29.17,42.86,33.33,0,30
10.1371/journal.pone.0239853,https://doi.org/10.6084/m9.figshare.12967106.v1,figshare,figshare,general-purpose repository,CC BY,70.83,100,66.67,75,50
10.1371/journal.pone.0242197,https://figshare.com/articles/dataset/S1_File_-/13249124,figshare,figshare,general-purpose repository,no license,45.83,85.71,66.67,25,20
10.1371/journal.pone.0244148,https://doi.org/10.12751/g-node.mb83iq,gin,GIN,field-specific repository,no license,50,85.71,33.33,50,30
10.1371/journal.ppat.1008461,https://www.ncbi.nlm.nih.gov/geo/query/acc.cgi?acc=GSE100928,geo,Gene Expression Omnibus,field-specific repository,no license,4.17,14.29,0,0,0
10.1534/g3.120.401537,https://trace.ncbi.nlm.nih.gov/Traces/sra/?run=SRR11793881,sra,Sequence Read Archive,field-specific repository,no license,4.17,14.29,0,0,0
10.18632/oncotarget.27636,https://www.ncbi.nlm.nih.gov/geo/query/acc.cgi?acc=GSE133014,geo,Gene Expression Omnibus,field-specific repository,no license,4.17,14.29,0,0,0
10.18632/oncotarget.27763,https://www.ncbi.nlm.nih.gov/geo/query/acc.cgi?acc=GSE84713,geo,Gene Expression Omnibus,field-specific repository,no license,4.17,14.29,0,0,0
10.26508/lsa.201900601,https://www.ncbi.nlm.nih.gov/geo/query/acc.cgi?acc=GSE147642,geo,Gene Expression Omnibus,field-specific repository,no license,4.17,14.29,0,0,0
10.26508/lsa.202000700,https://www.ebi.ac.uk/metabolights/MTBLS186/files,metabolights,MetaboLights,field-specific repository,no license,4.17,14.29,0,0,0
10.3201/eid2612.200708,https://www.ncbi.nlm.nih.gov/nuccore/MT123530,ncbi nucleotide,NCBI Nucleotide,field-specific repository,no license,4.17,14.29,0,0,0
10.3389/fcvm.2020.599923,https://github.com/lorfas74/random-shuffle,github,GitHub,general-purpose repository,no license,14.58,21.43,33.33,0,10
10.3389/fimmu.2020.00179,https://doi.org/10.18430/m33czf,proteindiffraction,proteindiffraction,field-specific repository,no license,37.5,71.43,33.33,25,20
10.3389/fimmu.2020.586124,https://www.ebi.ac.uk/arrayexpress/experiments/E-MTAB-9642/,array-express,ArrayExpress,field-specific repository,no license,4.17,14.29,0,0,0
10.3389/fmicb.2020.556793,https://trace.ncbi.nlm.nih.gov/Traces/sra/?run=SRR10048296,sra,Sequence Read Archive,field-specific repository,no license,4.17,14.29,0,0,0
10.3389/fneur.2020.573560,https://www.ncbi.nlm.nih.gov/geo/query/acc.cgi?acc=GSE61405,geo,Gene Expression Omnibus,field-specific repository,no license,4.17,14.29,0,0,0
10.3389/fonc.2020.00599,https://www.ncbi.nlm.nih.gov/geo/query/acc.cgi?acc=GSE70458,geo,Gene Expression Omnibus,field-specific repository,no license,4.17,14.29,0,0,0
10.3389/fpsyg.2020.02021,https://osf.io/h564u/,osf,Open Science Framework,general-purpose repository,no license,29.17,42.86,33.33,0,30
10.3390/cancers12113138,http://doi.org/10.5281/zenodo.4009499,zenodo,Zenodo,general-purpose repository,CC BY,75,100,100,75,50
10.3390/ijms21020373,https://www.ncbi.nlm.nih.gov/geo/query/acc.cgi?acc=GSE141217,geo,Gene Expression Omnibus,field-specific repository,no license,4.17,14.29,0,0,0
10.3390/ijms21217944,https://www.ncbi.nlm.nih.gov/geo/query/acc.cgi?acc=GSE143796,geo,Gene Expression Omnibus,field-specific repository,no license,4.17,14.29,0,0,0
10.3390/ijms21238898,https://www.ncbi.nlm.nih.gov/geo/query/acc.cgi?acc=GSE161585,geo,Gene Expression Omnibus,field-specific repository,no license,4.17,14.29,0,0,0
10.7554/elife.48401,https://doi.org/10.6084/m9.figshare.8312807,figshare,figshare,general-purpose repository,CC BY,50,85.71,33.33,25,40
10.7554/elife.51243,https://www.ebi.ac.uk/ena/data/view/PRJEB2600,ena,European Nucleotide Archive,field-specific repository,no license,4.17,14.29,0,0,0
10.7554/elife.58659,https://www.ncbi.nlm.nih.gov/geo/query/acc.cgi?acc=GSE144682,geo,Gene Expression Omnibus,field-specific repository,no license,4.17,14.29,0,0,0
10.1523/jneurosci.2189-17.2017,https://doi.org/10.6084/m9.figshare.5726845.v1,figshare,figshare,general-purpose repository,CC BY,75,100,66.67,75,60
10.1242/jeb.206342,https://doi.org/10.12751/g-node.87584d,gin,GIN,field-specific repository,CC BY-SA,54.17,85.71,33.33,50,40
10.1098/rsif.2018.0220,https://doi.org/10.6084/m9.figshare.7110836.v1,figshare,figshare,general-purpose repository,CC BY,70.83,100,66.67,75,50
10.3389/fonc.2020.00747,https://www.ebi.ac.uk/arrayexpress/experiments/E-MTAB-6316/,array-express,ArrayExpress,field-specific repository,no license,4.17,14.29,0,0,0
10.1371/journal.pone.0235716,https://figshare.com/articles/dataset/Minimal_data_set_SPSS_file_with_age_mPAP_diameter_of_the_aorta_diamAo_and_the_pulmonary_artery_diamPA_and_PA_A_PA_to_Ao_/12615088,figshare,figshare,general-purpose repository,no license,45.83,85.71,66.67,25,20
10.1371/journal.pone.0211001,https://figshare.com/articles/dataset/Trauma_induced_acute_kidney_injury/7632995,figshare,figshare,general-purpose repository,no license,50,85.71,66.67,25,30
10.1186/s42522-020-00018-3,https://www.ncbi.nlm.nih.gov/nuccore/MN714358,ncbi nucleotide,NCBI Nucleotide,field-specific repository,no license,4.17,14.29,0,0,0
10.1172/jci.insight.123862,https://www.ebi.ac.uk/pride/archive/projects/PXD009944,pride,PRoteomics IDEntifications Database,field-specific repository,no license,4.17,14.29,0,0,0
10.1038/s41591-020-0908-2,https://www.ncbi.nlm.nih.gov/geo/query/acc.cgi?acc=GSE145594,geo,Gene Expression Omnibus,field-specific repository,no license,4.17,14.29,0,0,0
10.1016/j.celrep.2020.108235,https://www.ebi.ac.uk/pride/archive/projects/PXD021351,pride,PRoteomics IDEntifications Database,field-specific repository,no license,4.17,14.29,0,0,0
