"doi";"open_data_manual_check";"restricted_manual_check";"has_restricted";"has_data_access";"data_access";"has_own_data";"has_data_reuse";"open_data_category_manual";"has_only_reuse"
"10.1002/wps.21056";FALSE;FALSE;FALSE;FALSE;"";FALSE;FALSE;NA;FALSE
"10.1016/j.phymed.2023.154838";FALSE;FALSE;FALSE;FALSE;"";FALSE;FALSE;NA;FALSE
"10.3390/metabo13010011";FALSE;FALSE;FALSE;FALSE;"reuse_access|reuse_access|reuse_access";FALSE;TRUE;NA;TRUE
"10.3390/ijms24044135";FALSE;FALSE;FALSE;FALSE;"";FALSE;FALSE;NA;FALSE
"10.1016/j.ekir.2022.10.024";FALSE;FALSE;FALSE;TRUE;"yes";FALSE;TRUE;NA;TRUE
"10.3390/vaccines11081361";FALSE;FALSE;FALSE;FALSE;"";FALSE;FALSE;NA;FALSE
"10.1002/mds.29562";FALSE;FALSE;FALSE;FALSE;"";FALSE;FALSE;NA;FALSE
"10.3390/molecules28207096";FALSE;FALSE;FALSE;FALSE;"";FALSE;FALSE;NA;FALSE
"10.1186/s10194-023-01594-1";FALSE;FALSE;FALSE;FALSE;"not_persistent";FALSE;FALSE;NA;FALSE
"10.3390/ijms24076096";FALSE;FALSE;FALSE;TRUE;"yes";FALSE;TRUE;NA;TRUE
"10.1016/j.phrs.2023.106971";FALSE;FALSE;FALSE;TRUE;"yes";FALSE;TRUE;NA;TRUE
"10.1016/j.xgen.2023.100402";FALSE;FALSE;FALSE;TRUE;"restricted|yes";FALSE;TRUE;NA;TRUE
"10.1016/j.ynirp.2022.100155";FALSE;FALSE;FALSE;FALSE;"not_persistent";FALSE;FALSE;NA;FALSE
"10.1038/s41419-023-06077-4";FALSE;FALSE;FALSE;TRUE;"yes";FALSE;TRUE;NA;TRUE
"10.1038/s41598-023-30613-z";FALSE;FALSE;FALSE;FALSE;"not_persistent";FALSE;FALSE;NA;FALSE
"10.1093/infdis/jiad244";FALSE;FALSE;FALSE;FALSE;"";FALSE;FALSE;NA;FALSE
"10.1111/pai.13854";FALSE;FALSE;FALSE;TRUE;"yes";FALSE;TRUE;NA;TRUE
"10.1146/annurev-cancerbio-061521-082320";FALSE;FALSE;FALSE;FALSE;"";FALSE;FALSE;NA;FALSE
"10.1172/jci164637";FALSE;FALSE;FALSE;FALSE;"";FALSE;FALSE;NA;FALSE
"10.1016/j.jclinepi.2023.04.008";FALSE;FALSE;FALSE;FALSE;"not_persistent";FALSE;FALSE;NA;FALSE
"10.1016/j.semarthrit.2023.152313";FALSE;FALSE;FALSE;FALSE;"";FALSE;FALSE;NA;FALSE
"10.1016/j.tins.2023.03.009";FALSE;FALSE;FALSE;FALSE;"";FALSE;FALSE;NA;FALSE
"10.1038/s41541-023-00713-y";FALSE;FALSE;FALSE;FALSE;"";FALSE;FALSE;NA;FALSE
"10.1039/d3sc03739h";FALSE;FALSE;FALSE;FALSE;"";FALSE;FALSE;NA;FALSE
"10.1111/bph.16051";FALSE;FALSE;FALSE;FALSE;"";FALSE;FALSE;NA;FALSE
"10.1186/s12955-023-02199-7";FALSE;FALSE;FALSE;FALSE;"";FALSE;FALSE;NA;FALSE
"10.1200/po.22.00555";FALSE;FALSE;FALSE;FALSE;"";FALSE;FALSE;NA;FALSE
"10.3324/haematol.2023.283812";FALSE;FALSE;FALSE;FALSE;"";FALSE;FALSE;NA;FALSE
"10.3389/fimmu.2023.1243516";FALSE;FALSE;FALSE;TRUE;"yes";FALSE;TRUE;NA;TRUE
"10.3389/fnmol.2022.1084633";FALSE;FALSE;FALSE;FALSE;"";FALSE;FALSE;NA;FALSE
"10.3390/app132111952";FALSE;FALSE;FALSE;FALSE;"";FALSE;FALSE;NA;FALSE
"10.3390/cancers15225428";FALSE;FALSE;FALSE;FALSE;"";FALSE;FALSE;NA;FALSE
"10.3390/cells12071062";FALSE;FALSE;FALSE;FALSE;"";FALSE;FALSE;NA;FALSE
"10.3390/ijms24021484";FALSE;FALSE;FALSE;FALSE;"";FALSE;FALSE;NA;FALSE
"10.3390/ijms24043569";FALSE;FALSE;FALSE;FALSE;"";FALSE;FALSE;NA;FALSE
"10.1007/s15010-023-01994-0";FALSE;FALSE;FALSE;FALSE;"";FALSE;FALSE;NA;FALSE
"10.1016/j.biomaterials.2022.121971";FALSE;FALSE;FALSE;FALSE;"";FALSE;FALSE;NA;FALSE
"10.1097/brs.0000000000004722";FALSE;FALSE;FALSE;FALSE;"";FALSE;FALSE;NA;FALSE
"10.3390/cancers15072048";FALSE;FALSE;FALSE;FALSE;"";FALSE;FALSE;NA;FALSE
"10.3390/cancers15184524";FALSE;FALSE;FALSE;FALSE;"";FALSE;FALSE;NA;FALSE
"10.3390/healthcare11050716";FALSE;FALSE;FALSE;FALSE;"";FALSE;FALSE;NA;FALSE
"10.3390/vaccines11101552";FALSE;FALSE;FALSE;FALSE;"";FALSE;FALSE;NA;FALSE
"10.1016/j.euo.2023.11.018";FALSE;FALSE;FALSE;FALSE;"";FALSE;FALSE;NA;FALSE
"10.3389/fnimg.2023.1228255";FALSE;FALSE;FALSE;FALSE;"reuse_access";FALSE;TRUE;NA;TRUE
"10.1016/j.ebiom.2023.104441";FALSE;FALSE;FALSE;FALSE;"reuse_access";FALSE;TRUE;NA;TRUE
"10.1038/s41467-023-36864-8";FALSE;FALSE;FALSE;FALSE;"restricted";FALSE;TRUE;NA;TRUE
"10.1371/journal.pone.0280364";FALSE;FALSE;FALSE;FALSE;"";FALSE;FALSE;NA;FALSE
"10.1038/s41593-023-01410-8";FALSE;FALSE;FALSE;FALSE;"restricted|restricted|restricted|restricted";FALSE;TRUE;NA;TRUE
"10.1186/s40359-023-01249-5";FALSE;FALSE;FALSE;TRUE;"yes";FALSE;FALSE;NA;FALSE
"10.1186/s13195-023-01349-9";FALSE;FALSE;FALSE;FALSE;"";FALSE;FALSE;NA;FALSE
"10.3390/cancers15030936";FALSE;FALSE;FALSE;TRUE;"yes|restricted";FALSE;TRUE;NA;TRUE
"10.1126/sciadv.abq3851";FALSE;FALSE;FALSE;FALSE;"reuse_access";FALSE;TRUE;NA;TRUE
"10.1007/s10571-023-01405-w";FALSE;FALSE;FALSE;FALSE;"reuse_access";FALSE;TRUE;NA;TRUE
"10.7554/elife.79642";FALSE;FALSE;FALSE;FALSE;"not_persistent";FALSE;FALSE;NA;FALSE
"10.1371/journal.pone.0282346";FALSE;FALSE;FALSE;FALSE;"";FALSE;FALSE;NA;FALSE
"10.1002/smi.3263";FALSE;FALSE;FALSE;FALSE;"";FALSE;FALSE;NA;FALSE
"10.1007/s00432-023-05193-0";FALSE;FALSE;FALSE;FALSE;"";FALSE;FALSE;NA;FALSE
"10.3390/cancers15051475";FALSE;FALSE;FALSE;FALSE;"";FALSE;FALSE;NA;FALSE
"10.1111/adb.13287";FALSE;FALSE;FALSE;FALSE;"not_persistent";FALSE;FALSE;NA;FALSE
"10.1111/jhn.13221";FALSE;FALSE;FALSE;FALSE;"";FALSE;FALSE;NA;FALSE
"10.7554/elife.83484";FALSE;FALSE;FALSE;FALSE;"not_persistent";FALSE;FALSE;NA;FALSE
"10.1016/j.scr.2023.103253";FALSE;FALSE;FALSE;FALSE;"";FALSE;FALSE;NA;FALSE
"10.3390/brainsci13030516";FALSE;FALSE;FALSE;FALSE;"";FALSE;FALSE;NA;FALSE
"10.3390/jcm12175619";FALSE;FALSE;FALSE;FALSE;"";FALSE;FALSE;NA;FALSE
"10.1016/j.jad.2023.05.011";FALSE;FALSE;FALSE;FALSE;"";FALSE;FALSE;NA;FALSE
"10.1136/bmjopen-2022-068104";FALSE;FALSE;FALSE;FALSE;"";FALSE;FALSE;NA;FALSE
"10.3390/ijms24087306";FALSE;FALSE;FALSE;FALSE;"";FALSE;FALSE;NA;FALSE
"10.1038/s41598-023-49745-3";FALSE;FALSE;FALSE;FALSE;"";FALSE;FALSE;NA;FALSE
"10.1016/j.cels.2023.12.002";FALSE;FALSE;FALSE;FALSE;"reuse_access|reuse_access|reuse_access";FALSE;TRUE;NA;TRUE
"10.1007/s11136-023-03446-6";FALSE;FALSE;FALSE;FALSE;"";FALSE;FALSE;NA;FALSE
"10.1158/2767-9764.crc-23-0101";FALSE;FALSE;FALSE;FALSE;"reuse_access|reuse_access";FALSE;TRUE;NA;TRUE
"10.1183/13993003.01023-2023";FALSE;FALSE;FALSE;FALSE;"";FALSE;FALSE;NA;FALSE
"10.1007/s00345-023-04489-7";FALSE;FALSE;FALSE;FALSE;"reuse_access";FALSE;TRUE;NA;TRUE
"10.3390/cancers15082303";FALSE;FALSE;FALSE;FALSE;"";FALSE;FALSE;NA;FALSE
"10.1098/rsos.230568";FALSE;FALSE;FALSE;FALSE;"not_persistent";FALSE;FALSE;NA;FALSE
"10.1038/s41526-023-00273-4";FALSE;FALSE;FALSE;TRUE;"yes|yes|yes";FALSE;TRUE;NA;TRUE
"10.1002/ejp.2221";FALSE;FALSE;FALSE;FALSE;"";FALSE;FALSE;NA;FALSE
"10.3390/jcm12175763";FALSE;FALSE;FALSE;FALSE;"";FALSE;FALSE;NA;FALSE
"10.3390/diagnostics13172812";FALSE;FALSE;FALSE;FALSE;"";FALSE;FALSE;NA;FALSE
"10.3390/cancers15143650";FALSE;FALSE;FALSE;FALSE;"";FALSE;FALSE;NA;FALSE
"10.3390/cancers15133448";FALSE;FALSE;FALSE;FALSE;"";FALSE;FALSE;NA;FALSE
"10.3390/cancers15133364";FALSE;FALSE;FALSE;FALSE;"";FALSE;FALSE;NA;FALSE
"10.3390/cancers15082367";FALSE;FALSE;FALSE;FALSE;"";FALSE;FALSE;NA;FALSE
"10.3389/fonc.2023.1248926";FALSE;FALSE;FALSE;FALSE;"";FALSE;FALSE;NA;FALSE
"10.1186/s12879-023-08599-w";FALSE;FALSE;FALSE;FALSE;"";FALSE;FALSE;NA;FALSE
"10.1177/17588359221148023";FALSE;FALSE;FALSE;FALSE;"";FALSE;FALSE;NA;FALSE
"10.1136/bmjopen-2023-076415";FALSE;FALSE;FALSE;FALSE;"reuse_access";FALSE;TRUE;NA;TRUE
"10.3390/nu15071565";FALSE;FALSE;FALSE;FALSE;"";FALSE;FALSE;NA;FALSE
"10.3390/jcm12113656";FALSE;FALSE;FALSE;FALSE;"";FALSE;FALSE;NA;FALSE
"10.3390/ijms24119701";FALSE;FALSE;FALSE;FALSE;"reuse_access";FALSE;TRUE;NA;TRUE
"10.3390/cancers15123155";FALSE;FALSE;FALSE;TRUE;"yes";FALSE;TRUE;NA;TRUE
"10.3390/biom13061009";FALSE;FALSE;FALSE;FALSE;"";FALSE;FALSE;NA;FALSE
"10.1681/asn.2022010050";FALSE;FALSE;FALSE;FALSE;"";FALSE;FALSE;NA;FALSE
"10.1186/s40478-023-01662-2";FALSE;FALSE;FALSE;FALSE;"";FALSE;FALSE;NA;FALSE
"10.1172/jci165019";FALSE;FALSE;FALSE;FALSE;"restricted|restricted|restricted";FALSE;TRUE;NA;TRUE
"10.1002/eji.202350408";FALSE;FALSE;FALSE;FALSE;"";FALSE;FALSE;NA;FALSE
"10.1002/alz.081944";FALSE;FALSE;FALSE;FALSE;"";FALSE;FALSE;NA;FALSE
"10.1136/bmjopen-2022-071331";FALSE;FALSE;FALSE;FALSE;"reuse_access";FALSE;TRUE;NA;TRUE
"10.1111/joim.13709";FALSE;FALSE;FALSE;FALSE;"";FALSE;FALSE;NA;FALSE
"10.1111/hepr.13952";FALSE;FALSE;FALSE;FALSE;"";FALSE;FALSE;NA;FALSE
"10.1093/bjsopen/zrad080";FALSE;FALSE;FALSE;FALSE;"";FALSE;FALSE;NA;FALSE
"10.1038/s41598-023-38490-2";FALSE;FALSE;FALSE;FALSE;"";FALSE;FALSE;NA;FALSE
"10.1038/s41592-023-01785-3";FALSE;FALSE;FALSE;FALSE;"";FALSE;FALSE;NA;FALSE
"10.1038/s41590-023-01420-5";FALSE;FALSE;FALSE;FALSE;"";FALSE;FALSE;NA;FALSE
"10.1038/s41467-023-43781-3";FALSE;FALSE;FALSE;FALSE;"";FALSE;FALSE;NA;FALSE
"10.1016/j.neuropsychologia.2023.108588";FALSE;FALSE;FALSE;FALSE;"";FALSE;FALSE;NA;FALSE
"10.1016/j.bja.2022.07.054";FALSE;FALSE;FALSE;FALSE;"";FALSE;FALSE;NA;FALSE
"10.1007/s11682-023-00812-3";FALSE;FALSE;FALSE;FALSE;"";FALSE;FALSE;NA;FALSE
"10.1007/s00167-023-07432-w";FALSE;FALSE;FALSE;FALSE;"";FALSE;FALSE;NA;FALSE
"10.3390/pediatric15010020";FALSE;FALSE;FALSE;FALSE;"";FALSE;FALSE;NA;FALSE
"10.3390/children10121885";FALSE;FALSE;FALSE;FALSE;"";FALSE;FALSE;NA;FALSE
"10.3390/cancers15194897";FALSE;FALSE;FALSE;FALSE;"";FALSE;FALSE;NA;FALSE
"10.3390/biomedicines11030764";FALSE;FALSE;FALSE;FALSE;"";FALSE;FALSE;NA;FALSE
"10.3389/fimmu.2023.1166765";FALSE;FALSE;FALSE;FALSE;"";FALSE;FALSE;NA;FALSE
"10.3390/ph16070934";FALSE;FALSE;FALSE;FALSE;"";FALSE;FALSE;NA;FALSE
"10.3390/nu15081949";FALSE;FALSE;FALSE;FALSE;"";FALSE;FALSE;NA;FALSE
"10.3390/cancers15153909";FALSE;FALSE;FALSE;FALSE;"";FALSE;FALSE;NA;FALSE
"10.3389/fimmu.2022.1066456";FALSE;FALSE;FALSE;FALSE;"";FALSE;FALSE;NA;FALSE
"10.2967/jnumed.123.266114";FALSE;FALSE;FALSE;FALSE;"";FALSE;FALSE;NA;FALSE
"10.1186/s12967-023-04502-y";FALSE;FALSE;FALSE;FALSE;"";FALSE;FALSE;NA;FALSE
"10.1155/2023/8462291";FALSE;FALSE;FALSE;FALSE;"";FALSE;FALSE;NA;FALSE
"10.1136/jitc-2023-007336";FALSE;FALSE;FALSE;FALSE;"";FALSE;FALSE;NA;FALSE
"10.1136/bmjgh-2023-013551";FALSE;FALSE;FALSE;FALSE;"";FALSE;FALSE;NA;FALSE
"10.1126/sciadv.ade7804";FALSE;FALSE;FALSE;FALSE;"";FALSE;FALSE;NA;FALSE
"10.1097/hep.0000000000000514";FALSE;FALSE;FALSE;FALSE;"";FALSE;FALSE;NA;FALSE
"10.1093/ecco-jcc/jjac190.0844";FALSE;FALSE;FALSE;FALSE;"";FALSE;FALSE;NA;FALSE
"10.1038/s43856-023-00250-8";FALSE;FALSE;FALSE;FALSE;"";FALSE;FALSE;NA;FALSE
"10.1017/s0007114523002398";FALSE;FALSE;FALSE;FALSE;"";FALSE;FALSE;NA;FALSE
"10.1016/j.ttbdis.2022.102087";FALSE;FALSE;FALSE;FALSE;"";FALSE;FALSE;NA;FALSE
"10.1016/j.paid.2022.111925";FALSE;FALSE;FALSE;FALSE;"";FALSE;FALSE;NA;FALSE
"10.1016/j.ebiom.2023.104616";FALSE;FALSE;FALSE;FALSE;"";FALSE;FALSE;NA;FALSE
"10.1016/j.bpsc.2022.10.005";FALSE;FALSE;FALSE;FALSE;"reuse_access";FALSE;TRUE;NA;TRUE
"10.1007/s13225-023-00526-3";FALSE;FALSE;FALSE;TRUE;"yes";FALSE;TRUE;NA;TRUE
"10.1007/s12031-023-02143-w";FALSE;FALSE;FALSE;FALSE;"";FALSE;FALSE;NA;FALSE
"10.1007/s00417-022-05944-8";FALSE;FALSE;FALSE;FALSE;"";FALSE;FALSE;NA;FALSE
"10.1002/eji.202250210";FALSE;FALSE;FALSE;FALSE;"";FALSE;FALSE;NA;FALSE
"10.3389/fpsyg.2023.1195607";FALSE;FALSE;FALSE;FALSE;"not_persistent";FALSE;FALSE;NA;FALSE
"10.3389/fneur.2022.1113811";FALSE;FALSE;FALSE;TRUE;"yes";FALSE;FALSE;NA;FALSE
"10.1038/s41467-023-38709-w";FALSE;FALSE;FALSE;FALSE;"";FALSE;FALSE;NA;FALSE
"10.1007/s13346-023-01289-9";FALSE;FALSE;FALSE;FALSE;"";FALSE;FALSE;NA;FALSE
"10.3390/ijms24032292";FALSE;FALSE;FALSE;TRUE;"yes|restricted";FALSE;TRUE;NA;TRUE
"10.1186/s40479-023-00215-2";FALSE;FALSE;FALSE;FALSE;"not_persistent";FALSE;FALSE;NA;FALSE
"10.2196/46980";FALSE;FALSE;FALSE;FALSE;"";FALSE;FALSE;NA;FALSE
"10.1016/j.scr.2023.103071";FALSE;FALSE;FALSE;FALSE;"";FALSE;FALSE;NA;FALSE
"10.1016/s2213-8587(22)00353-9";FALSE;FALSE;FALSE;FALSE;"pharma_data";FALSE;FALSE;NA;FALSE
"10.3390/environments10120221";FALSE;FALSE;FALSE;FALSE;"";FALSE;FALSE;NA;FALSE
"10.1016/j.antiviral.2022.105475";FALSE;FALSE;FALSE;FALSE;"";FALSE;FALSE;NA;FALSE
"10.1038/s41467-023-39147-4";FALSE;FALSE;FALSE;FALSE;"reuse_access";FALSE;TRUE;NA;TRUE
"10.1089/jicm.2022.0699";FALSE;FALSE;FALSE;FALSE;"";FALSE;FALSE;NA;FALSE
"10.1111/aphw.12479";FALSE;FALSE;FALSE;FALSE;"not_persistent";FALSE;FALSE;NA;FALSE
"10.1016/j.isci.2023.108050";FALSE;FALSE;FALSE;FALSE;"reuse_access|reuse_access|reuse_access";FALSE;TRUE;NA;TRUE
"10.3390/biomedicines11020526";FALSE;FALSE;FALSE;FALSE;"";FALSE;FALSE;NA;FALSE
"10.1038/s41467-023-38626-y";FALSE;FALSE;FALSE;FALSE;"reuse_access";FALSE;TRUE;NA;TRUE
"10.1210/clinem/dgad365";FALSE;FALSE;FALSE;TRUE;"yes";FALSE;FALSE;NA;FALSE
"10.1186/s12864-023-09830-3";FALSE;FALSE;FALSE;FALSE;"reuse_access|reuse_access|reuse_access";FALSE;TRUE;NA;TRUE
"10.1016/j.ejca.2022.09.024";FALSE;FALSE;FALSE;FALSE;"pharma_data";FALSE;FALSE;NA;FALSE
"10.1038/s41398-023-02705-x";FALSE;FALSE;FALSE;FALSE;"reuse_access|reuse_access";FALSE;TRUE;NA;TRUE
"10.3390/jcm12113778";FALSE;FALSE;FALSE;FALSE;"";FALSE;FALSE;NA;FALSE
"10.1016/j.schres.2023.11.010";FALSE;FALSE;FALSE;FALSE;"reuse_access|reuse_access";FALSE;TRUE;NA;TRUE
"10.1016/j.msard.2023.104846";FALSE;FALSE;FALSE;FALSE;"";FALSE;FALSE;NA;FALSE
"10.1111/all.15679";FALSE;FALSE;FALSE;FALSE;"";FALSE;FALSE;NA;FALSE
"10.14309/ctg.0000000000000610";FALSE;FALSE;FALSE;FALSE;"";FALSE;FALSE;NA;FALSE
"10.1016/j.jchf.2022.11.015";FALSE;FALSE;FALSE;FALSE;"";FALSE;FALSE;NA;FALSE
"10.1186/s12888-023-05346-y";FALSE;FALSE;FALSE;FALSE;"";FALSE;FALSE;NA;FALSE
"10.3390/cancers15184667";FALSE;FALSE;FALSE;FALSE;"";FALSE;FALSE;NA;FALSE
"10.3390/diagnostics13040776";FALSE;FALSE;FALSE;FALSE;"";FALSE;FALSE;NA;FALSE
"10.1002/alz.079867";FALSE;FALSE;FALSE;FALSE;"";FALSE;FALSE;NA;FALSE
"10.3390/ijms24054961";FALSE;FALSE;FALSE;FALSE;"";FALSE;FALSE;NA;FALSE
"10.1002/hon.3164_159";FALSE;FALSE;FALSE;FALSE;"";FALSE;FALSE;NA;FALSE
"10.3892/mco.2023.2615";FALSE;FALSE;FALSE;FALSE;"reuse_access|reuse_access";FALSE;TRUE;NA;TRUE
"10.3389/fimmu.2023.1197821";FALSE;FALSE;FALSE;FALSE;"reuse_access";FALSE;TRUE;NA;TRUE
"10.3390/cancers15164089";FALSE;FALSE;FALSE;FALSE;"";FALSE;FALSE;NA;FALSE
"10.1038/s41598-023-46766-w";FALSE;FALSE;FALSE;FALSE;"not_persistent";FALSE;FALSE;NA;FALSE
"10.1210/clinem/dgad597";FALSE;FALSE;FALSE;FALSE;"";FALSE;FALSE;NA;FALSE
"10.3389/fnins.2023.1183312";FALSE;FALSE;FALSE;FALSE;"";FALSE;FALSE;NA;FALSE
"10.1016/j.jhep.2023.02.041";FALSE;FALSE;FALSE;FALSE;"reuse_access";FALSE;TRUE;NA;TRUE
"10.3390/cancers15235521";FALSE;FALSE;FALSE;FALSE;"";FALSE;FALSE;NA;FALSE
"10.1111/jnc.15842";FALSE;FALSE;FALSE;FALSE;"";FALSE;FALSE;NA;FALSE
"10.1371/journal.pone.0292180";FALSE;FALSE;FALSE;FALSE;"";FALSE;FALSE;NA;FALSE
"10.1093/bjd/ljad081";FALSE;FALSE;FALSE;FALSE;"pharma_data";FALSE;FALSE;NA;FALSE
"10.1007/s00702-023-02719-1";FALSE;FALSE;FALSE;FALSE;"";FALSE;FALSE;NA;FALSE
"10.1016/j.dcn.2022.101192";FALSE;FALSE;FALSE;FALSE;"not_persistent";FALSE;FALSE;NA;FALSE
"10.1093/scan/nsad073";FALSE;FALSE;FALSE;FALSE;"not_persistent";FALSE;FALSE;NA;FALSE
"10.1016/j.midw.2023.103809";FALSE;FALSE;FALSE;FALSE;"";FALSE;FALSE;NA;FALSE
"10.1186/s12969-023-00826-7";FALSE;FALSE;FALSE;FALSE;"restricted";FALSE;TRUE;NA;TRUE
"10.1007/s00401-022-02522-4";FALSE;FALSE;FALSE;TRUE;"yes";FALSE;TRUE;NA;TRUE
"10.1016/j.jid.2022.10.016";FALSE;FALSE;FALSE;FALSE;"";FALSE;FALSE;NA;FALSE
"10.1007/s00345-022-04260-4";FALSE;FALSE;FALSE;FALSE;"reuse_access";FALSE;TRUE;NA;TRUE
"10.1016/j.eclinm.2023.101936";FALSE;FALSE;FALSE;FALSE;"reuse_access";FALSE;TRUE;NA;TRUE
"10.1093/brain/awad010";FALSE;FALSE;FALSE;FALSE;"";FALSE;FALSE;NA;FALSE
"10.1093/bjd/ljad314";FALSE;FALSE;FALSE;FALSE;"reuse_access";FALSE;TRUE;NA;TRUE
"10.1136/jnnp-2023-331183";FALSE;FALSE;FALSE;FALSE;"";FALSE;FALSE;NA;FALSE
"10.1245/s10434-022-12459-3";FALSE;FALSE;FALSE;FALSE;"reuse_access|reuse_access";FALSE;TRUE;NA;TRUE
"10.3233/jad-220464";FALSE;FALSE;FALSE;FALSE;"reuse_access";FALSE;TRUE;NA;TRUE
"10.3390/ijms24010040";FALSE;FALSE;FALSE;FALSE;"reuse_access";FALSE;TRUE;NA;TRUE
"10.1111/all.15807";FALSE;FALSE;FALSE;FALSE;"reuse_access";FALSE;TRUE;NA;TRUE
"10.1016/s2214-109x(23)00007-4";FALSE;FALSE;FALSE;FALSE;"reuse_access|reuse_access|reuse_access";FALSE;TRUE;NA;TRUE
"10.1007/s10565-022-09717-1";FALSE;FALSE;FALSE;TRUE;"yes";FALSE;TRUE;NA;TRUE
"10.1002/smi.3164";FALSE;FALSE;FALSE;FALSE;"restricted";FALSE;TRUE;NA;TRUE
"10.1515/jpm-2022-0550";FALSE;FALSE;FALSE;FALSE;"reuse_access";FALSE;TRUE;NA;TRUE
"10.1017/s003329172100266x";FALSE;FALSE;FALSE;FALSE;"";FALSE;FALSE;NA;FALSE
"10.1037/pas0001199";FALSE;FALSE;FALSE;FALSE;"not_persistent";FALSE;FALSE;NA;FALSE
"10.1021/acs.jproteome.3c00596";FALSE;FALSE;FALSE;FALSE;"";FALSE;FALSE;NA;FALSE
"10.1186/s12885-023-10763-z";FALSE;FALSE;FALSE;FALSE;"reuse_access|reuse_access|reuse_access";FALSE;TRUE;NA;TRUE
"10.1093/cid/ciac745";FALSE;FALSE;FALSE;FALSE;"reuse_access|reuse_access";FALSE;TRUE;NA;TRUE
"10.1111/add.16021";FALSE;FALSE;FALSE;FALSE;"";FALSE;FALSE;NA;FALSE
"10.3390/jcm12041434";FALSE;FALSE;FALSE;FALSE;"";FALSE;FALSE;NA;FALSE
"10.1016/j.ajhg.2023.10.007";FALSE;FALSE;FALSE;TRUE;"yes|yes|yes";FALSE;FALSE;NA;FALSE
"10.1007/s10753-022-01756-4";FALSE;FALSE;FALSE;TRUE;"yes";FALSE;TRUE;NA;TRUE
"10.1186/s44247-023-00015-2";FALSE;FALSE;FALSE;FALSE;"";FALSE;FALSE;NA;FALSE
"10.1016/j.gim.2023.100856";FALSE;FALSE;FALSE;TRUE;"yes";FALSE;TRUE;NA;TRUE
"10.1093/bioadv/vbad175";FALSE;FALSE;FALSE;TRUE;"yes|yes";FALSE;TRUE;NA;TRUE
"10.3758/s13428-021-01768-2";FALSE;FALSE;FALSE;FALSE;"not_persistent|not_persistent";FALSE;FALSE;NA;FALSE
"10.3390/ijerph20075286";FALSE;FALSE;FALSE;FALSE;"reuse_access";FALSE;TRUE;NA;TRUE
"10.3389/fpsyg.2023.1113654";FALSE;FALSE;FALSE;FALSE;"not_persistent";FALSE;FALSE;NA;FALSE
"10.3324/haematol.2022.280995";FALSE;FALSE;FALSE;FALSE;"";FALSE;FALSE;NA;FALSE
"10.3390/jcm12206432";FALSE;FALSE;FALSE;FALSE;"";FALSE;FALSE;NA;FALSE
"10.1002/ejhf.2831";FALSE;FALSE;FALSE;FALSE;"";FALSE;FALSE;NA;FALSE
"10.1371/journal.pbio.3002362";FALSE;FALSE;FALSE;FALSE;"";FALSE;FALSE;NA;FALSE
"10.1007/s00393-022-01302-5";FALSE;FALSE;FALSE;FALSE;"";FALSE;FALSE;NA;FALSE
"10.1016/j.bioactmat.2023.01.017";FALSE;FALSE;FALSE;FALSE;"";FALSE;FALSE;NA;FALSE
"10.1016/j.celrep.2023.112934";FALSE;FALSE;FALSE;FALSE;"";FALSE;FALSE;NA;FALSE
"10.1016/j.neubiorev.2022.104979";FALSE;FALSE;FALSE;FALSE;"";FALSE;FALSE;NA;FALSE
"10.1016/j.neuroimage.2023.120463";FALSE;FALSE;FALSE;FALSE;"reuse_access";FALSE;TRUE;NA;TRUE
"10.1016/j.vaccine.2022.11.027";FALSE;FALSE;FALSE;FALSE;"";FALSE;FALSE;NA;FALSE
"10.1017/s0033291723000697";FALSE;FALSE;FALSE;FALSE;"reuse_access";FALSE;TRUE;NA;TRUE
"10.3389/fpsyg.2023.1139128";FALSE;FALSE;FALSE;FALSE;"";FALSE;FALSE;NA;FALSE
"10.1002/dad2.12463";FALSE;FALSE;FALSE;FALSE;"not_persistent";FALSE;FALSE;NA;FALSE
"10.1136/medhum-2022-012471";FALSE;FALSE;FALSE;FALSE;"";FALSE;FALSE;NA;FALSE
"10.1002/jmv.28450";FALSE;FALSE;FALSE;FALSE;"reuse_access|reuse_access|reuse_access|reuse_access";FALSE;TRUE;NA;TRUE
"10.1016/j.heliyon.2023.e13087";FALSE;FALSE;FALSE;FALSE;"embargo|reuse_access|reuse_access|reuse_access";FALSE;TRUE;NA;TRUE
"10.1161/strokeaha.122.041442";FALSE;FALSE;FALSE;FALSE;"";FALSE;FALSE;NA;FALSE
"10.3390/ijms24021633";FALSE;FALSE;FALSE;FALSE;"";FALSE;FALSE;NA;FALSE
"10.1016/j.ajhg.2023.05.009";FALSE;FALSE;FALSE;FALSE;"reuse_access";FALSE;TRUE;NA;TRUE
"10.1016/j.bbih.2023.100678";FALSE;FALSE;FALSE;FALSE;"reuse_access";FALSE;TRUE;NA;TRUE
"10.1016/j.cmpb.2023.107615";FALSE;FALSE;FALSE;FALSE;"";FALSE;FALSE;NA;FALSE
"10.1016/j.ecoenv.2023.114801";FALSE;FALSE;FALSE;FALSE;"";FALSE;FALSE;NA;FALSE
"10.1016/j.bbih.2023.100609";FALSE;FALSE;FALSE;FALSE;"reuse_access|reuse_access";FALSE;TRUE;NA;TRUE
"10.1016/j.jclinepi.2023.03.013";FALSE;FALSE;FALSE;FALSE;"";FALSE;FALSE;NA;FALSE
"10.1016/j.omtn.2023.02.005";FALSE;FALSE;FALSE;FALSE;"";FALSE;FALSE;NA;FALSE
"10.1017/s1047951123000872";FALSE;FALSE;FALSE;FALSE;"";FALSE;FALSE;NA;FALSE
"10.1038/s41467-023-37991-y";FALSE;FALSE;FALSE;FALSE;"reuse_access";FALSE;TRUE;NA;TRUE
"10.1093/jas/skad335";FALSE;FALSE;FALSE;FALSE;"";FALSE;FALSE;NA;FALSE
"10.1038/s41467-023-41128-6";FALSE;FALSE;FALSE;FALSE;"";FALSE;FALSE;NA;FALSE
"10.1148/radiol.230806";FALSE;FALSE;FALSE;FALSE;"restricted";FALSE;TRUE;NA;TRUE
"10.1016/j.celrep.2023.112541";FALSE;FALSE;FALSE;FALSE;"";FALSE;FALSE;NA;FALSE
"10.1002/ggn2.202200016";FALSE;FALSE;FALSE;FALSE;"";FALSE;FALSE;NA;FALSE
"10.3390/d15090950";FALSE;FALSE;FALSE;TRUE;"yes";FALSE;TRUE;NA;TRUE
"10.3201/eid2912.231123";FALSE;FALSE;FALSE;FALSE;"";FALSE;FALSE;NA;FALSE
"10.1186/s13613-023-01201-1";FALSE;FALSE;FALSE;TRUE;"yes";FALSE;FALSE;NA;FALSE
"10.1038/s42003-023-05363-3";FALSE;FALSE;FALSE;FALSE;"reuse_access";FALSE;TRUE;NA;TRUE
"10.1016/s0140-6736(23)00860-7";FALSE;FALSE;FALSE;FALSE;"restricted";FALSE;TRUE;NA;TRUE
"10.1186/s13063-023-07474-y";FALSE;FALSE;FALSE;FALSE;"";FALSE;FALSE;NA;FALSE
"10.1093/aje/kwad061";FALSE;FALSE;FALSE;FALSE;"reuse_access";FALSE;TRUE;NA;TRUE
"10.1016/j.eclinm.2023.102193";FALSE;FALSE;FALSE;FALSE;"reuse_access";FALSE;TRUE;NA;TRUE
"10.1093/neuonc/noad027";FALSE;FALSE;FALSE;FALSE;"reuse_access";FALSE;TRUE;NA;TRUE
"10.1098/rsos.230448";FALSE;FALSE;FALSE;FALSE;"";FALSE;FALSE;NA;FALSE
"10.1111/mec.16983";FALSE;FALSE;FALSE;FALSE;"not_persistent";FALSE;FALSE;NA;FALSE
"10.1186/s12967-023-04439-2";FALSE;FALSE;FALSE;FALSE;"";FALSE;FALSE;NA;FALSE
"10.1128/msphere.00061-23";FALSE;FALSE;FALSE;FALSE;"reuse_access|reuse_access|reuse_access";FALSE;TRUE;NA;TRUE
"10.1186/s40479-023-00229-w";FALSE;FALSE;FALSE;FALSE;"not_persistent";FALSE;FALSE;NA;FALSE
"10.1186/s13048-023-01113-5";FALSE;FALSE;FALSE;FALSE;"reuse_access";FALSE;TRUE;NA;TRUE
"10.1186/s13326-023-00292-w";FALSE;FALSE;FALSE;FALSE;"";FALSE;FALSE;NA;FALSE
"10.3390/pathogens12040551";FALSE;FALSE;FALSE;FALSE;"";FALSE;FALSE;NA;FALSE
"10.1093/bioinformatics/btad004";FALSE;FALSE;FALSE;FALSE;"not_persistent|reuse_access|reuse_access|reuse_access";FALSE;TRUE;NA;TRUE
"10.1007/s40120-023-00514-4";FALSE;FALSE;FALSE;FALSE;"";FALSE;FALSE;NA;FALSE
"10.1038/s41416-022-02108-7";FALSE;FALSE;FALSE;FALSE;"embargo";FALSE;FALSE;NA;FALSE
"10.1038/s41591-023-02365-w";FALSE;FALSE;FALSE;FALSE;"reuse_access|reuse_access";FALSE;TRUE;NA;TRUE
"10.3390/vaccines11010144";FALSE;FALSE;FALSE;FALSE;"not_persistent";FALSE;FALSE;NA;FALSE
"10.1038/s41380-023-02138-4";FALSE;FALSE;FALSE;FALSE;"reuse_access";FALSE;TRUE;NA;TRUE
"10.1038/s41380-023-02228-3";FALSE;FALSE;FALSE;FALSE;"reuse_access";FALSE;TRUE;NA;TRUE
"10.1038/s41397-023-00305-y";FALSE;FALSE;FALSE;FALSE;"reuse_access";FALSE;TRUE;NA;TRUE
"10.1037/tra0001516";FALSE;FALSE;FALSE;FALSE;"not_persistent";FALSE;FALSE;NA;FALSE
"10.1038/s41467-023-40250-9";FALSE;FALSE;FALSE;FALSE;"not_persistent|not_persistent";FALSE;FALSE;NA;FALSE
"10.1093/alcalc/agad069";FALSE;FALSE;FALSE;FALSE;"not_persistent";FALSE;FALSE;NA;FALSE
"10.1038/s41588-023-01444-5";FALSE;FALSE;FALSE;FALSE;"reuse_access|reuse_access";FALSE;TRUE;NA;TRUE
"10.1038/s41467-023-37579-6";FALSE;FALSE;FALSE;FALSE;"reuse_access";FALSE;TRUE;NA;TRUE
"10.1002/glia.24299";FALSE;FALSE;FALSE;TRUE;"yes";FALSE;TRUE;NA;TRUE
"10.1002/hbm.26097";FALSE;FALSE;FALSE;FALSE;"reuse_access|reuse_access|reuse_access";FALSE;TRUE;NA;TRUE
"10.1007/s00392-022-02027-w";FALSE;FALSE;FALSE;FALSE;"";FALSE;FALSE;NA;FALSE
"10.1016/j.hpb.2023.07.897";FALSE;FALSE;FALSE;FALSE;"";FALSE;FALSE;NA;FALSE
"10.1093/brain/awac119";FALSE;FALSE;FALSE;FALSE;"reuse_access";FALSE;TRUE;NA;TRUE
"10.1111/nyas.15072";FALSE;FALSE;FALSE;FALSE;"";FALSE;FALSE;NA;FALSE
"10.1111/tan.14846";FALSE;FALSE;FALSE;FALSE;"";FALSE;FALSE;NA;FALSE
"10.1159/000529592";FALSE;FALSE;FALSE;FALSE;"";FALSE;FALSE;NA;FALSE
"10.3390/genes14010030";FALSE;FALSE;FALSE;FALSE;"";FALSE;FALSE;NA;FALSE
"10.1177/19485506231162405";FALSE;FALSE;FALSE;FALSE;"reuse_access";FALSE;TRUE;NA;TRUE
"10.1093/neuonc/noad197";FALSE;FALSE;FALSE;FALSE;"reuse_access";FALSE;TRUE;NA;TRUE
"10.1038/s41420-023-01442-w";FALSE;FALSE;FALSE;FALSE;"";FALSE;FALSE;NA;FALSE
"10.1038/s41431-023-01431-8";FALSE;FALSE;FALSE;FALSE;"reuse_access";FALSE;TRUE;NA;TRUE
"10.1038/s41581-023-00731-y";FALSE;FALSE;FALSE;FALSE;"reuse_access";FALSE;TRUE;NA;TRUE
"10.1186/s12891-023-06556-x";FALSE;FALSE;FALSE;FALSE;"reuse_access";FALSE;TRUE;NA;TRUE
"10.1038/s41598-023-49569-1";FALSE;FALSE;FALSE;FALSE;"reuse_access";FALSE;TRUE;NA;TRUE
"10.1038/s41562-023-01707-5";FALSE;FALSE;FALSE;FALSE;"reuse_access";FALSE;TRUE;NA;TRUE
"10.3390/jcm12237441";FALSE;FALSE;FALSE;FALSE;"";FALSE;FALSE;NA;FALSE
"10.7554/elife.89736";FALSE;FALSE;FALSE;FALSE;"";FALSE;FALSE;NA;FALSE
"10.1038/s41598-023-48581-9";FALSE;FALSE;FALSE;FALSE;"";FALSE;FALSE;NA;FALSE
"10.1210/clinem/dgad605";FALSE;FALSE;FALSE;FALSE;"";FALSE;FALSE;NA;FALSE
"10.3389/fnimg.2022.1009399";FALSE;FALSE;FALSE;FALSE;"reuse_access";FALSE;TRUE;NA;TRUE
"10.3390/cancers15072050";FALSE;FALSE;FALSE;FALSE;"";FALSE;FALSE;NA;FALSE
"10.1007/s00330-023-10223-z";FALSE;FALSE;FALSE;FALSE;"";FALSE;FALSE;NA;FALSE
"10.1007/s43032-023-01252-6";FALSE;FALSE;FALSE;FALSE;"";FALSE;FALSE;NA;FALSE
"10.1016/j.breast.2023.05.008";FALSE;FALSE;FALSE;FALSE;"";FALSE;FALSE;NA;FALSE
"10.1016/j.jhepr.2023.100686";FALSE;FALSE;FALSE;FALSE;"";FALSE;FALSE;NA;FALSE
"10.1249/mss.0000000000003160";FALSE;FALSE;FALSE;FALSE;"";FALSE;FALSE;NA;FALSE
"10.29228/jrp.330";FALSE;FALSE;FALSE;FALSE;"";FALSE;FALSE;NA;FALSE
"10.1038/s41591-023-02420-6";FALSE;FALSE;FALSE;FALSE;"";FALSE;FALSE;NA;FALSE
"10.1002/acr.25220";FALSE;FALSE;FALSE;FALSE;"restricted";FALSE;TRUE;NA;TRUE
"10.3390/biom13010095";FALSE;FALSE;FALSE;FALSE;"";FALSE;FALSE;NA;FALSE
"10.3389/fmmed.2022.1035290";FALSE;FALSE;FALSE;FALSE;"";FALSE;FALSE;NA;FALSE
"10.1016/j.semarthrit.2023.152240";FALSE;FALSE;FALSE;FALSE;"pharma_data|restricted|restricted";FALSE;TRUE;NA;TRUE
"10.3390/tropicalmed8090425";FALSE;FALSE;FALSE;FALSE;"";FALSE;FALSE;NA;FALSE
"10.3389/fimmu.2023.1115272";FALSE;FALSE;FALSE;FALSE;"reuse_access|reuse_access";FALSE;TRUE;NA;TRUE
"10.3390/cancers15235547";FALSE;FALSE;FALSE;FALSE;"";FALSE;FALSE;NA;FALSE
"10.3390/cancers15082342";FALSE;FALSE;FALSE;FALSE;"reuse_access";FALSE;TRUE;NA;TRUE
"10.1007/s40744-023-00592-8";FALSE;FALSE;FALSE;FALSE;"restricted";FALSE;TRUE;NA;TRUE
"10.3390/s23063304";FALSE;FALSE;FALSE;FALSE;"";FALSE;FALSE;NA;FALSE
"10.1111/jsr.13884";FALSE;FALSE;FALSE;FALSE;"";FALSE;FALSE;NA;FALSE
"10.1200/jco.22.00533";FALSE;FALSE;FALSE;FALSE;"restricted";FALSE;TRUE;NA;TRUE
"10.1007/s42979-023-01771-8";FALSE;FALSE;FALSE;FALSE;"";FALSE;FALSE;NA;FALSE
"10.1038/s41380-023-02180-2";FALSE;FALSE;FALSE;FALSE;"reuse_access|reuse_access|reuse_access";FALSE;TRUE;NA;TRUE
"10.1038/s41388-023-02883-4";FALSE;FALSE;FALSE;FALSE;"reuse_access|reuse_access|reuse_access";FALSE;TRUE;NA;TRUE
"10.1093/neuonc/noad230";FALSE;FALSE;FALSE;FALSE;"reuse_access|reuse_access";FALSE;TRUE;NA;TRUE
"10.1111/jne.13276";FALSE;FALSE;FALSE;FALSE;"";FALSE;FALSE;NA;FALSE
"10.1172/jci163548";FALSE;FALSE;FALSE;FALSE;"";FALSE;FALSE;NA;FALSE
"10.3390/biomedicines11082279";FALSE;FALSE;FALSE;FALSE;"";FALSE;FALSE;NA;FALSE
"10.3390/cancers15020494";FALSE;FALSE;FALSE;FALSE;"";FALSE;FALSE;NA;FALSE
"10.3390/ijms24010854";FALSE;FALSE;FALSE;FALSE;"";FALSE;FALSE;NA;FALSE
"10.1371/journal.pone.0288741";FALSE;FALSE;FALSE;FALSE;"restricted";FALSE;TRUE;NA;TRUE
"10.1038/s41572-023-00454-1";FALSE;FALSE;FALSE;FALSE;"";FALSE;FALSE;NA;FALSE
"10.1002/ijc.34473";FALSE;FALSE;FALSE;FALSE;"reuse_access";FALSE;TRUE;NA;TRUE
"10.1242/dev.201023";FALSE;FALSE;FALSE;FALSE;"";FALSE;FALSE;NA;FALSE
"10.1371/journal.pone.0287547";FALSE;FALSE;FALSE;FALSE;"";FALSE;FALSE;NA;FALSE
"10.1016/j.neuroimage.2023.119862";FALSE;FALSE;FALSE;FALSE;"";FALSE;FALSE;NA;FALSE
"10.3390/brainsci13121673";FALSE;FALSE;FALSE;FALSE;"";FALSE;FALSE;NA;FALSE
"10.1038/s41591-023-02225-7";FALSE;FALSE;FALSE;FALSE;"reuse_access|reuse_access|reuse_access";FALSE;TRUE;NA;TRUE
"10.3390/microorganisms11040833";FALSE;FALSE;FALSE;FALSE;"";FALSE;FALSE;NA;FALSE
"10.3390/pharmaceutics15020619";FALSE;FALSE;FALSE;FALSE;"";FALSE;FALSE;NA;FALSE
"10.3390/pharmaceutics15041228";FALSE;FALSE;FALSE;FALSE;"";FALSE;FALSE;NA;FALSE
"10.3390/pharmaceutics15102410";FALSE;FALSE;FALSE;FALSE;"";FALSE;FALSE;NA;FALSE
"10.3390/tropicalmed8020111";FALSE;FALSE;FALSE;FALSE;"";FALSE;FALSE;NA;FALSE
"10.1002/glia.24369";FALSE;FALSE;FALSE;FALSE;"";FALSE;FALSE;NA;FALSE
"10.3390/curroncol30020115";FALSE;FALSE;FALSE;FALSE;"";FALSE;FALSE;NA;FALSE
"10.3390/biology12050706";FALSE;FALSE;FALSE;FALSE;"";FALSE;FALSE;NA;FALSE
"10.3390/diagnostics13061135";FALSE;FALSE;FALSE;FALSE;"";FALSE;FALSE;NA;FALSE
"10.1002/hbm.26431";FALSE;FALSE;FALSE;FALSE;"";FALSE;FALSE;NA;FALSE
"10.1186/s12916-023-02889-5";FALSE;FALSE;FALSE;FALSE;"reuse_access|reuse_access";FALSE;TRUE;NA;TRUE
"10.1371/journal.pgph.0002195";FALSE;FALSE;FALSE;FALSE;"";FALSE;FALSE;NA;FALSE
"10.29228/jrp.331";FALSE;FALSE;FALSE;FALSE;"";FALSE;FALSE;NA;FALSE
"10.3389/fnins.2023.1159914";FALSE;FALSE;FALSE;FALSE;"reuse_access";FALSE;TRUE;NA;TRUE
"10.3389/fnut.2023.1213661";FALSE;FALSE;FALSE;FALSE;"reuse_access";FALSE;TRUE;NA;TRUE
"10.3390/app13116713";FALSE;FALSE;FALSE;FALSE;"";FALSE;FALSE;NA;FALSE
"10.3390/cancers15041031";FALSE;FALSE;FALSE;FALSE;"reuse_access";FALSE;TRUE;NA;TRUE
"10.1016/j.ymben.2023.01.011";FALSE;FALSE;FALSE;FALSE;"";FALSE;FALSE;NA;FALSE
"10.1182/bloodadvances.2022007875";FALSE;FALSE;FALSE;FALSE;"reuse_access";FALSE;TRUE;NA;TRUE
"10.3390/diagnostics13203210";FALSE;FALSE;FALSE;FALSE;"";FALSE;FALSE;NA;FALSE
"10.3390/pathogens12060850";FALSE;FALSE;FALSE;FALSE;"";FALSE;FALSE;NA;FALSE
"10.3390/nu15153414";FALSE;FALSE;FALSE;FALSE;"";FALSE;FALSE;NA;FALSE
"10.1186/s13034-023-00691-y";FALSE;FALSE;FALSE;FALSE;"reuse_access";FALSE;TRUE;NA;TRUE
"10.3390/bioengineering10020212";FALSE;FALSE;FALSE;FALSE;"";FALSE;FALSE;NA;FALSE
"10.3390/cancers15184595";FALSE;FALSE;FALSE;FALSE;"";FALSE;FALSE;NA;FALSE
"10.3390/cancers15245717";FALSE;FALSE;FALSE;FALSE;"";FALSE;FALSE;NA;FALSE
"10.3390/vaccines11121859";FALSE;FALSE;FALSE;FALSE;"";FALSE;FALSE;NA;FALSE
"10.3390/cancers15143670";FALSE;FALSE;FALSE;FALSE;"";FALSE;FALSE;NA;FALSE
"10.3390/pathogens12081053";FALSE;FALSE;FALSE;FALSE;"";FALSE;FALSE;NA;FALSE
"10.1002/cmdc.202200635";FALSE;FALSE;FALSE;FALSE;"";FALSE;FALSE;NA;FALSE
"10.1002/art.42538";FALSE;FALSE;FALSE;FALSE;"reuse_access|reuse_access|reuse_access";FALSE;TRUE;NA;TRUE
"10.1016/j.bbamem.2022.184081";FALSE;FALSE;FALSE;FALSE;"";FALSE;FALSE;NA;FALSE
"10.1016/j.isci.2023.106395";FALSE;FALSE;FALSE;FALSE;"reuse_access";FALSE;TRUE;NA;TRUE
"10.1073/pnas.2211087120";FALSE;FALSE;FALSE;FALSE;"";FALSE;FALSE;NA;FALSE
"10.1136/annrheumdis-2023-eular.3125";FALSE;FALSE;FALSE;FALSE;"";FALSE;FALSE;NA;FALSE
"10.1186/s10194-023-01624-y";FALSE;FALSE;FALSE;FALSE;"reuse_access|reuse_access|reuse_access";FALSE;TRUE;NA;TRUE
"10.1186/s10194-023-01663-5";FALSE;FALSE;FALSE;FALSE;"";FALSE;FALSE;NA;FALSE
"10.1186/s13104-023-06497-7";FALSE;FALSE;FALSE;FALSE;"";FALSE;FALSE;NA;FALSE
"10.3390/ijerph20095658";FALSE;FALSE;FALSE;FALSE;"";FALSE;FALSE;NA;FALSE
"10.3390/ijms24032399";FALSE;FALSE;FALSE;FALSE;"";FALSE;FALSE;NA;FALSE
"10.3390/jcm12227089";FALSE;FALSE;FALSE;FALSE;"";FALSE;FALSE;NA;FALSE
"10.1016/j.cardfail.2022.10.423";FALSE;FALSE;FALSE;FALSE;"reuse_access|reuse_access";FALSE;TRUE;NA;TRUE
"10.1136/ard-2022-223499";FALSE;FALSE;FALSE;FALSE;"";FALSE;FALSE;NA;FALSE
"10.3390/cells12232756";FALSE;FALSE;FALSE;FALSE;"";FALSE;FALSE;NA;FALSE
"10.1038/s41467-023-37627-1";FALSE;FALSE;FALSE;FALSE;"";FALSE;FALSE;NA;FALSE
"10.1016/j.jbi.2023.104437";FALSE;FALSE;FALSE;FALSE;"";FALSE;FALSE;NA;FALSE
"10.1016/j.preteyeres.2022.101116";FALSE;FALSE;FALSE;FALSE;"";FALSE;FALSE;NA;FALSE
"10.1186/s12874-023-02003-6";FALSE;FALSE;FALSE;FALSE;"reuse_access";FALSE;TRUE;NA;TRUE
"10.1523/jneurosci.2330-22.2023";FALSE;FALSE;FALSE;FALSE;"reuse_access|reuse_access|reuse_access";FALSE;TRUE;NA;TRUE
"10.1016/j.neuroimage.2023.119929";FALSE;FALSE;FALSE;FALSE;"reuse_access|reuse_access";FALSE;TRUE;NA;TRUE
"10.1016/j.resuscitation.2023.109946";FALSE;FALSE;FALSE;FALSE;"reuse_access";FALSE;TRUE;NA;TRUE
"10.1136/jitc-2023-006889";FALSE;FALSE;FALSE;FALSE;"reuse_access|reuse_access|reuse_access";FALSE;TRUE;NA;TRUE
"10.3390/cells12232700";FALSE;FALSE;FALSE;FALSE;"";FALSE;FALSE;NA;FALSE
"10.1038/s42003-023-05585-5";FALSE;FALSE;FALSE;FALSE;"";FALSE;FALSE;NA;FALSE
"10.1186/s13046-023-02834-7";FALSE;FALSE;FALSE;FALSE;"reuse_access|reuse_access";FALSE;TRUE;NA;TRUE
"10.1016/j.ajhg.2023.01.002";FALSE;FALSE;FALSE;FALSE;"reuse_access|reuse_access";FALSE;TRUE;NA;TRUE
"10.3389/fimmu.2023.1209464";FALSE;FALSE;FALSE;FALSE;"";FALSE;FALSE;NA;FALSE
"10.3390/jcm12247547";FALSE;FALSE;FALSE;FALSE;"";FALSE;FALSE;NA;FALSE
"10.1093/eurheartj/ehad666";FALSE;FALSE;FALSE;FALSE;"reuse_access";FALSE;TRUE;NA;TRUE
"10.1136/jitc-2023-007369";FALSE;FALSE;FALSE;FALSE;"reuse_access|reuse_access";FALSE;TRUE;NA;TRUE
"10.1016/j.cell.2023.09.027";FALSE;FALSE;FALSE;FALSE;"";FALSE;FALSE;NA;FALSE
"10.1002/1878-0261.13418";FALSE;FALSE;FALSE;FALSE;"";FALSE;FALSE;NA;FALSE
"10.1111/cea.14402";FALSE;FALSE;FALSE;FALSE;"";FALSE;FALSE;NA;FALSE
"10.1136/bmjment-2023-300675";FALSE;FALSE;FALSE;FALSE;"";FALSE;FALSE;NA;FALSE
"10.1162/imag_a_00014";FALSE;FALSE;FALSE;FALSE;"not_uploaded";FALSE;FALSE;NA;FALSE
"10.1038/s41467-023-41011-4";FALSE;FALSE;FALSE;TRUE;"yes|not_persistent";FALSE;TRUE;NA;TRUE
"10.1016/j.jaad.2023.02.040";FALSE;FALSE;FALSE;FALSE;"";FALSE;FALSE;NA;FALSE
"10.1371/journal.pone.0284271";FALSE;FALSE;FALSE;FALSE;"not_persistent";FALSE;FALSE;NA;FALSE
"10.15252/embr.202256702";FALSE;FALSE;FALSE;FALSE;"";FALSE;FALSE;NA;FALSE
"10.3233/adr-230027";FALSE;FALSE;FALSE;FALSE;"";FALSE;FALSE;NA;FALSE
"10.3389/fimmu.2023.1165758";FALSE;FALSE;FALSE;FALSE;"";FALSE;FALSE;NA;FALSE
"10.1016/j.isci.2023.106593";FALSE;FALSE;FALSE;FALSE;"embargo";FALSE;FALSE;NA;FALSE
"10.1002/wps.21037";FALSE;FALSE;FALSE;FALSE;"";FALSE;FALSE;NA;FALSE
"10.1007/s00406-023-01593-y";FALSE;FALSE;FALSE;FALSE;"restricted";FALSE;TRUE;NA;TRUE
"10.1016/j.dcn.2023.101226";FALSE;FALSE;FALSE;FALSE;"not_persistent";FALSE;FALSE;NA;FALSE
"10.1016/j.resuscitation.2023.110087";FALSE;FALSE;FALSE;FALSE;"not_persistent";FALSE;FALSE;NA;FALSE
"10.2196/42258";FALSE;FALSE;FALSE;FALSE;"";FALSE;FALSE;NA;FALSE
"10.3390/molecules28145418";FALSE;FALSE;FALSE;FALSE;"";FALSE;FALSE;NA;FALSE
"10.7554/elife.85488";FALSE;FALSE;FALSE;FALSE;"";FALSE;FALSE;NA;FALSE
"10.1007/s00296-023-05443-x";FALSE;FALSE;FALSE;FALSE;"reuse_access";FALSE;TRUE;NA;TRUE
"10.1016/j.neuroimage.2023.120337";FALSE;FALSE;FALSE;FALSE;"";FALSE;FALSE;NA;FALSE
"10.1073/pnas.2302720120";FALSE;FALSE;FALSE;FALSE;"";FALSE;FALSE;NA;FALSE
"10.1186/s12986-023-00750-3";FALSE;FALSE;FALSE;FALSE;"";FALSE;FALSE;NA;FALSE
"10.3390/diagnostics13122076";FALSE;FALSE;FALSE;FALSE;"";FALSE;FALSE;NA;FALSE
"10.3390/molecules28145421";FALSE;FALSE;FALSE;FALSE;"";FALSE;FALSE;NA;FALSE
"10.3390/tropicalmed8040206";FALSE;FALSE;FALSE;FALSE;"";FALSE;FALSE;NA;FALSE
"10.1002/path.6232";FALSE;FALSE;FALSE;FALSE;"restricted";FALSE;TRUE;NA;TRUE
"10.1080/23311908.2023.2227443";FALSE;FALSE;FALSE;FALSE;"";FALSE;FALSE;NA;FALSE
"10.1038/s41598-023-38353-w";FALSE;FALSE;FALSE;FALSE;"not_persistent";FALSE;FALSE;NA;FALSE
"10.1126/scitranslmed.adg1659";FALSE;FALSE;FALSE;FALSE;"";FALSE;FALSE;NA;FALSE
"10.1016/j.neubiorev.2023.105149";FALSE;FALSE;FALSE;FALSE;"";FALSE;FALSE;NA;FALSE
"10.3389/fimmu.2023.1289744";FALSE;FALSE;FALSE;FALSE;"";FALSE;FALSE;NA;FALSE
"10.3390/cells12091306";FALSE;FALSE;FALSE;FALSE;"";FALSE;FALSE;NA;FALSE
"10.3390/genes14101910";FALSE;FALSE;FALSE;FALSE;"";FALSE;FALSE;NA;FALSE
"10.3390/cancers15072038";FALSE;FALSE;FALSE;FALSE;"";FALSE;FALSE;NA;FALSE
"10.1016/j.isci.2023.106459";FALSE;FALSE;FALSE;FALSE;"";FALSE;FALSE;NA;FALSE
"10.3389/fendo.2023.1163046";FALSE;FALSE;FALSE;TRUE;"yes|yes";FALSE;TRUE;NA;TRUE
"10.1038/s41467-022-35741-0";FALSE;FALSE;FALSE;FALSE;"";FALSE;FALSE;NA;FALSE
"10.1038/s41598-023-40330-2";FALSE;FALSE;FALSE;FALSE;"";FALSE;FALSE;NA;FALSE
"10.3390/cancers15030686";FALSE;FALSE;FALSE;FALSE;"";FALSE;FALSE;NA;FALSE
"10.1136/bmj-2023-076305";FALSE;FALSE;FALSE;FALSE;"";FALSE;FALSE;NA;FALSE
"10.1016/j.ebiom.2023.104546";FALSE;FALSE;FALSE;FALSE;"restricted|restricted|restricted|restricted";FALSE;TRUE;NA;TRUE
"10.3389/fonc.2023.1073793";FALSE;FALSE;FALSE;FALSE;"";FALSE;FALSE;NA;FALSE
"10.3390/healthcare11152186";FALSE;FALSE;FALSE;FALSE;"not_persistent";FALSE;FALSE;NA;FALSE
"10.1002/clt2.12316";FALSE;FALSE;FALSE;FALSE;"reuse_access";FALSE;TRUE;NA;TRUE
"10.1136/gutjnl-2022-328387";FALSE;FALSE;FALSE;FALSE;"pharma_data";FALSE;FALSE;NA;FALSE
"10.1002/jcv2.12210";FALSE;FALSE;FALSE;FALSE;"";FALSE;FALSE;NA;FALSE
"10.1038/s41598-023-35941-8";FALSE;FALSE;FALSE;FALSE;"";FALSE;FALSE;NA;FALSE
"10.1038/s41431-023-01296-x";FALSE;FALSE;FALSE;FALSE;"restricted|reuse_access|reuse_access|reuse_access";FALSE;TRUE;NA;TRUE
"10.1038/s41467-023-43741-x";FALSE;FALSE;FALSE;FALSE;"not_persistent";FALSE;FALSE;NA;FALSE
"10.1089/aivt.2022.0016";FALSE;FALSE;FALSE;FALSE;"";FALSE;FALSE;NA;FALSE
"10.2196/39929";FALSE;FALSE;FALSE;FALSE;"";FALSE;FALSE;NA;FALSE
"10.1126/scitranslmed.abn5939";FALSE;FALSE;FALSE;FALSE;"";FALSE;FALSE;NA;FALSE
"10.1007/s00415-023-11753-8";FALSE;FALSE;FALSE;FALSE;"not_persistent";FALSE;FALSE;NA;FALSE
"10.1038/s41591-023-02317-4";FALSE;FALSE;FALSE;FALSE;"restricted|reuse_access|restricted|restricted|restricted";FALSE;TRUE;NA;TRUE
"10.1093/eurpub/ckad070";FALSE;FALSE;FALSE;FALSE;"not_persistent";FALSE;FALSE;NA;FALSE
"10.3389/fbioe.2023.1075357";FALSE;FALSE;FALSE;FALSE;"";FALSE;FALSE;NA;FALSE
"10.1016/j.placenta.2023.06.008";FALSE;FALSE;FALSE;FALSE;"reuse_access|reuse_access";FALSE;TRUE;NA;TRUE
"10.1093/ejendo/lvad007";FALSE;FALSE;FALSE;TRUE;"yes|yes";FALSE;TRUE;NA;TRUE
"10.1186/s13195-023-01243-4";FALSE;FALSE;FALSE;FALSE;"";FALSE;FALSE;NA;FALSE
"10.3389/fpsyt.2023.1223147";FALSE;FALSE;FALSE;FALSE;"";FALSE;FALSE;NA;FALSE
"10.3390/ijms24108854";FALSE;FALSE;FALSE;FALSE;"";FALSE;FALSE;NA;FALSE
"10.1186/s12877-023-04238-w";FALSE;FALSE;FALSE;FALSE;"restricted";FALSE;TRUE;NA;TRUE
"10.1038/s41598-023-29632-7";FALSE;FALSE;FALSE;FALSE;"restricted";FALSE;TRUE;NA;TRUE
"10.1002/mame.202300146";FALSE;FALSE;FALSE;FALSE;"";FALSE;FALSE;NA;FALSE
"10.3201/eid2905.221646";FALSE;FALSE;FALSE;FALSE;"";FALSE;FALSE;NA;FALSE
"10.47626/1516-4446-2023-3044";FALSE;FALSE;FALSE;FALSE;"";FALSE;FALSE;NA;FALSE
"10.1016/j.tvr.2023.200269";FALSE;FALSE;FALSE;FALSE;"reuse_access";FALSE;TRUE;NA;TRUE
"10.1093/nc/niad003";FALSE;FALSE;FALSE;FALSE;"not_persistent";FALSE;FALSE;NA;FALSE
"10.1126/sciadv.add0433";FALSE;FALSE;FALSE;TRUE;"restricted|yes";FALSE;TRUE;NA;TRUE
"10.1177/20584601231213740";FALSE;FALSE;FALSE;FALSE;"";FALSE;FALSE;NA;FALSE
"10.1136/rmdopen-2022-002735";FALSE;FALSE;FALSE;FALSE;"pharma_data";FALSE;FALSE;NA;FALSE
"10.3390/cancers15184436";FALSE;FALSE;FALSE;FALSE;"";FALSE;FALSE;NA;FALSE
"10.1186/s40359-023-01209-z";FALSE;FALSE;FALSE;FALSE;"embargo";FALSE;FALSE;NA;FALSE
"10.1186/s13195-023-01187-9";FALSE;FALSE;FALSE;FALSE;"";FALSE;FALSE;NA;FALSE
"10.3389/fonc.2022.1080492";FALSE;FALSE;FALSE;FALSE;"pharma_data";FALSE;FALSE;NA;FALSE
"10.1172/jci164223";FALSE;FALSE;FALSE;TRUE;"yes|yes|reuse_access";FALSE;TRUE;NA;TRUE
"10.1038/s41380-023-01977-5";FALSE;FALSE;FALSE;FALSE;"reuse_access|reuse_access";FALSE;TRUE;NA;TRUE
"10.3389/fpubh.2023.1076065";FALSE;FALSE;FALSE;FALSE;"";FALSE;FALSE;NA;FALSE
"10.2196/46518";FALSE;FALSE;FALSE;FALSE;"not_persistent";FALSE;FALSE;NA;FALSE
"10.1016/j.ajhg.2023.04.010";FALSE;FALSE;FALSE;FALSE;"restricted";FALSE;TRUE;NA;TRUE
"10.1093/nar/gkac1008";FALSE;FALSE;FALSE;TRUE;"yes";FALSE;TRUE;NA;TRUE
"10.1038/s41573-023-00774-7";FALSE;FALSE;FALSE;FALSE;"";FALSE;FALSE;NA;FALSE
"10.1111/nan.12877";FALSE;FALSE;FALSE;FALSE;"reuse_access";FALSE;TRUE;NA;TRUE
"10.3389/fpsyg.2023.1125545";FALSE;FALSE;FALSE;FALSE;"";FALSE;FALSE;NA;FALSE
"10.1186/s12872-023-03187-x";FALSE;FALSE;FALSE;FALSE;"";FALSE;FALSE;NA;FALSE
"10.3389/fepid.2023.1099235";FALSE;FALSE;FALSE;FALSE;"restricted";FALSE;TRUE;NA;TRUE
"10.3390/ijerph20054016";FALSE;FALSE;FALSE;FALSE;"";FALSE;FALSE;NA;FALSE
"10.1007/s10549-022-06827-6";FALSE;FALSE;FALSE;FALSE;"";FALSE;FALSE;NA;FALSE
"10.1186/s12889-023-16849-4";FALSE;FALSE;FALSE;FALSE;"restricted";FALSE;TRUE;NA;TRUE
"10.1200/jco.22.01134";FALSE;FALSE;FALSE;FALSE;"pharma_data";FALSE;FALSE;NA;FALSE
"10.3390/biomedicines11010176";FALSE;FALSE;FALSE;FALSE;"";FALSE;FALSE;NA;FALSE
"10.1038/s41597-023-02560-x";FALSE;FALSE;FALSE;FALSE;"";FALSE;FALSE;NA;FALSE
"10.1016/j.ajhg.2023.07.011";FALSE;FALSE;FALSE;FALSE;"";FALSE;FALSE;NA;FALSE
"10.3389/fnetp.2023.1271042";FALSE;FALSE;FALSE;FALSE;"";FALSE;FALSE;NA;FALSE
"10.1016/j.kint.2022.11.013";FALSE;FALSE;FALSE;FALSE;"reuse_access";FALSE;TRUE;NA;TRUE
"10.1371/journal.pcbi.1011379";FALSE;FALSE;FALSE;FALSE;"not_persistent";FALSE;FALSE;NA;FALSE
"10.1016/j.stemcr.2023.03.005";FALSE;FALSE;FALSE;FALSE;"";FALSE;FALSE;NA;FALSE
"10.1016/j.dcn.2023.101232";FALSE;FALSE;FALSE;FALSE;"restricted";FALSE;TRUE;NA;TRUE
"10.1093/cercor/bhad007";FALSE;FALSE;FALSE;FALSE;"not_persistent";FALSE;FALSE;NA;FALSE
"10.1038/s42003-023-05521-7";FALSE;FALSE;FALSE;FALSE;"reuse_access|reuse_access";FALSE;TRUE;NA;TRUE
"10.1200/jco.23.00233";FALSE;FALSE;FALSE;FALSE;"pharma_data";FALSE;FALSE;NA;FALSE
"10.1038/s41375-023-01829-9";FALSE;FALSE;FALSE;FALSE;"restricted";FALSE;TRUE;NA;TRUE
"10.18632/aging.204476";FALSE;FALSE;FALSE;FALSE;"";FALSE;FALSE;NA;FALSE
"10.3389/fmede.2023.1281904";FALSE;FALSE;FALSE;FALSE;"";FALSE;FALSE;NA;FALSE
"10.1038/s43856-023-00298-6";FALSE;FALSE;FALSE;FALSE;"";FALSE;FALSE;NA;FALSE
"10.1038/s41597-023-02726-7";FALSE;FALSE;FALSE;FALSE;"reuse_access";FALSE;TRUE;NA;TRUE
"10.1038/s43856-023-00309-6";FALSE;FALSE;FALSE;FALSE;"";FALSE;FALSE;NA;FALSE
"10.1136/ard-2023-224356";FALSE;FALSE;FALSE;FALSE;"pharma_data";FALSE;FALSE;NA;FALSE
"10.1016/j.atherosclerosis.2023.117384";FALSE;FALSE;FALSE;FALSE;"reuse_access";FALSE;TRUE;NA;TRUE
"10.1038/s41467-023-43509-3";FALSE;FALSE;FALSE;TRUE;"yes";FALSE;FALSE;NA;FALSE
"10.1016/j.jhin.2023.07.020";FALSE;FALSE;FALSE;FALSE;"";FALSE;FALSE;NA;FALSE
"10.1007/s00401-023-02552-6";FALSE;FALSE;FALSE;FALSE;"";FALSE;FALSE;NA;FALSE
"10.1007/s00018-023-04717-8";FALSE;FALSE;FALSE;FALSE;"";FALSE;FALSE;NA;FALSE
"10.3389/fresc.2022.1093871";FALSE;FALSE;FALSE;FALSE;"";FALSE;FALSE;NA;FALSE
"10.1192/bjp.2023.107";FALSE;FALSE;FALSE;FALSE;"restricted";FALSE;TRUE;NA;TRUE
"10.1002/nbm.5075";FALSE;FALSE;FALSE;FALSE;"";FALSE;FALSE;NA;FALSE
"10.3390/pharmaceutics15051350";FALSE;FALSE;FALSE;FALSE;"";FALSE;FALSE;NA;FALSE
"10.1016/j.neuroimage.2023.120218";FALSE;FALSE;FALSE;FALSE;"";FALSE;FALSE;NA;FALSE
"10.1038/s41598-023-35030-w";FALSE;FALSE;FALSE;FALSE;"";FALSE;FALSE;NA;FALSE
"10.1038/s41398-023-02339-z";FALSE;FALSE;FALSE;FALSE;"";FALSE;FALSE;NA;FALSE
"10.3390/biom13020320";FALSE;FALSE;FALSE;FALSE;"";FALSE;FALSE;NA;FALSE
"10.3390/cells12222660";FALSE;FALSE;FALSE;FALSE;"";FALSE;FALSE;NA;FALSE
"10.3390/ijms241814154";FALSE;FALSE;FALSE;FALSE;"reuse_access";FALSE;TRUE;NA;TRUE
"10.3390/vaccines11091469";FALSE;FALSE;FALSE;FALSE;"";FALSE;FALSE;NA;FALSE
"10.1093/braincomms/fcad270";FALSE;FALSE;FALSE;FALSE;"";FALSE;FALSE;NA;FALSE
"10.1177/20451253231200258";FALSE;FALSE;FALSE;FALSE;"pharma_data";FALSE;FALSE;NA;FALSE
"10.1136/bmjopen-2022-066137";FALSE;FALSE;FALSE;FALSE;"";FALSE;FALSE;NA;FALSE
"10.1161/circheartfailure.123.010599";FALSE;FALSE;FALSE;FALSE;"";FALSE;FALSE;NA;FALSE
"10.1016/j.bas.2023.102673";FALSE;FALSE;FALSE;FALSE;"";FALSE;FALSE;NA;FALSE
"10.3389/fphys.2023.1057592";FALSE;FALSE;FALSE;FALSE;"";FALSE;FALSE;NA;FALSE
"10.1016/j.vaccine.2023.03.038";FALSE;FALSE;FALSE;FALSE;"";FALSE;FALSE;NA;FALSE
"10.1093/neuonc/noad100";FALSE;FALSE;FALSE;FALSE;"";FALSE;FALSE;NA;FALSE
"10.3390/ijms241210046";FALSE;FALSE;FALSE;FALSE;"reuse_access|reuse_access";FALSE;TRUE;NA;TRUE
"10.1111/bcp.15711";FALSE;FALSE;FALSE;FALSE;"reuse_access";FALSE;TRUE;NA;TRUE
"10.1016/j.biopsych.2023.01.013";FALSE;FALSE;FALSE;FALSE;"";FALSE;FALSE;NA;FALSE
"10.1136/bmjgh-2023-013073";FALSE;FALSE;FALSE;FALSE;"reuse_access|reuse_access";FALSE;TRUE;NA;TRUE
"10.1111/all.15850";FALSE;FALSE;FALSE;FALSE;"";FALSE;FALSE;NA;FALSE
"10.1093/ckj/sfad260";FALSE;FALSE;FALSE;FALSE;"";FALSE;FALSE;NA;FALSE
"10.1007/s10067-023-06814-2";FALSE;FALSE;FALSE;FALSE;"";FALSE;FALSE;NA;FALSE
"10.1016/j.eclinm.2023.102309";FALSE;FALSE;FALSE;FALSE;"";FALSE;FALSE;NA;FALSE
"10.1183/23120541.00190-2023";FALSE;FALSE;FALSE;FALSE;"";FALSE;FALSE;NA;FALSE
"10.1016/j.nicl.2023.103439";FALSE;FALSE;FALSE;FALSE;"";FALSE;FALSE;NA;FALSE
"10.1083/jcb.202208155";FALSE;FALSE;FALSE;FALSE;"";FALSE;FALSE;NA;FALSE
"10.1016/j.ebiom.2023.104797";FALSE;FALSE;FALSE;FALSE;"";FALSE;FALSE;NA;FALSE
"10.3390/diseases11040161";FALSE;FALSE;FALSE;FALSE;"";FALSE;FALSE;NA;FALSE
"10.3390/cancers16010112";FALSE;FALSE;FALSE;FALSE;"";FALSE;FALSE;NA;FALSE
"10.3390/biomedicines11123153";FALSE;FALSE;FALSE;FALSE;"";FALSE;FALSE;NA;FALSE
"10.1111/aphw.12450";FALSE;FALSE;FALSE;FALSE;"";FALSE;FALSE;NA;FALSE
"10.1038/s41531-023-00545-6";FALSE;FALSE;FALSE;FALSE;"";FALSE;FALSE;NA;FALSE
"10.3390/ijerph20032721";FALSE;FALSE;FALSE;FALSE;"";FALSE;FALSE;NA;FALSE
"10.3390/pharmaceutics15071980";FALSE;FALSE;FALSE;FALSE;"";FALSE;FALSE;NA;FALSE
"10.1503/jpn.220202";FALSE;FALSE;FALSE;TRUE;"yes";FALSE;TRUE;NA;TRUE
"10.1016/j.rpth.2023.102181";FALSE;FALSE;FALSE;FALSE;"";FALSE;FALSE;NA;FALSE
"10.3389/fpsyt.2023.1155582";FALSE;FALSE;FALSE;FALSE;"";FALSE;FALSE;NA;FALSE
"10.1038/s41467-023-43372-2";FALSE;FALSE;FALSE;FALSE;"";FALSE;FALSE;NA;FALSE
"10.1186/s12014-023-09421-0";FALSE;FALSE;FALSE;FALSE;"";FALSE;FALSE;NA;FALSE
"10.3390/biomedicines11010211";FALSE;FALSE;FALSE;FALSE;"";FALSE;FALSE;NA;FALSE
"10.1038/s41588-023-01386-y";FALSE;TRUE;TRUE;FALSE;"restricted";TRUE;FALSE;"disciplinary repository";FALSE
"10.3389/fonc.2023.1129627";FALSE;TRUE;TRUE;FALSE;"restricted";TRUE;FALSE;"disciplinary repository";FALSE
"10.1007/s00401-023-02637-2";FALSE;TRUE;TRUE;FALSE;"restricted";TRUE;FALSE;"disciplinary repository";FALSE
"10.1038/s41537-023-00372-x";FALSE;TRUE;TRUE;FALSE;"restricted";TRUE;FALSE;"general-purpose repository";FALSE
"10.1186/s12920-023-01585-w";FALSE;TRUE;TRUE;FALSE;"restricted";TRUE;FALSE;"disciplinary repository";FALSE
"10.1016/j.celrep.2022.111937";FALSE;TRUE;TRUE;TRUE;"restricted|yes";TRUE;TRUE;"disciplinary repository";TRUE
"10.1038/s41375-023-01824-0";FALSE;TRUE;TRUE;FALSE;"restricted";TRUE;FALSE;"disciplinary repository";FALSE
"10.1038/s41598-023-46405-4";FALSE;TRUE;TRUE;FALSE;"restricted";TRUE;FALSE;"disciplinary repository";FALSE
"10.1038/s41598-023-31850-y";FALSE;TRUE;TRUE;FALSE;"restricted";TRUE;FALSE;"disciplinary repository";FALSE
"10.1016/j.ebiom.2023.104583";FALSE;TRUE;TRUE;FALSE;"restricted";TRUE;FALSE;"disciplinary repository";FALSE
"10.1038/s41416-023-02208-y";FALSE;TRUE;TRUE;FALSE;"restricted|restricted";TRUE;FALSE;"disciplinary repository";FALSE
"10.1016/s2589-7500(23)00109-7";FALSE;TRUE;TRUE;FALSE;"restricted";TRUE;FALSE;"general-purpose repository";FALSE
"10.1093/jnci/djad001";FALSE;TRUE;TRUE;FALSE;"restricted|restricted|restricted|restricted|restricted";TRUE;TRUE;"disciplinary repository";TRUE
"10.1182/blood.2022018246";FALSE;TRUE;TRUE;FALSE;"restricted";TRUE;FALSE;"disciplinary repository";FALSE
"10.1172/jci171797";FALSE;TRUE;TRUE;FALSE;"restricted";TRUE;FALSE;"disciplinary repository";FALSE
"10.1093/brain/awac385";FALSE;TRUE;TRUE;FALSE;"restricted";TRUE;FALSE;"disciplinary repository";FALSE
"10.1186/s13073-023-01173-8";FALSE;TRUE;TRUE;FALSE;"restricted";TRUE;FALSE;"disciplinary repository";FALSE
"10.3324/haematol.2021.280005";FALSE;TRUE;TRUE;FALSE;"restricted";TRUE;FALSE;"disciplinary repository";FALSE
"10.1007/s00415-023-12132-z";FALSE;TRUE;TRUE;FALSE;"restricted|restricted";TRUE;FALSE;"disciplinary repository";FALSE
"10.3390/s23146597";FALSE;TRUE;TRUE;FALSE;"restricted";TRUE;FALSE;"general-purpose repository";FALSE
"10.3390/cells12020236";FALSE;TRUE;TRUE;FALSE;"restricted";TRUE;FALSE;"disciplinary repository";FALSE
"10.1186/s13073-023-01215-1";FALSE;TRUE;TRUE;FALSE;"restricted";TRUE;FALSE;"disciplinary repository";FALSE
"10.1186/s13073-023-01242-y";FALSE;TRUE;TRUE;FALSE;"restricted";TRUE;FALSE;"disciplinary repository";FALSE
"10.1038/s41591-023-02323-6";FALSE;TRUE;TRUE;FALSE;"restricted|reuse_access";TRUE;TRUE;"disciplinary repository";TRUE
"10.1126/sciimmunol.adf4968";FALSE;TRUE;TRUE;FALSE;"restricted";TRUE;FALSE;"disciplinary repository";FALSE
"10.1038/s41588-023-01422-x";FALSE;TRUE;TRUE;FALSE;"restricted|reuse_access|not_persistent|reuse_access|reuse_access";TRUE;TRUE;"disciplinary repository";TRUE
"10.1038/s41597-023-02377-8";FALSE;TRUE;TRUE;FALSE;"restricted";TRUE;FALSE;"disciplinary repository";FALSE
"10.7717/peerj.14671";FALSE;TRUE;TRUE;FALSE;"restricted";TRUE;FALSE;"general-purpose repository";FALSE
"10.3390/cells12242846";FALSE;TRUE;TRUE;FALSE;"restricted";TRUE;FALSE;"disciplinary repository";FALSE
"10.3390/jcm12062101";FALSE;TRUE;TRUE;FALSE;"restricted";TRUE;FALSE;"disciplinary repository";FALSE
"10.1093/aje/kwad071";FALSE;TRUE;TRUE;FALSE;"restricted";TRUE;FALSE;"disciplinary repository";FALSE
"10.1182/bloodadvances.2022008497";FALSE;TRUE;TRUE;FALSE;"restricted";TRUE;FALSE;"disciplinary repository";FALSE
"10.1158/1078-0432.ccr-22-2032";FALSE;TRUE;TRUE;FALSE;"restricted";TRUE;FALSE;"disciplinary repository";FALSE
"10.1186/s12943-023-01787-x";FALSE;TRUE;TRUE;FALSE;"restricted";TRUE;FALSE;"disciplinary repository";FALSE
"10.3389/fnagi.2023.1204134";FALSE;TRUE;TRUE;FALSE;"restricted";TRUE;FALSE;"general-purpose repository";FALSE
"10.1016/j.xgen.2022.100232";FALSE;TRUE;TRUE;FALSE;"not_persistent|restricted";TRUE;FALSE;"disciplinary repository";FALSE
"10.1186/s13195-023-01225-6";FALSE;TRUE;TRUE;FALSE;"not_persistent|restricted";TRUE;FALSE;"disciplinary repository";FALSE
"10.3389/fimmu.2023.1086433";FALSE;TRUE;TRUE;FALSE;"restricted";TRUE;FALSE;"disciplinary repository";FALSE
"10.1016/j.annonc.2022.11.002";FALSE;TRUE;TRUE;FALSE;"restricted";TRUE;FALSE;"disciplinary repository";FALSE
"10.1002/jmv.28652";FALSE;TRUE;TRUE;FALSE;"restricted";TRUE;FALSE;"disciplinary repository";FALSE
"10.1212/wnl.0000000000207219";FALSE;TRUE;TRUE;FALSE;"restricted|reuse_access";TRUE;TRUE;"disciplinary repository";TRUE
"10.3389/fnagi.2023.1170879";FALSE;TRUE;TRUE;FALSE;"restricted";TRUE;FALSE;"disciplinary repository";FALSE
"10.1186/s12974-023-02979-4";FALSE;TRUE;TRUE;FALSE;"restricted";TRUE;FALSE;"disciplinary repository";FALSE
"10.1158/1535-7163.mct-23-0094";FALSE;TRUE;TRUE;FALSE;"reuse_access|restricted";TRUE;TRUE;"disciplinary repository";TRUE
"10.1128/spectrum.02839-23";FALSE;TRUE;TRUE;FALSE;"restricted";TRUE;FALSE;"disciplinary repository";FALSE
"10.1111/bjhp.12670";FALSE;TRUE;TRUE;FALSE;"restricted";TRUE;FALSE;"disciplinary repository";FALSE
"10.1002/clt2.12228";TRUE;FALSE;FALSE;TRUE;"yes";FALSE;FALSE;"general-purpose repository";FALSE
"10.1016/j.celrep.2023.112269";TRUE;FALSE;FALSE;TRUE;"yes";FALSE;FALSE;"disciplinary repository";FALSE
"10.1016/s2589-7500(23)00027-4";TRUE;FALSE;FALSE;TRUE;"yes";FALSE;FALSE;"general-purpose repository";FALSE
"10.1021/jacsau.3c00199";TRUE;FALSE;FALSE;TRUE;"yes";FALSE;FALSE;"disciplinary repository";FALSE
"10.1038/s41386-023-01588-2";TRUE;FALSE;FALSE;TRUE;"yes";FALSE;FALSE;"general-purpose repository";FALSE
"10.1038/s41467-023-38780-3";TRUE;FALSE;FALSE;TRUE;"yes";FALSE;FALSE;"disciplinary repository";FALSE
"10.1038/s41467-023-39869-5";TRUE;FALSE;TRUE;TRUE;"yes|yes|reuse_access|restricted|yes";TRUE;TRUE;"general-purpose repository";FALSE
"10.1038/s41467-023-40129-9";TRUE;FALSE;FALSE;TRUE;"reuse_access|reuse_access|yes";FALSE;TRUE;"general-purpose repository";FALSE
"10.1038/s41467-023-42085-w";TRUE;FALSE;FALSE;TRUE;"yes|yes";FALSE;FALSE;"disciplinary repository";FALSE
"10.1038/s41564-023-01405-y";TRUE;FALSE;FALSE;TRUE;"yes";FALSE;FALSE;"disciplinary repository";FALSE
"10.1038/s41467-023-39934-z";TRUE;FALSE;FALSE;TRUE;"yes|reuse_access|reuse_access";FALSE;TRUE;"disciplinary repository";FALSE
"10.1038/s41590-023-01493-2";TRUE;FALSE;FALSE;TRUE;"yes";FALSE;FALSE;"disciplinary repository";FALSE
"10.1038/s43856-023-00381-y";TRUE;FALSE;FALSE;TRUE;"yes";FALSE;FALSE;"disciplinary repository";FALSE
"10.1073/pnas.2219439120";TRUE;FALSE;FALSE;TRUE;"yes|yes";FALSE;FALSE;"disciplinary repository";FALSE
"10.1083/jcb.201902050";TRUE;FALSE;FALSE;TRUE;"yes";FALSE;FALSE;"disciplinary repository";FALSE
"10.1038/s41467-023-44033-0";TRUE;FALSE;FALSE;TRUE;"yes|yes";FALSE;FALSE;"disciplinary repository";FALSE
"10.1186/s13578-023-01114-3";TRUE;FALSE;FALSE;TRUE;"yes";FALSE;FALSE;"disciplinary repository";FALSE
"10.1007/s00406-023-01685-9";TRUE;FALSE;FALSE;TRUE;"yes";FALSE;FALSE;"disciplinary repository";FALSE
"10.1016/j.cmet.2023.03.018";TRUE;FALSE;FALSE;TRUE;"yes";FALSE;FALSE;"disciplinary repository";FALSE
"10.1016/j.jenvp.2023.102142";TRUE;FALSE;FALSE;TRUE;"yes";FALSE;FALSE;"disciplinary repository";FALSE
"10.1016/j.neuron.2023.04.025";TRUE;FALSE;FALSE;TRUE;"yes";FALSE;FALSE;"disciplinary repository";FALSE
"10.1016/j.yjmcc.2023.09.008";TRUE;FALSE;FALSE;TRUE;"yes";FALSE;FALSE;"disciplinary repository";FALSE
"10.1038/s41375-023-01895-z";TRUE;FALSE;FALSE;TRUE;"yes";FALSE;FALSE;"disciplinary repository";FALSE
"10.1038/s41467-023-37233-1";TRUE;FALSE;FALSE;TRUE;"yes";FALSE;FALSE;"disciplinary repository";FALSE
"10.1038/s41467-023-39824-4";TRUE;FALSE;FALSE;TRUE;"yes|yes";FALSE;TRUE;"disciplinary repository";FALSE
"10.1038/s41467-023-43751-9";TRUE;FALSE;FALSE;TRUE;"yes|yes";FALSE;FALSE;"disciplinary repository";FALSE
"10.1038/s41540-023-00287-4";TRUE;FALSE;FALSE;TRUE;"yes";FALSE;FALSE;"disciplinary repository";FALSE
"10.1038/s41564-023-01352-8";TRUE;FALSE;FALSE;TRUE;"yes";FALSE;FALSE;"disciplinary repository";FALSE
"10.1080/19490976.2023.2259316";TRUE;FALSE;FALSE;TRUE;"yes";FALSE;FALSE;"disciplinary repository";FALSE
"10.1016/j.onehlt.2023.100528";TRUE;FALSE;FALSE;TRUE;"yes";FALSE;FALSE;"disciplinary repository";FALSE
"10.1098/rsos.221517";TRUE;FALSE;FALSE;TRUE;"yes|yes";FALSE;FALSE;"general-purpose repository";FALSE
"10.1099/mgen.0.000963";TRUE;FALSE;FALSE;TRUE;"yes";FALSE;FALSE;"disciplinary repository";FALSE
"10.1101/gr.277334.122";TRUE;FALSE;FALSE;TRUE;"yes";FALSE;FALSE;"general-purpose repository";FALSE
"10.1172/jci166954";TRUE;FALSE;FALSE;TRUE;"yes";FALSE;FALSE;"disciplinary repository";FALSE
"10.3390/vetsci10050314";TRUE;FALSE;FALSE;TRUE;"yes";FALSE;FALSE;"disciplinary repository";FALSE
"10.7554/elife.86740";TRUE;FALSE;FALSE;TRUE;"yes|not_persistent";FALSE;FALSE;"general-purpose repository";FALSE
"10.1007/s11060-023-04319-1";TRUE;FALSE;FALSE;TRUE;"yes";FALSE;FALSE;"disciplinary repository";FALSE
"10.1038/s41467-022-35717-0";TRUE;FALSE;FALSE;TRUE;"yes|yes";FALSE;FALSE;"disciplinary repository";FALSE
"10.1038/s41467-023-43553-z";TRUE;FALSE;FALSE;TRUE;"yes";FALSE;FALSE;"disciplinary repository";FALSE
"10.1182/bloodadvances.2022007714";TRUE;FALSE;FALSE;TRUE;"yes";FALSE;FALSE;"disciplinary repository";FALSE
"10.1038/s42255-023-00781-3";TRUE;FALSE;FALSE;TRUE;"yes";FALSE;FALSE;"disciplinary repository";FALSE
"10.1038/s41591-023-02255-1";TRUE;FALSE;FALSE;TRUE;"yes";FALSE;FALSE;"disciplinary repository";FALSE
"10.26508/lsa.202201411";TRUE;FALSE;FALSE;TRUE;"yes";FALSE;FALSE;"disciplinary repository";FALSE
"10.1016/j.celrep.2023.113166";TRUE;FALSE;FALSE;TRUE;"yes";FALSE;FALSE;"disciplinary repository";FALSE
"10.1038/s42003-023-04410-3";TRUE;FALSE;FALSE;TRUE;"yes";FALSE;FALSE;"disciplinary repository";FALSE
"10.1038/s41467-023-39651-7";TRUE;FALSE;FALSE;TRUE;"yes|yes";FALSE;FALSE;"disciplinary and general-purpose repositories";FALSE
"10.1038/s41590-023-01517-x";TRUE;FALSE;FALSE;TRUE;"yes";FALSE;FALSE;"disciplinary repository";FALSE
"10.1038/s41467-023-43672-7";TRUE;FALSE;FALSE;TRUE;"yes";FALSE;FALSE;"disciplinary repository";FALSE
"10.1016/j.xcrm.2022.100877";TRUE;FALSE;FALSE;TRUE;"yes|yes";FALSE;FALSE;"disciplinary repository";FALSE
"10.1016/j.devcel.2023.11.013";TRUE;FALSE;FALSE;TRUE;"yes|yes";FALSE;FALSE;"disciplinary and general-purpose repositories";FALSE
"10.1038/s41598-023-42294-9";TRUE;FALSE;FALSE;TRUE;"yes";FALSE;FALSE;"disciplinary repository";FALSE
"10.1002/glia.24380";TRUE;FALSE;FALSE;TRUE;"yes";FALSE;FALSE;"general-purpose repository";FALSE
"10.1002/pmic.202300100";TRUE;FALSE;FALSE;TRUE;"yes";FALSE;FALSE;"disciplinary repository";FALSE
"10.1016/j.bioadv.2023.213423";TRUE;FALSE;FALSE;TRUE;"yes";FALSE;FALSE;"general-purpose repository";FALSE
"10.1016/j.chom.2023.10.007";TRUE;FALSE;FALSE;TRUE;"yes";FALSE;FALSE;"disciplinary repository";FALSE
"10.1016/j.stemcr.2023.09.002";TRUE;FALSE;FALSE;TRUE;"yes|yes";FALSE;FALSE;"disciplinary repository";FALSE
"10.1038/s41591-023-02556-5";TRUE;FALSE;FALSE;TRUE;"yes";FALSE;FALSE;"disciplinary repository";FALSE
"10.1186/s12916-023-03161-6";TRUE;FALSE;FALSE;TRUE;"yes";FALSE;FALSE;"general-purpose repository";FALSE
"10.1093/nargab/lqad102";TRUE;FALSE;TRUE;TRUE;"restricted|yes";TRUE;FALSE;"general-purpose repository";FALSE
"10.1126/sciadv.abq0651";TRUE;FALSE;FALSE;TRUE;"yes";FALSE;FALSE;"disciplinary repository";FALSE
"10.1126/sciadv.ade9238";TRUE;FALSE;FALSE;TRUE;"yes|yes|reuse_access";FALSE;TRUE;"disciplinary repository";FALSE
"10.1093/bioinformatics/btad280";TRUE;FALSE;FALSE;TRUE;"yes";FALSE;FALSE;"general-purpose repository";FALSE
"10.3389/fimmu.2023.1056525";TRUE;FALSE;FALSE;TRUE;"yes";FALSE;FALSE;"disciplinary repository";FALSE
"10.7554/elife.81032";TRUE;FALSE;FALSE;TRUE;"yes";FALSE;FALSE;"general-purpose repository";FALSE
"10.1080/19490976.2023.2233689";TRUE;FALSE;FALSE;TRUE;"yes";FALSE;FALSE;"disciplinary repository";FALSE
"10.1136/bmjment-2022-300626";TRUE;FALSE;FALSE;TRUE;"yes";FALSE;FALSE;"general-purpose repository";FALSE
"10.1159/000531128";TRUE;FALSE;FALSE;TRUE;"yes";FALSE;FALSE;"disciplinary repository";FALSE
"10.1371/journal.pone.0293736";TRUE;FALSE;FALSE;TRUE;"yes";FALSE;FALSE;"general-purpose repository";FALSE
"10.1186/s12885-023-11551-5";TRUE;FALSE;FALSE;TRUE;"yes";FALSE;FALSE;"disciplinary repository";FALSE
"10.1242/dmm.049861";TRUE;FALSE;FALSE;TRUE;"yes";FALSE;FALSE;"disciplinary repository";FALSE
"10.1111/ejn.16161";TRUE;FALSE;FALSE;TRUE;"yes";FALSE;FALSE;"general-purpose repository";FALSE
"10.1038/s41467-023-40079-2";TRUE;FALSE;FALSE;TRUE;"yes";FALSE;FALSE;"general-purpose repository";FALSE
"10.3390/pathogens12050685";TRUE;FALSE;FALSE;TRUE;"yes";FALSE;FALSE;"disciplinary repository";FALSE
"10.1186/s12887-022-03814-0";TRUE;FALSE;FALSE;TRUE;"yes";FALSE;FALSE;"general-purpose repository";FALSE
"10.1016/j.bbi.2023.03.023";TRUE;FALSE;FALSE;TRUE;"yes";FALSE;FALSE;"disciplinary repository";FALSE
"10.1016/j.celrep.2023.112926";TRUE;FALSE;FALSE;TRUE;"yes|yes";FALSE;FALSE;"disciplinary repository";FALSE
"10.1158/1078-0432.ccr-22-3790";TRUE;FALSE;FALSE;TRUE;"yes";FALSE;FALSE;"disciplinary repository";FALSE
"10.1038/s41598-023-40803-4";TRUE;FALSE;FALSE;TRUE;"yes";FALSE;FALSE;"general-purpose repository";FALSE
"10.1016/j.gim.2023.100950";TRUE;FALSE;FALSE;TRUE;"yes";FALSE;FALSE;"general-purpose repository";FALSE
"10.1016/j.immuni.2023.05.017";TRUE;FALSE;FALSE;TRUE;"yes|embargo";FALSE;FALSE;"disciplinary repository";FALSE
"10.1172/jci158348";TRUE;FALSE;FALSE;TRUE;"yes|yes";FALSE;FALSE;"disciplinary repository";FALSE
"10.1016/j.neuron.2022.12.010";TRUE;FALSE;FALSE;TRUE;"yes";FALSE;FALSE;"general-purpose repository";FALSE
"10.3390/cells12040606";TRUE;FALSE;FALSE;TRUE;"yes";FALSE;FALSE;"disciplinary repository";FALSE
"10.1038/s41467-023-40235-8";TRUE;FALSE;TRUE;TRUE;"reuse_access|yes|restricted";TRUE;TRUE;"disciplinary repository";FALSE
"10.1016/j.xgen.2023.100347";TRUE;FALSE;FALSE;TRUE;"yes|yes";FALSE;FALSE;"general-purpose repository";FALSE
"10.1038/s41598-023-48706-0";TRUE;FALSE;FALSE;TRUE;"yes";FALSE;FALSE;"general-purpose repository";FALSE
"10.1242/dev.201562";TRUE;FALSE;FALSE;TRUE;"yes";FALSE;FALSE;"disciplinary repository";FALSE
"10.1128/jvi.00205-23";TRUE;FALSE;FALSE;TRUE;"yes|yes|yes";FALSE;TRUE;"general-purpose repository";FALSE
"10.1371/journal.pone.0286522";TRUE;FALSE;FALSE;TRUE;"yes";FALSE;FALSE;"general-purpose repository";FALSE
"10.1038/s41467-023-43614-3";TRUE;FALSE;FALSE;TRUE;"yes";FALSE;FALSE;"disciplinary repository";FALSE
"10.1038/s41536-023-00291-6";TRUE;FALSE;FALSE;TRUE;"yes|yes";FALSE;FALSE;"disciplinary repository";FALSE
"10.1016/j.cmet.2023.01.009";TRUE;FALSE;FALSE;TRUE;"yes";FALSE;FALSE;"disciplinary repository";FALSE
"10.1038/s41587-023-01881-x";TRUE;FALSE;FALSE;TRUE;"yes|yes";FALSE;FALSE;"disciplinary repository";FALSE
"10.1073/pnas.2122053120";TRUE;FALSE;FALSE;TRUE;"yes";FALSE;FALSE;"disciplinary repository";FALSE
"10.1126/sciadv.adh2560";TRUE;FALSE;FALSE;TRUE;"yes";FALSE;FALSE;"general-purpose repository";FALSE
"10.1038/s41598-023-35370-7";TRUE;FALSE;FALSE;TRUE;"yes";FALSE;FALSE;"general-purpose repository";FALSE
"10.1111/bcp.15911";TRUE;FALSE;FALSE;TRUE;"yes";FALSE;FALSE;"general-purpose repository";FALSE
"10.1162/imag_a_00028";TRUE;FALSE;FALSE;TRUE;"yes";FALSE;FALSE;"general-purpose repository";FALSE
"10.7554/elife.84029";TRUE;FALSE;FALSE;TRUE;"yes";FALSE;FALSE;"general-purpose repository";FALSE
"10.3389/fimmu.2023.1163198";TRUE;FALSE;FALSE;TRUE;"yes|yes";FALSE;FALSE;"disciplinary repository";FALSE
"10.7554/elife.88367";TRUE;FALSE;TRUE;TRUE;"restricted|yes";TRUE;FALSE;"general-purpose repository";FALSE
"10.1038/s41588-023-01561-1";TRUE;FALSE;TRUE;TRUE;"restricted|restricted|reuse_access|reuse_access|yes|reuse_access";TRUE;TRUE;"disciplinary repository";FALSE
"10.1016/j.ejca.2023.113294";TRUE;FALSE;FALSE;TRUE;"yes";FALSE;FALSE;"general-purpose repository";FALSE
"10.3389/fimmu.2023.1200725";TRUE;FALSE;FALSE;TRUE;"yes";FALSE;FALSE;"general-purpose repository";FALSE
"10.1038/s41597-023-02153-8";TRUE;FALSE;FALSE;TRUE;"yes";FALSE;FALSE;"disciplinary repository";FALSE
"10.3390/v15040953";TRUE;FALSE;FALSE;TRUE;"yes";FALSE;FALSE;"disciplinary repository";FALSE
"10.7554/elife.66550";TRUE;FALSE;FALSE;TRUE;"yes|yes|yes";FALSE;FALSE;"disciplinary repository";FALSE
"10.1186/s13287-023-03519-w";TRUE;FALSE;FALSE;TRUE;"yes|yes";FALSE;FALSE;"disciplinary repository";FALSE
"10.3390/antibiotics12030441";TRUE;FALSE;FALSE;TRUE;"yes";FALSE;FALSE;"general-purpose repository";FALSE
"10.1038/s41366-023-01271-y";TRUE;FALSE;FALSE;TRUE;"yes";FALSE;FALSE;"disciplinary repository";FALSE
"10.1038/s41467-023-36607-9";TRUE;FALSE;FALSE;TRUE;"yes|yes|yes";FALSE;FALSE;"disciplinary repository";FALSE
"10.1038/s41540-023-00319-z";TRUE;FALSE;FALSE;TRUE;"yes";FALSE;FALSE;"disciplinary repository";FALSE
"10.1136/bmjopen-2022-064170";TRUE;FALSE;FALSE;TRUE;"yes";FALSE;FALSE;"general-purpose repository";FALSE
"10.3389/fcell.2023.1229584";TRUE;FALSE;FALSE;TRUE;"yes|yes";FALSE;FALSE;"disciplinary repository";FALSE
"10.7554/elife.88367.3";TRUE;FALSE;TRUE;TRUE;"restricted|yes";TRUE;FALSE;"general-purpose repository";FALSE
"10.15252/msb.202211147";TRUE;FALSE;FALSE;TRUE;"yes|yes";FALSE;FALSE;"disciplinary repository";FALSE
"10.1016/j.celrep.2023.112739";TRUE;FALSE;FALSE;TRUE;"yes";FALSE;FALSE;"disciplinary repository";FALSE
"10.1016/j.redox.2023.102908";TRUE;FALSE;FALSE;TRUE;"yes";FALSE;FALSE;"disciplinary repository";FALSE
"10.1038/s41467-023-36120-z";TRUE;FALSE;FALSE;TRUE;"yes";FALSE;FALSE;"general-purpose repository";FALSE
"10.1073/pnas.2206324120";TRUE;FALSE;FALSE;TRUE;"yes";FALSE;FALSE;"disciplinary repository";FALSE
"10.1038/s41593-023-01435-z";TRUE;FALSE;FALSE;TRUE;"yes|yes|yes|yes|reuse_access|reuse_access|reuse_access";FALSE;TRUE;"disciplinary and general-purpose repositories";FALSE
"10.1111/psyp.14268";TRUE;FALSE;FALSE;TRUE;"yes";FALSE;FALSE;"general-purpose repository";FALSE
"10.3389/fimmu.2023.1114368";TRUE;FALSE;FALSE;TRUE;"yes";FALSE;FALSE;"disciplinary repository";FALSE
"10.1038/s41598-023-47767-5";TRUE;FALSE;FALSE;TRUE;"yes";FALSE;FALSE;"disciplinary repository";FALSE
"10.1002/bdm.2357";TRUE;FALSE;FALSE;TRUE;"yes";FALSE;FALSE;"general-purpose repository";FALSE
"10.1177/21677026231160709";TRUE;FALSE;FALSE;TRUE;"yes";FALSE;FALSE;"general-purpose repository";FALSE
"10.1038/s41589-023-01326-1";TRUE;FALSE;FALSE;TRUE;"yes|yes|yes|yes";FALSE;FALSE;"disciplinary and general-purpose repositories";FALSE
"10.1002/bimj.202200061";TRUE;FALSE;FALSE;TRUE;"yes";FALSE;FALSE;"general-purpose repository";FALSE
"10.1186/s12864-023-09409-y";TRUE;FALSE;FALSE;TRUE;"yes";FALSE;FALSE;"disciplinary repository";FALSE
"10.1186/s13059-023-03060-2";TRUE;FALSE;FALSE;TRUE;"yes|yes";FALSE;FALSE;"disciplinary repository";FALSE
"10.1002/jmv.29046";TRUE;FALSE;FALSE;TRUE;"yes|yes";FALSE;TRUE;"disciplinary repository";FALSE
"10.1186/s13059-023-02928-7";TRUE;FALSE;FALSE;TRUE;"yes";FALSE;FALSE;"disciplinary repository";FALSE
"10.1007/s00401-022-02516-2";TRUE;FALSE;FALSE;TRUE;"yes";FALSE;FALSE;"disciplinary repository";FALSE
"10.1007/s10461-022-03859-3";TRUE;FALSE;FALSE;TRUE;"yes";FALSE;FALSE;"general-purpose repository";FALSE
"10.1093/gigascience/giad024";TRUE;FALSE;FALSE;TRUE;"yes|reuse_access|reuse_access|reuse_access";FALSE;TRUE;"general-purpose repository";FALSE
"10.1093/ecco-jcc/jjad088";TRUE;FALSE;FALSE;TRUE;"yes";FALSE;FALSE;"disciplinary repository";FALSE
"10.1038/s41467-023-41502-4";TRUE;FALSE;FALSE;TRUE;"reuse_access|yes|reuse_access|yes";FALSE;TRUE;"disciplinary repository";FALSE
"10.1126/science.abo7201";TRUE;FALSE;FALSE;TRUE;"reuse_access|yes|yes";FALSE;TRUE;"general-purpose repository";FALSE
"10.1126/science.abq5202";TRUE;FALSE;FALSE;TRUE;"yes|reuse_access|yes";FALSE;TRUE;"disciplinary and general-purpose repositories";FALSE
"10.1016/j.clinph.2023.05.012";TRUE;FALSE;FALSE;TRUE;"yes";FALSE;FALSE;"general-purpose repository";FALSE
"10.1007/s10237-022-01682-2";TRUE;FALSE;FALSE;TRUE;"yes";FALSE;FALSE;"general-purpose repository";FALSE
"10.1126/sciimmunol.ade7953";TRUE;FALSE;FALSE;TRUE;"yes|yes|yes";FALSE;FALSE;"disciplinary and general-purpose repositories";FALSE
"10.1007/s10875-022-01379-2";TRUE;FALSE;FALSE;TRUE;"yes";FALSE;FALSE;"disciplinary repository";FALSE
"10.1084/jem.20220170";TRUE;FALSE;FALSE;TRUE;"yes|yes|yes";FALSE;FALSE;"disciplinary repository";FALSE
"10.1111/nan.12856";TRUE;FALSE;TRUE;TRUE;"restricted|restricted|yes";TRUE;FALSE;"disciplinary repository";FALSE
"10.1186/s40478-023-01525-w";TRUE;FALSE;FALSE;TRUE;"yes";FALSE;FALSE;"disciplinary repository";FALSE
"10.1200/jco.22.02582";TRUE;FALSE;FALSE;TRUE;"yes";FALSE;FALSE;"disciplinary repository";FALSE
"10.1158/2643-3230.bcd-22-0082";TRUE;FALSE;TRUE;TRUE;"yes|yes|restricted";TRUE;FALSE;"disciplinary repository";FALSE
"10.15252/embr.202255363";TRUE;FALSE;FALSE;TRUE;"yes|yes";FALSE;FALSE;"disciplinary repository";FALSE
"10.1128/spectrum.02139-21";TRUE;FALSE;FALSE;TRUE;"yes|yes|yes";FALSE;FALSE;"disciplinary repository";FALSE
"10.36185/2532-1900-339";TRUE;FALSE;FALSE;TRUE;"yes";FALSE;FALSE;"disciplinary repository";FALSE
"10.1016/j.immuni.2023.04.014";TRUE;FALSE;FALSE;TRUE;"yes";FALSE;FALSE;"disciplinary repository";FALSE
"10.1186/s13046-023-02799-7";TRUE;FALSE;FALSE;TRUE;"yes|yes|reuse_access|reuse_access|reuse_access";FALSE;TRUE;"disciplinary repository";FALSE
"10.26508/lsa.202201826";TRUE;FALSE;FALSE;TRUE;"yes|yes";FALSE;FALSE;"disciplinary repository";FALSE
"10.3758/s13428-022-02019-8";TRUE;FALSE;FALSE;TRUE;"yes";FALSE;FALSE;"general-purpose repository";FALSE
"10.15252/emmm.202216225";TRUE;FALSE;FALSE;TRUE;"yes|yes|yes";FALSE;FALSE;"disciplinary repository";FALSE
"10.1111/pcmr.13121";TRUE;FALSE;FALSE;TRUE;"yes";FALSE;FALSE;"disciplinary repository";FALSE
"10.2807/1560-7917.es.2023.28.48.2300258";TRUE;FALSE;FALSE;TRUE;"yes|yes|yes|yes";FALSE;FALSE;"disciplinary repository";FALSE
"10.1210/endocr/bqad076";TRUE;FALSE;TRUE;TRUE;"yes|yes|restricted";TRUE;FALSE;"disciplinary repository";FALSE
"10.3390/ijms241411285";TRUE;FALSE;FALSE;TRUE;"yes|reuse_access|reuse_access";FALSE;TRUE;"disciplinary repository";FALSE
"10.1038/s42003-023-05522-6";TRUE;FALSE;FALSE;TRUE;"yes";FALSE;FALSE;"general-purpose repository";FALSE
"10.1093/bioadv/vbad063";TRUE;FALSE;FALSE;TRUE;"yes";FALSE;FALSE;"disciplinary repository";FALSE
"10.3390/publications11010004";TRUE;FALSE;FALSE;TRUE;"yes";FALSE;FALSE;"general-purpose repository";FALSE
"10.1016/j.neo.2023.100945";TRUE;FALSE;FALSE;TRUE;"yes";FALSE;FALSE;"disciplinary repository";FALSE
"10.1038/s41375-023-02005-9";TRUE;FALSE;FALSE;TRUE;"yes|yes";FALSE;FALSE;"disciplinary repository";FALSE
"10.3389/fcimb.2023.1324668";TRUE;FALSE;FALSE;TRUE;"yes|yes|yes";FALSE;FALSE;"disciplinary repository";FALSE
"10.1038/s41564-022-01304-8";TRUE;FALSE;FALSE;TRUE;"yes|yes|yes|yes";FALSE;FALSE;"disciplinary repository";FALSE
"10.1038/s42003-023-04652-1";TRUE;FALSE;FALSE;TRUE;"yes";FALSE;FALSE;"disciplinary repository";FALSE
"10.1093/nar/gkad121";TRUE;FALSE;FALSE;TRUE;"yes|yes|yes|yes|yes|reuse_access|reuse_access|reuse_access";FALSE;TRUE;"disciplinary and general-purpose repositories";FALSE
"10.1210/clinem/dgad031";TRUE;FALSE;FALSE;TRUE;"yes|yes|yes|reuse_access|reuse_access";FALSE;TRUE;"disciplinary and general-purpose repositories";FALSE
"10.5281/zenodo.8425610";TRUE;FALSE;FALSE;TRUE;"yes|yes|yes|yes|yes|yes|yes|reuse_access|reuse_access|reuse_access";FALSE;TRUE;"disciplinary repository";FALSE
"10.1016/j.bpsgos.2022.01.009";TRUE;FALSE;FALSE;TRUE;"yes|yes|yes";FALSE;FALSE;"disciplinary repository";FALSE
"10.1016/j.ebiom.2023.104782";TRUE;FALSE;FALSE;TRUE;"yes";FALSE;FALSE;"disciplinary repository";FALSE
"10.1016/j.immuni.2023.04.002";TRUE;FALSE;FALSE;TRUE;"yes|yes|yes";FALSE;FALSE;"disciplinary repository";FALSE
"10.1038/s41477-023-01407-y";TRUE;FALSE;FALSE;TRUE;"yes|yes|yes|reuse_access|reuse_access|reuse_access";FALSE;TRUE;"disciplinary repository";FALSE
"10.1111/jcpe.13824";TRUE;FALSE;FALSE;TRUE;"yes";FALSE;FALSE;"disciplinary repository";FALSE
"10.1111/nan.12866";TRUE;FALSE;FALSE;TRUE;"yes";FALSE;FALSE;"general-purpose repository";FALSE
"10.1038/s41375-023-02013-9";TRUE;FALSE;FALSE;TRUE;"yes|yes|yes";FALSE;FALSE;"disciplinary repository";FALSE
"10.1038/s41467-023-37057-z";TRUE;FALSE;FALSE;TRUE;"yes";FALSE;FALSE;"disciplinary repository";FALSE
"10.1038/s41467-023-38580-9";TRUE;FALSE;FALSE;TRUE;"yes";FALSE;FALSE;"general-purpose repository";FALSE
"10.1038/s41467-023-41180-2";TRUE;FALSE;FALSE;TRUE;"yes|yes";FALSE;FALSE;"general-purpose repository";FALSE
"10.1038/s41467-023-42588-6";TRUE;FALSE;FALSE;TRUE;"yes";FALSE;FALSE;"general-purpose repository";FALSE
"10.1038/s41586-023-06548-w";TRUE;FALSE;FALSE;TRUE;"yes";FALSE;FALSE;"disciplinary repository";FALSE
"10.1002/hep.32776";TRUE;FALSE;FALSE;TRUE;"yes";FALSE;FALSE;"disciplinary repository";FALSE
"10.1007/s00216-023-04635-5";TRUE;FALSE;FALSE;TRUE;"yes";FALSE;FALSE;"general-purpose repository";FALSE
"10.1002/glia.24274";TRUE;FALSE;FALSE;TRUE;"yes|yes";FALSE;TRUE;"disciplinary repository";FALSE
"10.1002/eji.202250059";TRUE;FALSE;FALSE;TRUE;"yes";FALSE;FALSE;"disciplinary repository";FALSE
"10.1016/j.cell.2023.03.026";TRUE;FALSE;FALSE;TRUE;"yes";FALSE;FALSE;"disciplinary repository";FALSE
"10.3390/v15051087";TRUE;FALSE;FALSE;TRUE;"yes";FALSE;FALSE;"disciplinary repository";FALSE
"10.3389/fimmu.2022.1083119";TRUE;FALSE;FALSE;TRUE;"yes";FALSE;FALSE;"disciplinary repository";FALSE
"10.15252/embj.2022112202";TRUE;FALSE;FALSE;TRUE;"yes";FALSE;FALSE;"disciplinary repository";FALSE
"10.1242/dev.201228";TRUE;FALSE;FALSE;TRUE;"yes";FALSE;FALSE;"disciplinary repository";FALSE
"10.1038/s41564-023-01433-8";TRUE;FALSE;FALSE;TRUE;"yes|reuse_access|reuse_access";FALSE;TRUE;"disciplinary repository";FALSE
"10.1038/s41592-023-01986-w";TRUE;FALSE;FALSE;TRUE;"yes|yes";FALSE;FALSE;"disciplinary and general-purpose repositories";FALSE
"10.1038/s41598-023-30179-w";TRUE;FALSE;FALSE;TRUE;"yes";FALSE;FALSE;"general-purpose repository";FALSE
"10.1038/s41598-023-39826-8";TRUE;FALSE;FALSE;TRUE;"yes";FALSE;FALSE;"general-purpose repository";FALSE
"10.1038/s43018-023-00653-5";TRUE;FALSE;FALSE;TRUE;"yes|yes|yes|reuse_access|reuse_access";FALSE;TRUE;"disciplinary repository";FALSE
"10.1073/pnas.2306761120";TRUE;FALSE;FALSE;TRUE;"yes|yes";FALSE;FALSE;"disciplinary repository";FALSE
"10.1093/pubmed/fdac124";TRUE;FALSE;FALSE;TRUE;"yes";FALSE;FALSE;"general-purpose repository";FALSE
"10.1093/nar/gkac1212";TRUE;FALSE;FALSE;TRUE;"yes";FALSE;FALSE;"general-purpose repository";FALSE
"10.1093/nargab/lqad061";TRUE;FALSE;TRUE;TRUE;"yes|restricted";TRUE;FALSE;"general-purpose repository";FALSE
"10.1111/jcpe.13758";TRUE;FALSE;FALSE;TRUE;"yes";FALSE;FALSE;"disciplinary repository";FALSE
"10.1186/s13071-023-05800-6";TRUE;FALSE;FALSE;TRUE;"not_persistent|yes";FALSE;FALSE;"disciplinary repository";FALSE
"10.1111/liv.15517";TRUE;FALSE;FALSE;TRUE;"yes|reuse_access";FALSE;TRUE;"disciplinary repository";FALSE
"10.1007/s12035-023-03219-9";TRUE;FALSE;FALSE;TRUE;"yes";FALSE;FALSE;"disciplinary repository";FALSE
"10.1126/science.adj0070";TRUE;FALSE;FALSE;TRUE;"yes";FALSE;FALSE;"general-purpose repository";FALSE
"10.1136/gutjnl-2023-329628";TRUE;FALSE;FALSE;TRUE;"yes";FALSE;FALSE;"disciplinary repository";FALSE
"10.1172/jci.insight.169135";TRUE;FALSE;FALSE;TRUE;"yes";FALSE;FALSE;"disciplinary repository";FALSE
"10.1186/s12866-023-02788-y";TRUE;FALSE;FALSE;TRUE;"yes";FALSE;FALSE;"disciplinary repository";FALSE
"10.1186/s12913-023-09226-9";TRUE;FALSE;FALSE;TRUE;"yes";FALSE;FALSE;"general-purpose repository";FALSE
"10.1371/journal.pone.0279763";TRUE;FALSE;FALSE;TRUE;"yes";FALSE;FALSE;"general-purpose repository";FALSE
"10.1371/journal.pone.0283889";TRUE;FALSE;FALSE;TRUE;"yes";FALSE;FALSE;"general-purpose repository";FALSE
"10.1371/journal.pone.0281387";TRUE;FALSE;FALSE;TRUE;"yes";FALSE;FALSE;"general-purpose repository";FALSE
"10.1371/journal.pone.0286304";TRUE;FALSE;FALSE;TRUE;"yes";FALSE;FALSE;"general-purpose repository";FALSE
"10.1371/journal.pbio.3002164";TRUE;FALSE;FALSE;TRUE;"yes|yes";FALSE;FALSE;"disciplinary repository";FALSE
"10.15252/emmm.202318144";TRUE;FALSE;TRUE;TRUE;"reuse_access|restricted|yes|reuse_access";TRUE;TRUE;"disciplinary repository";FALSE
"10.3389/fbioe.2022.1042711";TRUE;FALSE;FALSE;TRUE;"yes";FALSE;FALSE;"disciplinary repository";FALSE
"10.3389/fimmu.2023.1125017";TRUE;FALSE;FALSE;TRUE;"yes";FALSE;FALSE;"disciplinary repository";FALSE
"10.3389/fimmu.2023.1281646";TRUE;FALSE;FALSE;TRUE;"yes";FALSE;FALSE;"disciplinary repository";FALSE
"10.3389/fmicb.2023.1172574";TRUE;FALSE;FALSE;TRUE;"yes";FALSE;FALSE;"disciplinary repository";FALSE
"10.3390/cells12152001";TRUE;FALSE;FALSE;TRUE;"yes|reuse_access";FALSE;TRUE;"disciplinary repository";FALSE
"10.3390/metabo13080910";TRUE;FALSE;FALSE;TRUE;"yes";FALSE;FALSE;"disciplinary repository";FALSE
"10.3390/pathogens12070967";TRUE;FALSE;FALSE;TRUE;"yes|yes";FALSE;FALSE;"disciplinary repository";FALSE
"10.7554/elife.87860";TRUE;FALSE;FALSE;TRUE;"yes";FALSE;FALSE;"disciplinary repository";FALSE
"10.1038/s41388-023-02839-8";TRUE;FALSE;FALSE;TRUE;"yes";FALSE;FALSE;"disciplinary repository";FALSE
"10.1038/s41431-023-01425-6";TRUE;FALSE;FALSE;TRUE;"yes";FALSE;FALSE;"general-purpose repository";FALSE
"10.1038/s41538-022-00176-w";TRUE;FALSE;FALSE;TRUE;"yes";FALSE;FALSE;"general-purpose repository";FALSE
"10.7717/peerj.14607";TRUE;FALSE;FALSE;TRUE;"yes";FALSE;FALSE;"general-purpose repository";FALSE
"10.1038/s41588-023-01433-8";TRUE;FALSE;FALSE;TRUE;"yes|reuse_access";FALSE;TRUE;"disciplinary repository";FALSE
"10.1038/s41467-023-37671-x";TRUE;FALSE;FALSE;TRUE;"yes";FALSE;FALSE;"disciplinary repository";FALSE
"10.1038/s41467-023-39837-z";TRUE;FALSE;FALSE;TRUE;"yes";FALSE;FALSE;"disciplinary repository";FALSE
"10.1038/s41586-023-05755-9";TRUE;FALSE;FALSE;TRUE;"yes|yes|not_persistent";FALSE;FALSE;"disciplinary repository";FALSE
"10.1038/s41586-023-06003-w";TRUE;FALSE;FALSE;TRUE;"yes|yes|reuse_access";FALSE;TRUE;"disciplinary repository";FALSE
"10.1038/s41593-023-01286-8";TRUE;FALSE;FALSE;TRUE;"yes|yes";FALSE;FALSE;"disciplinary and general-purpose repositories";FALSE
"10.1038/s41586-023-06585-5";TRUE;FALSE;FALSE;TRUE;"yes";FALSE;FALSE;"disciplinary repository";FALSE
"10.1038/s41586-023-06704-2";TRUE;FALSE;FALSE;TRUE;"yes|reuse_access|reuse_access|reuse_access";FALSE;TRUE;"disciplinary repository";FALSE
"10.1093/neuonc/noad198";TRUE;FALSE;FALSE;TRUE;"yes";FALSE;FALSE;"disciplinary repository";FALSE
"10.1038/s41587-023-01704-z";TRUE;FALSE;FALSE;TRUE;"yes|unsure|yes";FALSE;FALSE;"disciplinary repository";FALSE
"10.1038/s41467-023-36491-3";TRUE;FALSE;FALSE;TRUE;"unsure|not_persistent|unsure|reuse_access|reuse_access";FALSE;TRUE;"disciplinary repository";FALSE
"10.1038/s41467-023-38044-0";TRUE;FALSE;TRUE;TRUE;"restricted|yes|reuse_access|reuse_access|yes|reuse_access";TRUE;TRUE;"disciplinary repository";FALSE
"10.1038/s41467-023-40068-5";TRUE;FALSE;FALSE;TRUE;"yes|yes|reuse_access|reuse_access|yes";FALSE;TRUE;"general-purpose repository";FALSE
"10.1016/j.cell.2023.04.012";TRUE;FALSE;FALSE;TRUE;"yes|yes|yes";FALSE;TRUE;"disciplinary repository";FALSE
"10.1038/s41467-023-38383-y";TRUE;FALSE;FALSE;TRUE;"yes|yes|yes|reuse_access|reuse_access|reuse_access";FALSE;TRUE;"disciplinary and general-purpose repositories";FALSE
"10.1038/s41467-023-40213-0";TRUE;FALSE;FALSE;TRUE;"yes|yes";FALSE;FALSE;"disciplinary and general-purpose repositories";FALSE
"10.1038/s41588-023-01462-3";TRUE;FALSE;FALSE;TRUE;"yes|reuse_access|reuse_access|reuse_access";FALSE;TRUE;"disciplinary repository";FALSE
"10.1038/s41467-023-40220-1";TRUE;FALSE;FALSE;TRUE;"yes|reuse_access";FALSE;TRUE;"disciplinary repository";FALSE
"10.1038/s41467-023-39253-3";TRUE;FALSE;FALSE;TRUE;"yes|yes|reuse_access|reuse_access|reuse_access|reuse_access";FALSE;TRUE;"disciplinary and general-purpose repositories";FALSE
"10.1038/s41590-022-01386-w";TRUE;FALSE;FALSE;TRUE;"yes";FALSE;FALSE;"disciplinary repository";FALSE
"10.1038/s41591-023-02397-2";TRUE;FALSE;TRUE;TRUE;"restricted|yes|reuse_access";TRUE;TRUE;"disciplinary repository";FALSE
"10.1182/blood.2022017230";TRUE;FALSE;TRUE;TRUE;"yes|yes|restricted";TRUE;FALSE;"disciplinary repository";FALSE
"10.7717/peerj.15499";TRUE;FALSE;FALSE;TRUE;"yes";FALSE;FALSE;"general-purpose repository";FALSE
"10.1038/s41592-023-01903-1";TRUE;FALSE;FALSE;TRUE;"yes|reuse_access|reuse_access";FALSE;TRUE;"disciplinary repository";FALSE
"10.1038/s41592-023-02005-8";TRUE;FALSE;FALSE;TRUE;"yes|reuse_access";FALSE;TRUE;"general-purpose repository";FALSE
"10.1038/s41588-023-01314-0";TRUE;FALSE;FALSE;TRUE;"yes";FALSE;FALSE;"general-purpose repository";FALSE
"10.1038/s41598-023-39260-w";TRUE;FALSE;FALSE;TRUE;"yes|yes|reuse_access";FALSE;TRUE;"disciplinary repository";FALSE
"10.1038/s41467-023-39965-6";TRUE;FALSE;FALSE;TRUE;"yes|yes|yes|reuse_access|reuse_access";FALSE;TRUE;"disciplinary repository";FALSE
"10.1038/s41586-023-06311-1";TRUE;FALSE;FALSE;TRUE;"yes|reuse_access|reuse_access|reuse_access|reuse_access";FALSE;TRUE;"disciplinary repository";FALSE
"10.1038/s41588-023-01485-w";TRUE;FALSE;TRUE;TRUE;"yes|reuse_access|reuse_access|restricted|restricted";TRUE;TRUE;"general-purpose repository";FALSE
"10.1038/s41590-023-01620-z";TRUE;FALSE;TRUE;TRUE;"yes|restricted|reuse_access";TRUE;TRUE;"disciplinary repository";FALSE
"10.1038/s41467-023-44247-2";TRUE;FALSE;FALSE;TRUE;"yes|reuse_access|reuse_access";FALSE;TRUE;"disciplinary repository";FALSE
"10.1038/s41588-023-01409-8";TRUE;FALSE;FALSE;TRUE;"yes|reuse_access|reuse_access|reuse_access";FALSE;TRUE;"general-purpose repository";FALSE
"10.1038/s41588-022-01270-1";TRUE;FALSE;FALSE;TRUE;"yes|reuse_access|reuse_access|reuse_access";FALSE;TRUE;"general-purpose repository";FALSE
"10.1038/s42255-023-00753-7";TRUE;FALSE;FALSE;TRUE;"reuse_access|yes|reuse_access|reuse_access";FALSE;TRUE;"general-purpose repository";FALSE
"10.1016/j.immuni.2023.01.029";TRUE;FALSE;FALSE;TRUE;"yes|yes|reuse_access";FALSE;TRUE;"disciplinary and general-purpose repositories";FALSE
"10.3389/fnhum.2023.1277539";TRUE;FALSE;FALSE;TRUE;"yes";FALSE;FALSE;"general-purpose repository";FALSE
"10.1099/mgen.0.000937";TRUE;FALSE;FALSE;TRUE;"yes";FALSE;FALSE;"disciplinary repository";FALSE
"10.1016/j.xcrm.2023.100992";TRUE;FALSE;FALSE;TRUE;"yes|not_persistent|unsure|reuse_access|reuse_access";FALSE;TRUE;"disciplinary and general-purpose repositories";FALSE
"10.3389/fcvm.2023.1136935";TRUE;FALSE;FALSE;TRUE;"yes";FALSE;FALSE;"general-purpose repository";FALSE
"10.1186/s12943-023-01792-0";TRUE;FALSE;FALSE;TRUE;"yes|reuse_access|reuse_access";FALSE;TRUE;"disciplinary repository";FALSE
"10.1371/journal.pbio.3002410";TRUE;FALSE;FALSE;TRUE;"yes|reuse_access|reuse_access";FALSE;TRUE;"general-purpose repository";FALSE
"10.1038/s41593-022-01243-x";TRUE;FALSE;FALSE;TRUE;"yes|yes|yes";FALSE;FALSE;"disciplinary and general-purpose repositories";FALSE
"10.1016/j.neuron.2022.12.026";TRUE;FALSE;FALSE;TRUE;"yes|yes|reuse_access|reuse_access|reuse_access";FALSE;TRUE;"disciplinary repository";FALSE
"10.1038/s41467-023-38747-4";TRUE;FALSE;TRUE;TRUE;"reuse_access|reuse_access|restricted|reuse_access|yes|yes";TRUE;TRUE;"disciplinary repository";FALSE
"10.1172/jci169225";TRUE;FALSE;FALSE;TRUE;"yes";FALSE;FALSE;"disciplinary repository";FALSE
"10.1038/s43587-023-00513-y";TRUE;FALSE;FALSE;TRUE;"reuse_access|reuse_access|yes|reuse_access";FALSE;TRUE;"disciplinary repository";FALSE
"10.1038/s41467-022-35563-0";TRUE;FALSE;FALSE;TRUE;"reuse_access|reuse_access|yes";FALSE;TRUE;"general-purpose repository";FALSE
"10.1016/j.isci.2023.106198";TRUE;FALSE;FALSE;TRUE;"yes";FALSE;FALSE;"general-purpose repository";FALSE
"10.7554/elife.86740.3";TRUE;FALSE;FALSE;TRUE;"yes";FALSE;FALSE;"general-purpose repository";FALSE
"10.1007/s00259-023-06145-z";TRUE;FALSE;FALSE;TRUE;"yes";FALSE;FALSE;"general-purpose repository";FALSE
"10.1007/s00401-023-02608-7";TRUE;FALSE;FALSE;TRUE;"yes";FALSE;FALSE;"disciplinary repository";FALSE
"10.1016/j.isci.2023.106323";TRUE;FALSE;FALSE;TRUE;"yes";FALSE;FALSE;"disciplinary repository";FALSE
"10.1016/j.isci.2023.106941";TRUE;FALSE;FALSE;TRUE;"yes";FALSE;FALSE;"general-purpose repository";FALSE
"10.1162/jocn_a_02043";TRUE;FALSE;FALSE;TRUE;"yes";FALSE;FALSE;"general-purpose repository";FALSE
"10.1186/s13073-022-01148-1";TRUE;FALSE;FALSE;TRUE;"yes|yes|yes|yes";FALSE;FALSE;"disciplinary and general-purpose repositories";FALSE
"10.1371/journal.pmed.1004175";TRUE;FALSE;FALSE;TRUE;"yes";FALSE;FALSE;"general-purpose repository";FALSE
"10.1126/sciadv.ade2828";TRUE;FALSE;FALSE;TRUE;"yes";FALSE;FALSE;"disciplinary repository";FALSE
"10.1161/strokeaha.123.043897";TRUE;FALSE;FALSE;TRUE;"yes";FALSE;FALSE;"general-purpose repository";FALSE
"10.1016/j.dib.2023.109662";TRUE;FALSE;FALSE;TRUE;"yes";FALSE;FALSE;"general-purpose repository";FALSE
"10.1016/j.jid.2023.04.022";TRUE;FALSE;FALSE;TRUE;"yes|reuse_access";FALSE;TRUE;"general-purpose repository";FALSE
"10.1016/j.isci.2023.107225";TRUE;FALSE;FALSE;TRUE;"yes";FALSE;FALSE;"disciplinary repository";FALSE
"10.1016/j.jbc.2022.102865";TRUE;FALSE;FALSE;TRUE;"yes|yes";FALSE;FALSE;"disciplinary repository";FALSE
"10.1016/j.lanepe.2023.100770";TRUE;FALSE;FALSE;TRUE;"yes";FALSE;FALSE;"general-purpose repository";FALSE
"10.1016/j.neuroimage.2023.120187";TRUE;FALSE;FALSE;TRUE;"yes";FALSE;FALSE;"general-purpose repository";FALSE
"10.1016/j.neuroimage.2023.120326";TRUE;FALSE;FALSE;TRUE;"yes|yes";FALSE;TRUE;"general-purpose repository";FALSE
"10.1371/journal.pgen.1011004";TRUE;FALSE;FALSE;TRUE;"yes";FALSE;FALSE;"disciplinary repository";FALSE
"10.3390/cancers15204907";TRUE;FALSE;FALSE;TRUE;"yes";FALSE;FALSE;"general-purpose repository";FALSE
"10.15252/embj.2022112351";TRUE;FALSE;FALSE;TRUE;"yes|yes|yes";FALSE;FALSE;"disciplinary repository";FALSE
"10.1016/j.isci.2023.107405";TRUE;FALSE;FALSE;TRUE;"yes";FALSE;FALSE;"disciplinary repository";FALSE
"10.1038/s41392-023-01634-x";TRUE;FALSE;FALSE;TRUE;"yes|embargo";FALSE;FALSE;"disciplinary repository";FALSE
"10.1098/rsos.230215";TRUE;FALSE;FALSE;TRUE;"yes";FALSE;FALSE;"general-purpose repository";FALSE
"10.1111/tpj.16601";TRUE;FALSE;FALSE;TRUE;"yes|yes";FALSE;FALSE;"disciplinary repository";FALSE
"10.1177/09567976221140828";TRUE;FALSE;FALSE;TRUE;"yes";FALSE;FALSE;"general-purpose repository";FALSE
"10.1186/s12874-023-01991-9";TRUE;FALSE;FALSE;TRUE;"yes|not_persistent";FALSE;FALSE;"general-purpose repository";FALSE
"10.1186/s12910-022-00873-x";TRUE;FALSE;FALSE;TRUE;"yes";FALSE;FALSE;"general-purpose repository";FALSE
"10.1371/journal.pone.0289203";TRUE;FALSE;FALSE;TRUE;"yes";FALSE;FALSE;"general-purpose repository";FALSE
"10.3389/fimmu.2023.1320414";TRUE;FALSE;FALSE;TRUE;"yes";FALSE;FALSE;"disciplinary repository";FALSE
"10.3758/s13428-023-02134-0";TRUE;FALSE;FALSE;TRUE;"yes";FALSE;FALSE;"general-purpose repository";FALSE
"10.7554/elife.87860.3";TRUE;FALSE;FALSE;TRUE;"yes";FALSE;FALSE;"disciplinary repository";FALSE
"10.1016/j.jcmgh.2023.05.008";TRUE;FALSE;FALSE;TRUE;"yes";FALSE;FALSE;"disciplinary repository";FALSE
"10.3390/cells12060959";TRUE;FALSE;FALSE;TRUE;"yes";FALSE;FALSE;"general-purpose repository";FALSE
"10.1038/s41598-023-48892-x";TRUE;FALSE;FALSE;TRUE;"yes";FALSE;FALSE;"general-purpose repository";FALSE
"10.1016/j.cell.2023.09.004";TRUE;FALSE;FALSE;TRUE;"yes|not_persistent";FALSE;FALSE;"general-purpose repository";FALSE
"10.1016/j.dib.2023.109018";TRUE;FALSE;FALSE;TRUE;"yes";FALSE;FALSE;"disciplinary repository";FALSE
"10.1016/j.isci.2023.106412";TRUE;FALSE;FALSE;TRUE;"yes";FALSE;FALSE;"general-purpose repository";FALSE
"10.1038/s41467-023-42855-6";TRUE;FALSE;FALSE;TRUE;"yes|embargo";FALSE;FALSE;"general-purpose repository";FALSE
"10.1126/scitranslmed.abm7477";TRUE;FALSE;FALSE;TRUE;"yes|yes";FALSE;FALSE;"disciplinary repository";FALSE
"10.1038/s41467-023-36333-2";TRUE;FALSE;FALSE;TRUE;"yes|yes|yes";FALSE;FALSE;"disciplinary and general-purpose repositories";FALSE
"10.1093/cvr/cvad154";TRUE;FALSE;FALSE;TRUE;"yes|yes";FALSE;FALSE;"disciplinary repository";FALSE
"10.1080/22221751.2023.2259001";TRUE;FALSE;FALSE;TRUE;"yes|restricted";FALSE;TRUE;"disciplinary repository";FALSE
"10.1016/j.jlr.2023.100473";TRUE;FALSE;FALSE;TRUE;"yes";FALSE;FALSE;"disciplinary repository";FALSE
"10.1002/eji.202250162";TRUE;FALSE;FALSE;TRUE;"yes";FALSE;FALSE;"disciplinary repository";FALSE
"10.1096/fj.202301495r";TRUE;FALSE;FALSE;TRUE;"yes";FALSE;FALSE;"disciplinary repository";FALSE
"10.1002/eji.202250315";TRUE;FALSE;FALSE;TRUE;"yes";FALSE;FALSE;"disciplinary repository";FALSE
"10.1007/s43032-023-01365-y";TRUE;FALSE;FALSE;TRUE;"yes";FALSE;FALSE;"general-purpose repository";FALSE
"10.1016/j.isci.2023.107085";TRUE;FALSE;FALSE;TRUE;"yes|yes";FALSE;FALSE;"disciplinary repository";FALSE
"10.1016/j.jhep.2023.04.037";TRUE;FALSE;FALSE;TRUE;"yes|reuse_access";FALSE;TRUE;"disciplinary repository";FALSE
"10.1021/acs.analchem.2c05141";TRUE;FALSE;FALSE;TRUE;"yes";FALSE;FALSE;"disciplinary repository";FALSE
"10.1021/acsnano.3c02847";TRUE;FALSE;FALSE;TRUE;"yes";FALSE;FALSE;"general-purpose repository";FALSE
"10.1073/pnas.2207993120";TRUE;FALSE;FALSE;TRUE;"yes";FALSE;FALSE;"disciplinary repository";FALSE
"10.1016/j.isci.2023.105998";TRUE;FALSE;FALSE;TRUE;"yes";FALSE;FALSE;"general-purpose repository";FALSE
"10.1038/s41467-023-36735-2";TRUE;FALSE;FALSE;TRUE;"yes|yes|reuse_access";FALSE;TRUE;"disciplinary repository";FALSE
"10.1038/s41591-023-02673-1";TRUE;FALSE;TRUE;TRUE;"restricted|yes|yes|reuse_access|reuse_access|reuse_access|reuse_access";TRUE;TRUE;"disciplinary repository";FALSE
"10.1093/ve/vead024";TRUE;FALSE;FALSE;TRUE;"yes";FALSE;FALSE;"disciplinary repository";FALSE
"10.1136/bmjopen-2022-069553";TRUE;FALSE;FALSE;TRUE;"yes|not_persistent";FALSE;FALSE;"general-purpose repository";FALSE
"10.1371/journal.pone.0278325";TRUE;FALSE;FALSE;TRUE;"yes";FALSE;FALSE;"disciplinary repository";FALSE
"10.3389/fpsyg.2023.1123907";TRUE;FALSE;FALSE;TRUE;"yes";FALSE;FALSE;"general-purpose repository";FALSE
"10.26508/lsa.202302309";TRUE;FALSE;FALSE;TRUE;"yes|yes";FALSE;FALSE;"disciplinary repository";FALSE
"10.1016/j.cell.2022.12.007";TRUE;FALSE;FALSE;TRUE;"yes|yes|reuse_access";FALSE;TRUE;"disciplinary and general-purpose repositories";FALSE
"10.1016/j.ebiom.2023.104657";TRUE;FALSE;FALSE;TRUE;"yes|yes|yes";FALSE;TRUE;"disciplinary repository";FALSE
"10.1016/j.xgen.2023.100281";TRUE;FALSE;TRUE;TRUE;"restricted|yes|yes";TRUE;FALSE;"disciplinary and general-purpose repositories";FALSE
"10.1038/s41375-023-01832-0";TRUE;FALSE;FALSE;TRUE;"yes|yes";FALSE;FALSE;"disciplinary repository";FALSE
"10.1038/s41467-023-39245-3";TRUE;FALSE;FALSE;TRUE;"yes|yes";FALSE;TRUE;"disciplinary repository";FALSE
"10.1038/s41467-023-41954-8";TRUE;FALSE;TRUE;TRUE;"yes|yes|restricted|yes";TRUE;FALSE;"disciplinary repository";FALSE
"10.1038/s41551-023-01067-5";TRUE;FALSE;FALSE;TRUE;"yes|yes|yes";FALSE;FALSE;"disciplinary and general-purpose repositories";FALSE
"10.1038/s41586-022-05682-1";TRUE;FALSE;FALSE;TRUE;"yes|yes";FALSE;FALSE;"disciplinary and general-purpose repositories";FALSE
"10.1038/s41598-023-27792-0";TRUE;FALSE;FALSE;TRUE;"yes|restricted";FALSE;TRUE;"disciplinary repository";FALSE
"10.1055/a-2198-0545";TRUE;FALSE;FALSE;TRUE;"yes";FALSE;FALSE;"general-purpose repository";FALSE
"10.1172/jci.insight.162468";TRUE;FALSE;FALSE;TRUE;"yes";FALSE;FALSE;"general-purpose repository";FALSE
"10.3389/fpubh.2023.1284460";TRUE;FALSE;FALSE;TRUE;"yes";FALSE;FALSE;"general-purpose repository";FALSE
"10.1038/s41467-023-41876-5";TRUE;FALSE;FALSE;TRUE;"reuse_access|yes|reuse_access|reuse_access|reuse_access";FALSE;TRUE;"general-purpose repository";FALSE
"10.1083/jcb.202204001";TRUE;FALSE;FALSE;TRUE;"yes";FALSE;FALSE;"general-purpose repository";FALSE
"10.1093/braincomms/fcad105";TRUE;FALSE;FALSE;TRUE;"restricted|yes";FALSE;TRUE;"disciplinary repository";FALSE
"10.1136/gutjnl-2023-330365";TRUE;FALSE;FALSE;TRUE;"yes|yes";FALSE;FALSE;"disciplinary and general-purpose repositories";FALSE
"10.1186/s12916-023-02977-6";TRUE;FALSE;FALSE;TRUE;"yes";FALSE;FALSE;"general-purpose repository";FALSE
"10.1016/j.neo.2023.100934";TRUE;FALSE;FALSE;TRUE;"yes|yes|yes";FALSE;TRUE;"disciplinary repository";FALSE
"10.3390/toxins15110643";TRUE;FALSE;FALSE;TRUE;"yes";FALSE;FALSE;"disciplinary repository";FALSE
"10.7554/elife.88289.3";TRUE;FALSE;FALSE;TRUE;"not_persistent|yes";FALSE;FALSE;"disciplinary repository";FALSE
"10.1042/cs20220819";TRUE;FALSE;FALSE;TRUE;"yes";FALSE;FALSE;"general-purpose repository";FALSE
"10.1371/journal.pone.0292214";TRUE;FALSE;FALSE;TRUE;"yes|reuse_access";FALSE;TRUE;"general-purpose repository";FALSE
"10.1523/eneuro.0215-22.2023";TRUE;FALSE;FALSE;TRUE;"yes";FALSE;FALSE;"disciplinary repository";FALSE
"10.1016/j.xhgg.2022.100166";TRUE;FALSE;FALSE;TRUE;"restricted|yes|yes|not_persistent|reuse_access";FALSE;TRUE;"general-purpose repository";FALSE
"10.1038/s41467-023-42188-4";TRUE;FALSE;TRUE;TRUE;"yes|restricted";TRUE;FALSE;"disciplinary repository";FALSE
"10.1111/wrr.13127";TRUE;FALSE;FALSE;TRUE;"yes";FALSE;FALSE;"general-purpose repository";FALSE
"10.3389/fcvm.2023.1193209";TRUE;FALSE;FALSE;TRUE;"yes";FALSE;FALSE;"general-purpose repository";FALSE
"10.1016/j.jid.2023.10.034";TRUE;FALSE;FALSE;TRUE;"yes|yes|yes|restricted";FALSE;TRUE;"general-purpose repository";FALSE
"10.1016/j.molcel.2023.01.023";TRUE;FALSE;FALSE;TRUE;"yes|reuse_access";FALSE;TRUE;"disciplinary repository";FALSE
"10.1093/jleuko/qiad137";TRUE;FALSE;FALSE;TRUE;"yes";FALSE;FALSE;"disciplinary repository";FALSE
"10.1038/s41467-023-40584-4";TRUE;FALSE;TRUE;TRUE;"restricted|yes|yes|yes";TRUE;TRUE;"disciplinary repository";FALSE
"10.1038/s41598-023-38027-7";TRUE;FALSE;FALSE;TRUE;"yes|yes";FALSE;FALSE;"disciplinary repository";FALSE
"10.1126/sciadv.adi2095";TRUE;FALSE;FALSE;TRUE;"yes|yes|yes|reuse_access";FALSE;TRUE;"disciplinary repository";FALSE
"10.1371/journal.pone.0293905";TRUE;FALSE;FALSE;TRUE;"yes";FALSE;FALSE;"general-purpose repository";FALSE
"10.3389/fnrgo.2023.1233722";TRUE;FALSE;FALSE;TRUE;"yes";FALSE;FALSE;"general-purpose repository";FALSE
"10.1038/s41598-023-40007-w";TRUE;FALSE;FALSE;TRUE;"yes";FALSE;FALSE;"general-purpose repository";FALSE
"10.1126/sciadv.adg4479";TRUE;FALSE;FALSE;TRUE;"yes|yes";FALSE;FALSE;"disciplinary repository";FALSE
"10.3390/pathogens12091100";TRUE;FALSE;FALSE;TRUE;"yes";FALSE;FALSE;"disciplinary repository";FALSE
"10.7554/elife.88289";TRUE;FALSE;FALSE;TRUE;"not_persistent|not_persistent|yes";FALSE;FALSE;"disciplinary repository";FALSE
"10.1186/s12909-023-04568-8";TRUE;FALSE;FALSE;TRUE;"yes";FALSE;FALSE;"general-purpose repository";FALSE
"10.3390/e25050813";TRUE;FALSE;FALSE;TRUE;"yes";FALSE;FALSE;"general-purpose repository";FALSE
"10.1016/j.neuron.2023.06.018";TRUE;FALSE;FALSE;TRUE;"yes";FALSE;FALSE;"general-purpose repository";FALSE
"10.1016/j.stem.2023.04.001";TRUE;FALSE;TRUE;TRUE;"restricted|restricted|yes|yes";TRUE;TRUE;"general-purpose repository";FALSE
"10.1038/s42003-023-05429-2";TRUE;FALSE;FALSE;TRUE;"yes|yes";FALSE;FALSE;"disciplinary and general-purpose repositories";FALSE
"10.1111/cge.14241";TRUE;FALSE;FALSE;TRUE;"yes";FALSE;FALSE;"general-purpose repository";FALSE
"10.3390/v15091891";TRUE;FALSE;FALSE;TRUE;"yes";FALSE;FALSE;"disciplinary repository";FALSE
"10.1093/cvr/cvac121";TRUE;FALSE;FALSE;TRUE;"yes|yes";FALSE;FALSE;"disciplinary and general-purpose repositories";FALSE
"10.1038/s41586-023-05844-9";TRUE;FALSE;TRUE;TRUE;"yes|restricted";TRUE;FALSE;"disciplinary repository";FALSE
"10.1016/j.xpro.2022.101957";TRUE;FALSE;FALSE;TRUE;"yes|reuse_access";FALSE;TRUE;"disciplinary repository";FALSE
"10.1038/s41596-022-00795-3";TRUE;FALSE;FALSE;TRUE;"yes|restricted";FALSE;TRUE;"disciplinary repository";FALSE
"10.1038/s41588-023-01408-9";TRUE;FALSE;TRUE;TRUE;"yes|restricted|reuse_access|reuse_access|reuse_access|reuse_access";TRUE;TRUE;"general-purpose repository";FALSE
"10.1038/s41467-023-39352-1";TRUE;FALSE;FALSE;TRUE;"yes|yes|reuse_access|yes";FALSE;TRUE;"disciplinary and general-purpose repositories";FALSE
"10.1038/s41467-023-39570-7";TRUE;FALSE;TRUE;TRUE;"yes|restricted|reuse_access|reuse_access|reuse_access|reuse_access";TRUE;TRUE;"disciplinary repository";FALSE
"10.1038/s41598-023-47532-8";TRUE;FALSE;FALSE;TRUE;"yes";FALSE;FALSE;"general-purpose repository";FALSE
"10.1021/acs.jmedchem.3c00851";TRUE;FALSE;FALSE;TRUE;"yes";FALSE;FALSE;"disciplinary repository";FALSE
"10.3390/ijms242015117";TRUE;FALSE;FALSE;TRUE;"yes";FALSE;FALSE;"general-purpose repository";FALSE
"10.1371/journal.ppat.1011657";TRUE;FALSE;FALSE;TRUE;"yes";FALSE;FALSE;"disciplinary repository";FALSE
"10.1038/s42003-023-05553-z";TRUE;FALSE;FALSE;TRUE;"not_persistent|restricted|yes";FALSE;TRUE;"general-purpose repository";FALSE
"10.3390/jcm12134359";TRUE;FALSE;FALSE;TRUE;"yes";FALSE;FALSE;"disciplinary repository";FALSE
"10.1128/msphere.00488-22";TRUE;FALSE;FALSE;TRUE;"yes";FALSE;FALSE;"disciplinary repository";FALSE
"10.1038/s41467-023-41074-3";TRUE;FALSE;FALSE;TRUE;"yes|yes|yes|yes";FALSE;TRUE;"disciplinary repository";FALSE
"10.1186/s13073-023-01206-2";TRUE;FALSE;FALSE;TRUE;"yes|yes|yes";FALSE;FALSE;"disciplinary repository";FALSE
"10.1186/s12913-023-09726-8";TRUE;FALSE;FALSE;TRUE;"yes";FALSE;FALSE;"general-purpose repository";FALSE
