doi,year,is_open_data_oddpub,open_data_manual_check,open_data_category,open_data_category_manual,is_open_code_oddpub,open_code_manual_check,open_code_category_manual,open_data_statements,open_code_statements
10.1002/cyto.a.23279,2018,TRUE,FALSE,"general-purpose repository, supplement",NA,TRUE,TRUE,github,the matlab script to read and normalize the feature matrix provided in a .csv file and then train and save an som based upon this data as training set is available for download in github (https://github.com/zcseresn/shapeanalysis.git).  all data sets are saved in a single .csv,the python code is provided both as a standalone file as well as an embedded script of a blender file on github (https:// github.com/zcseresn/shapeanalysis.git) together with two example videos depicting the blender-embedded python script in action in the supplementary information (supporting information videos 2 and 3).;     the java plugin and the source code are available for download in github (https://github.com/zcseresn/shapeanalysis.git).;     in addition a python som calculation package is also available (https://github.com/sevamoo/ sompy).;     the matlab script to read and normalize the feature matrix provided in a .csv file and then train and save an som based upon this data as training set is available for download in github (https://github.com/zcseresn/shapeanalysis.git). the python code is provided both as a standalone file as well as an embedded script of a blender file on github (https:// github.com/zcseresn/shapeanalysis.git) together with two example videos depicting the blender-embedded python script in action in the supplementary information (supporting information videos 2 and 3).
10.1002/sim.7531,2018,FALSE,NA,NA,NA,TRUE,TRUE,supplement,NA,the r code implementing the calculations required for the illustrating examples is provided as supporting information to ease application in practice.;     the r source code for the corresponding permutation test is provided as supporting information so application in practice is straightforward.;     the corresponding r code is provided as supporting information to ease application in practice.;     the corresponding r code is provided as supporting information to ease application in practice. the r code implementing the calculations required for the illustrating examples is provided as supporting information to ease application in practice.;     the r source code for the corresponding permutation test is provided as supporting information so application in practice is straightforward.;     the corresponding r code is provided as supporting information to ease application in practice.;     the corresponding r code is provided as supporting information to ease application in practice.;     we have implemented the permutation test for the weighted all-cause hazard ratio in the software r and provide the source code as supporting information.
10.1007/s00018-017-2695-6,2018,TRUE,TRUE,field-specific repository,field-specific repository,FALSE,NA,NA,the data set was submitted to ncbi gene expression omnibus (accession #: gse98523).,NA
10.1007/s00401-017-1795-6,2018,TRUE,TRUE,field-specific repository,field-specific repository,FALSE,NA,NA,detailed information on the microarray experiments reported here including all data sets was submitted to ncbi’s gene expression omnibus (geo) [11] and are accessible through geo series accession number gse64811.,NA
10.1016/j.cell.2018.02.048,2018,TRUE,TRUE,"field-specific repository, supplement, data availability statement",field-specific repository,FALSE,NA,NA,raw data are available via geo accession number gse83742.;     data and software availability the accession number for the gene expression arrays reported in this paper is geo: gse83742.  e8 cell 173 470–484.e1–e8 april 5 2018   supplemental figures  figure s1.     table s1 with gsea software. raw data deposited data affymetrix gene chip expression data ppp2r1a-deletion  this paper  gse83742,NA
10.1016/j.cels.2017.11.010,2018,TRUE,TRUE,field-specific repository,field-specific repository,FALSE,NA,NA,the expression data were deposited in the gene expression omnibus (geo) database under the accession number geo: gse90954.;     the microarray expression data were deposited in the gene expression omnibus (geo) database under the accession number geo: gse90954: https://www.ncbi.nlm.nih.gov/geo/query/acc.cgi?,NA
10.1016/j.neuron.2017.11.024,2018,TRUE,FALSE,general-purpose repository,NA,TRUE,TRUE,github,data and software availability realistic concentration jumps (rcj) scripts are available at https://github.com/aplested/aligator.,data and software availability realistic concentration jumps (rcj) scripts are available at https://github.com/aplested/aligator.
10.1038/leu.2017.270,2018,TRUE,TRUE,field-specific repository,field-specific repository,FALSE,NA,NA,the highest scoring ig-sequence was analyzed using igblast and gains or losses of n-glycosylation sites were identiﬁed by visual inspection as previously described.12 clustering analysis was performed with the cluster software from michael eisen.21 wes and snp6.0 array data in this paper are deposited in the ega with accession number egas00001002164 (see also supplementary methods).,NA
10.1038/mi.2017.66,2018,TRUE,TRUE,"field-specific repository, supplement, data availability statement",field-specific repository,FALSE,NA,NA,differentially expressed genes in c. jejuni-infected mucosa and upstream regulator analysis  further direct information from the acute infected human tissue was received by rna-seq that revealed 2988 transcripts  were downregulated and 2410 upregulated (from four c. jejuni-infected patients and six controls data are deposited in ncbi’s gene expression omnibus; geo id gse88710).;     rna-seq data are deposited in ncbi’s gene expression omnibus and can be accessed as gse88710.     supplementary table s3 ‘‘canonical pathways in campylobacter jejuni-infected human colon mucosa.xls data availability. rna-seq data are deposited in ncbi’s gene expression omnibus and can be accessed as gse88710,NA
10.1038/mp.2017.44,2018,FALSE,NA,NA,NA,TRUE,TRUE,github,NA,all code and documents relevant for running the analyses and meta-analysis are available in the public repository at https://github.com/ achorton/sd_5httlpr. the coordinating center at washington university in st louis developed data coding instructions (supplementary table s3) based on the protocol and wrote an analysis script in r.62 each participating group reformatted their data for the analysis and executed the analysis script locally on their own data.
10.1038/nature25167,2018,TRUE,TRUE,field-specific repository,field-specific repository,FALSE,NA,NA,gene set enrichment analysis (gsea) was performed with the gsea v2.0 software (broad institute of mit (massachusetts institute of technology) and harvard http://www.broad.mit.edu/gsea)50 on transcriptome data produced in our laboratory (gse31099 and gse44355) or on publicly available transcriptome datasets downloaded from the gene expression omnibus (geo; https://www. ncbi.nlm.nih.gov/geo/): normal colon epithelium and colon adenomas from apcmin/+ mice (gse422 samples gsm6191–gsm6201) braf-v600e-infected human melanocytes (gse46801) human mammary epithelial cells in p16ink4adependent stasis or telomere shortening-induced agonescence (gse16058) normal human foreskin bj fibroblasts in replicative senescence (gse13330 samples gsm336385–gsm336628) and normal human mesenchymal stem cells in replicative senescence (gse9593 samples gsm242185 gsm242668 gsm242669 and gsm242672–gsm242674).;     microarray datasets produced in our laboratory and analysed in this study are available at the gene expression omnibus (geo) repository of the national center for biotechnology information under the accession numbers gse31099 and gse44355 for control;bcl2 and suv39h1−;bcl2 lymphomas respectively.,NA
10.1038/onc.2017.325,2018,TRUE,TRUE,field-specific repository,field-specific repository,FALSE,NA,NA,sequencing data are available in the geo database with the accession number gse95585.;     gene expression proﬁling of chl-1 melanoma cells cells were treated with gi50 or gi90 concentrations of bay 1238079 before rna extraction and proﬁling with affymetrix hugene-2.1st arrays.23 data are available in the geo database under gse92736.,NA
10.1038/s41598-018-19476-x,2018,TRUE,TRUE,field-specific repository,field-specific repository,FALSE,NA,NA,the microarray data are deposited in https://www.ncbi.nlm.nih. gov/geo/ with database entry: gse103092.,NA
10.1053/j.gastro.2017.12.008,2018,TRUE,TRUE,"field-specific repository, data availability statement",field-specific repository,FALSE,NA,NA,microarray data have been deposited in the gene expression omnibus (geo; www.ncbi.nlm.nih.gov/ geo/) of the national center for biotechnology information under geo accession number gse76589.;     transcript proﬁling microarray data have been deposited in the gene expression omnibus (geo; www.ncbi.nlm.nih.gov/geo/) of the national center for biotechnology information and can be accessed with the geo accession number gse76589.      data deposition. microarray data have been deposited in the gene expression omnibus (geo; www.ncbi.nlm.nih.gov/ geo/) of the national center for biotechnology information under geo accession number gse76589,NA
10.1093/gbe/evx268,2018,TRUE,TRUE,"field-specific repository, data availability statement",field-specific repository,FALSE,NA,NA,accepted: december 18 2017 data deposition: all sequences generated in this study were submitted to ncbi genbank under accession numbers kx551960–kx551962 ky780086–ky780110 mf683844–mf683846 and mf706165.      data deposition: all sequences generated in this study were submitted to ncbi genbank under accession numbers kx551960,NA
10.1093/neuonc/nox188,2018,TRUE,TRUE,field-specific repository,field-specific repository,FALSE,NA,NA,the mgmt promoter methylation status (methylated vs unmethylated) was determined from the illumina infinium humanmethylation450 array data as described previously (using the “mgmtstp27” library in r v3.4.0).1920 furthermore a random forest algorithm compared each case with a brain tumor dna methylation profile reference bank consisting of more than 2800 brain tumor cases to assign each patient to a glioblastoma subgroup based on the individual global dna methylation pattern (see supplementary table s2 and www.molecularneuropathology.org/mnp/classifier/1).102122 the humanmethylation450 array data of the present study have been deposited in the national center for biotechnology information’s gene  expression omnibus (http://www.ncbi.nlm.nih.gov/geo) and are accessible through geo series accession number gse103659.,NA
10.1126/science.aaq1723,2018,TRUE,TRUE,field-specific repository,field-specific repository,FALSE,NA,NA,data and materials availability: the sequencing data generated is available in geo under the accession gse103633.,NA
10.1126/sciimmunol.aar6676,2018,TRUE,TRUE,supplement,supplement,FALSE,NA,NA,table s1. raw data,NA
10.1126/sciimmunol.aar6689,2018,TRUE,TRUE,supplement,supplement,FALSE,NA,NA,table s1. raw data,NA
10.1158/0008-5472.CAN-17-2129,2018,TRUE,TRUE,field-specific repository,field-specific repository,FALSE,NA,NA,gene expression data has been deposited into the gene expression omnibus (geo) with accession number gse95478.,NA
10.1158/1078-0432.CCR-17-2410,2018,TRUE,TRUE,field-specific repository,field-specific repository,FALSE,NA,NA,sequencing data have been deposited in the arrayexpress database at embl-ebi (www.ebi.ac.uk/arrayexpress) under accession number e-mtab-6021.;     the mrna expression data were deposited in arrayexpress under accession number e-mtab-6022.,NA
10.1158/2326-6066.CIR-17-0256,2018,TRUE,TRUE,field-specific repository,field-specific repository,FALSE,NA,NA,the annotated nfat-cbr sequence is accessible online via genbank (accession number mf462285).,NA
10.1182/blood-2017-09-805259,2018,TRUE,TRUE,field-specific repository,field-specific repository,FALSE,NA,NA,the data reported in this article have been deposited in the gene expression omnibus database (accession number gse109805).,NA
10.12688/f1000research.17022.1,2018,TRUE,TRUE,general-purpose repository,general-purpose repository,TRUE,TRUE,other repository/website,software availability the r script used to as part of this study is available from open science framework https://doi.org/10.17605/osf.io/fh42615 licence: mit license  data availability all data underlying the results are available as part of the article and no additional source data are required.;     osf: dataset 1: intovalue. https://doi.org/10.17605/osf.io/ fh42615 the data is available under a cc0 1.0 licence  extended data the methods for our explorative follow-up study have been published as a preregistered study protocol available from open science framework.;     osf: extended data: intovalue. https://doi.org/10.17605/osf.io/ fh42615 available under a cc0 1.0 licence  grant information this study was supported by intramural funding of charité – universitätsmedizin berlin hannover medical school and university of freiburg.,software availability the r script used to as part of this study is available from open science framework https://doi.org/10.17605/osf.io/fh42615 licence: mit license  data availability all data underlying the results are available as part of the article and no additional source data are required.
10.1371/journal.pone.0207041,2018,TRUE,TRUE,supplement,supplement,FALSE,NA,NA,xlsx) s2 table,NA
10.1523/JNEUROSCI.1412-17.2017,2018,TRUE,TRUE,field-specific repository,field-specific repository,FALSE,NA,NA,sequencing data have been deposited in ncbi’s gene expression omnibus (edgar et al. 2002) and are accessible through geo series accession number gse99164 (https://www.ncbi.nlm. nih.gov/geo/query/acc.cgi?,NA
10.1534/g3.117.300170,2018,TRUE,TRUE,"field-specific repository, supplement",field-specific repository,TRUE,TRUE,github,the raw data ﬁles are available at the gene expression omnibus (gse103034).     raw data ﬁles are available at the gene expression omnibus (gse103034). table s4,the code for microarray analysis was written in r and is available on github in the repository lenalampe/microarray-analysis (https://github.com/ lenalampe/microarray-analysis).
10.7554/eLife.32373,2018,TRUE,TRUE,"general-purpose repository, data availability statement",general-purpose repository,FALSE,NA,NA,transparent reporting form doi: https://doi.org/10.7554/elife.32373.017  data availability the data is available at dryad digital repository.;     the following dataset was generated:  author(s)  year dataset title  galliano e franzoni 2018 data from: embryonic and postnatal neurogenesis produce e breton m functionally distinct subclasses of chand a byrne d dopaminergic neuron murthy v grubb m  dataset url http://dx.doi.org/10. 5061/dryad.b5hg8d6  database license and accessibility information available at dryad digital repository under a cc0 public domain dedication  references aarts e verhage m veenvliet jv dolan cv van der sluis s.     data availability the data is available at dryad,NA
10.1002/cyto.a.23781,2019,TRUE,TRUE,"field-specific repository, data availability statement",field-specific repository,FALSE,NA,NA,data are available via https://flowrepository.org/ (frfcm-z2zd and fr-fcm-z2zf).      data availability  20. 21. data are available via https://flowrepository.org/ (frfcm-z2zd and fr-fcm-z2zf,NA
10.1016/j.immuni.2019.01.001,2019,TRUE,TRUE,"field-specific repository, general-purpose repository, data availability statement","field-specific repository, general-purpose repository",FALSE,NA,NA,504 immunity 50 493–504 february 19 2019   star+methods key resources table  reagent or resource  source  identifier  anti-cd8a  biolegend  cat# 100714; rrid: ab_312753  anti-cd19  biolegend  cat# 115530; rrid: ab_830707  anti-cd11b  biolegend  cat# 101226; rrid: ab_830642  anti-tcrb  biolegend  cat# 109218; rrid: ab_493346  anti-cd4  biolegend  cat# 100553; rrid: ab_2561388  anti-cd44  bd biosciences  cat# 563970; rrid: ab_2738517  antibodies  anti-cd62l  biolegend  cat# 104426; rrid: ab_493719  anti-st2  md biosciences  cat# 101001b; rrid: ab_947551  anti-cd45  bd biosciences  cat# 557833; rrid: ab_396891  anti-cd3  bd biosciences  cat# 557694; rrid: ab_396803  anti-cd4  bd biosciences  cat# 557922; rrid: ab_396943  anti-cd8  biolegend  cat# 300924; rrid: ab_1575074  anti-cd25  biolegend  cat# 302606; rrid: ab_314276  anti-cd127  biolegend  cat# 351309; rrid: ab_10898326  anti-ccr7  biolegend  cat# 353226; rrid: ab_11126145  anti-cd45ra  bd biosciences  cat# 563031; rrid: ab_2722499  human blood and normal breast tissue  breast reduction plastic surgeries (rec approval number: 08/h0906/95+5)  n/a  human colonic normal tissue adjacent to tumor  colon resection surgeries (nhs research ethic system reference number: 11/yh/0020)  n/a  biological samples  chemicals peptides and recombinant proteins rpmi 1640 medium  gibco  bovine serum albumin (bsa)  sigma-aldrich  cat#21870076 cat#a9418  hepes  gibco  cat#15630080  collagenase d  roche  cat#11088866001  liberase tl  roche  cat#5401020001  percoll  ge healthcare  cat#17-0891-01  edta  invitrogen  cat#am9260g  collagenase viii  sigma-aldrich  cat#c2139  fetal calf serum (fcs)  sigma-aldrich  cat#f4135  collagenase a  roche  cat#10103583001  dnase i  roche  cat#11284932001  collagenase iv  worthington-biochemical  cat#ls004188  dtt (for digestion)  sigma-aldrich  cat#d0632  dmso  sigma-aldrich  cat#d2650  penicillin-streptomycin-glutamine  gibco  cat#10378-016  lymphoprep  stemcell technologies  cat#07801  dapi  sigma-aldrich  cat#d9542  96-well plates  4titude  cat#f4135  rnase inhibitor  clontech  cat#2313a  triton x-100  sigma-aldrich  cat#t9284  dntps  thermofisher  cat#10319879  ercc rna spike-in mix  ambion  cat#4456740 (continued on next page)  immunity 50 493–504.e1–e7 february 19 2019 e1   continued reagent or resource  source  identifier  smartscribe reverse transcriptase  clontech  cat#639538  ampure xp beads  beckman coulter  cat#a63881  critical commercial assays chromium single cell chip kit v2  10x genomics  cat#120236  chromium single cell 30 library and gel bead kit v2  10x genomics  cat#120237  agilent high sensitivity dna kit  agilent  cat#5067-4626  nextera xt dna sample preparation kit  illumina  cat#fc-131-1096  smart-seq2 raw data  this paper  arrayexpress: e-mtab-6072  10x chromium raw data  this paper  arrayexpress: e-mtab-7311  processed count matrices and metadata  this paper  https://figshare.com/projects/treg_scrnaseq/38864  interactive data browser  this paper  www.teichlab.org/data  atcc  crl-6475  the jackson laboratory  jax: 006772  oligo-dt  (picelli et al. 2014); idt  n/a  template switch oligo (tso)  (picelli et al. 2014); exiqon  n/a  ispcr  (picelli et al. 2014); idt  n/a  deposited data  experimental models: cell lines melanoma: b16.;     data accessibility scrna-seq data for this project has been deposited in arrayexpress under the accession numbers e-mtab-6072 and e-mtab7311. 504 immunity 50 493–504 february 19 2019   star+methods key resources table  reagent or resource  source  identifier  anti-cd8a  biolegend  cat# 100714; rrid: ab_312753  anti-cd19  biolegend  cat# 115530; rrid: ab_830707  anti-cd11b  biolegend  cat# 101226; rrid: ab_830642  anti-tcrb  biolegend  cat# 109218; rrid: ab_493346  anti-cd4  biolegend  cat# 100553; rrid: ab_2561388  anti-cd44  bd biosciences  cat# 563970; rrid: ab_2738517  antibodies  anti-cd62l  biolegend  cat# 104426; rrid: ab_493719  anti-st2  md biosciences  cat# 101001b; rrid: ab_947551  anti-cd45  bd biosciences  cat# 557833; rrid: ab_396891  anti-cd3  bd biosciences  cat# 557694; rrid: ab_396803  anti-cd4  bd biosciences  cat# 557922; rrid: ab_396943  anti-cd8  biolegend  cat# 300924; rrid: ab_1575074  anti-cd25  biolegend  cat# 302606; rrid: ab_314276  anti-cd127  biolegend  cat# 351309; rrid: ab_10898326  anti-ccr7  biolegend  cat# 353226; rrid: ab_11126145  anti-cd45ra  bd biosciences  cat# 563031; rrid: ab_2722499  human blood and normal breast tissue  breast reduction plastic surgeries (rec approval number: 08/h0906/95+5)  n/a  human colonic normal tissue adjacent to tumor  colon resection surgeries (nhs research ethic system reference number: 11/yh/0020)  n/a  biological samples  chemicals peptides and recombinant proteins rpmi 1640 medium  gibco  bovine serum albumin (bsa)  sigma-aldrich  cat#21870076 cat#a9418  hepes  gibco  cat#15630080  collagenase d  roche  cat#11088866001  liberase tl  roche  cat#5401020001  percoll  ge healthcare  cat#17-0891-01  edta  invitrogen  cat#am9260g  collagenase viii  sigma-aldrich  cat#c2139  fetal calf serum (fcs)  sigma-aldrich  cat#f4135  collagenase a  roche  cat#10103583001  dnase i  roche  cat#11284932001  collagenase iv  worthington-biochemical  cat#ls004188  dtt (for digestion)  sigma-aldrich  cat#d0632  dmso  sigma-aldrich  cat#d2650  penicillin-streptomycin-glutamine  gibco  cat#10378-016  lymphoprep  stemcell technologies  cat#07801  dapi  sigma-aldrich  cat#d9542  96-well plates  4titude  cat#f4135  rnase inhibitor  clontech  cat#2313a  triton x-100  sigma-aldrich  cat#t9284  dntps  thermofisher  cat#10319879  ercc rna spike-in mix  ambion  cat#4456740 (continued on next page)  immunity 50 493–504.e1–e7 february 19 2019 e1   continued reagent or resource  source  identifier  smartscribe reverse transcriptase  clontech  cat#639538  ampure xp beads  beckman coulter  cat#a63881  critical commercial assays chromium single cell chip kit v2  10x genomics  cat#120236  chromium single cell 30 library and gel bead kit v2  10x genomics  cat#120237  agilent high sensitivity dna kit  agilent  cat#5067-4626  nextera xt dna sample preparation kit  illumina  cat#fc-131-1096  smart-seq2 raw data  this paper  arrayexpress: e-mtab-6072  10x chromium raw data  this paper  arrayexpress: e-mtab-7311  processed count matrices and metadata  this paper  https://figshare.com/projects/treg_scrnaseq/38864  interactive data browser  this paper  www.teichlab.org/data  atcc  crl-6475  the jackson laboratory  jax: 006772  oligo-dt  (picelli et al. 2014); idt  n/a  template switch oligo (tso)  (picelli et al. 2014); exiqon  n/a  ispcr  (picelli et al. 2014); idt  n/a  deposited data  experimental models: cell lines melanoma: b16.     data accessibility  supplemental information supplemental information includes five figures and five tables and can be found with this article online at https://doi,NA
10.1038/s41467-019-09144-7,2019,TRUE,TRUE,"field-specific repository, supplement, data availability statement",field-specific repository,FALSE,NA,NA,the data discussed in this publication have been deposited in ncbi’s gene expression omnibus and are accessible through geo series accession number gse107712.;     the methylation beadchip data generated in this study have been deposited in the national centre for biotechnology information omnibus (geo) under the accession code gse108202.;     data availability the microarray and methylation beadchip data from this manuscript have been deposited in the national centre for biotechnology information omnibus (geo) under accession codes gse107712 and gse108202.   we identiﬁed 91 signiﬁcantly regulated genes between cured and never infected samples (log2 fold change <−0.7 or >0.7 p < 0.01 with an fdr < 61%; supplementary data 1.;     box plots show median quartiles maximum and minimum of the log2 fold-changes of three donors. f selected genes from the table of jointly regulated candidates (supplementary data 1) that remained differentially regulated after curing of chronic infection (red: upregulated blue: downregulated).;     applying a threshold of at least 20% differential methylation and a p-value of 0.05 we identiﬁed 603 cpgs at a minimal false discovery rate of 76% of which 179 were located in promoter regions (supplementary data 2).;     raw data associated with figs. 3f and 4 can be found in supplementary data 1 and 2 respectively.   data availability the microarray and methylation beadchip data from this manuscript have been deposited in the national centre for biotechnology information omnibus (geo) under accession codes gse107712,NA
10.1038/s41467-019-13627-y,2019,TRUE,TRUE,"field-specific repository, supplement",field-specific repository,FALSE,NA,NA,data availability the polar and lipid lc-ms data in positive and negative polarity as well as gc-ms data that support the ﬁndings of this study have been deposited in the metabolights repository with the accession code mtbls1282.   to identify putative mir276 mrna targets we applied three in silico target prediction tools namely miranda29 rnahybrid30 and microtar31(supplementary data 1).;     we compared metabolite proﬁles of mir276kd and control females (whole mosquitoes) at three time points after p. falciparum-infected blood feeding (10 38 and 48 hpb) using gas chromatography-mass spectrometry (gc-ms) and liquid chromatography-mass spectrometry (lc-ms) (supplementary data 1).;     the data were further log2-transformed and pareto scaled for heatmap visualization. 294 features signiﬁcantly changed across the reproductive cycle (two-way anova; supplementary data 2) and were included in the heatmap.;     the raw gc-ms and lc-ms dataset is attached as supplementary material (supplementary data 3).,NA
10.1038/s41593-019-0418-Z,2019,TRUE,TRUE,"field-specific repository, supplement, data availability statement",field-specific repository,FALSE,NA,NA,online content  any methods additional references nature research reporting summaries source data statements of code and data availability and associated accession codes are available at https://doi.org/10.1038/ s41593-019-0418-z.;     the rna sequencing data discussed in this nature neuroscience | www.nature.com/natureneuroscience   brief communication  nature neuroscience publication have been deposited in ncbi’s gene expression omnibus and are accessible through the series gse118450; accession numbers are gsm3330371 (3-dpl microglia sample 1) gsm3330372 (3-dpl microglia sample 2) gsm3330373 (3-dpl microglia sample 3) gsm3330374 (10-dpl microglia sample 4) gsm3330375 (10-dpl microglia sample 5) and gsm3330376 (10-dpl microglia sample 6).;     this statement should provide the following information where applicable:  rna sequencing data is available on geo as the series gse118450 accession numbers are gsm3330371 gsm3330372 gsm3330373 gsm3330374 gsm3330375 gsm3330376.     supplementary table 1. raw data data availability and associated accession codes are available at https://doi,NA
10.1038/s41598-019-47350-x,2019,TRUE,TRUE,field-specific repository,field-specific repository,FALSE,NA,NA,microarray data were deposited in the ncbi’s gene expression omnibus (geo accession number gse99901).,NA
10.1038/s42256-019-0049-9,2019,TRUE,TRUE,"general-purpose repository, data availability statement",general-purpose repository,TRUE,TRUE,github,data availability  sensitivity analysis data for all presented proteins including the ~800 proteins used to calculate spatial homogeneity of sphere variances as well as weights for deeprotein classifier are available on zenodo (https://doi.org/10.5281/zenodo.2577920 and 234  https://doi.org/10.5281/zenodo.2574979).;     code availability  the code for deeprotein including scripts employed for sensitivity analysis and code for mapping sensitivities to protein 3d structures in pymol is available on github under mit license (https://github.com/juzb/deeprotein https://doi. org/10.5281/zenodo.2619339).;     all analysis were fully automated thereby avoiding any subjective bias.  nature research | reporting summary  deeprotein classifier are available on zenodo under the creative commons attribution 4.0 license (doi: 10.5281/zenodo.2577920 and doi: 10.5281/ zenodo.2574979).     data availability  sensitivity analysis data for all presented proteins including the ~800 proteins used to calculate spatial homogeneity of sphere variances as well as weights for deeprotein classifier are available on zenodo,code availability  the code for deeprotein including scripts employed for sensitivity analysis and code for mapping sensitivities to protein 3d structures in pymol is available on github under mit license (https://github.com/juzb/deeprotein https://doi. org/10.5281/zenodo.2619339).;     the software is available on github under the mit license (https://github.com/juzb/deeprotein).
10.1093/database/baz085,2019,TRUE,TRUE,general-purpose repository,general-purpose repository,FALSE,NA,NA,data records a complete dump of collected annotation data as at 27 july 2018 was deposited to a figshare repository.;     bibliothek user on 02 august 2021  dataset is released without copyright available at https:// figshare.com/projects/relish-db/60095 under the cc0 license.,NA
10.1093/nar/gkz506,2019,TRUE,TRUE,"field-specific repository, supplement, data availability statement",field-specific repository,FALSE,NA,NA,14 7377  data availability atomic coordinates and structure factors for the reported crystal structures have been deposited with the protein data bank under accession numbers 6gz0 (wild-type leuoebd) 6gz1 (s120d-ebd monoclinic) and 6gz2 (s120debd orthorhombic).     all data collection and refinement statistics 64–67) are given in table 2 data availability atomic coordinates and structure factors for the reported crystal structures have been deposited with the protein data bank under accession numbers 6gz0,NA
10.1093/ve/vez029,2019,TRUE,TRUE,general-purpose repository,general-purpose repository,TRUE,TRUE,github,data availability all data and analysis presented in this work are available in the github repository: https://github.com/johnbarton/pa per-nef-modeling.,data availability all data and analysis presented in this work are available in the github repository: https://github.com/johnbarton/pa per-nef-modeling.
10.1101/gad.330134.119,2019,TRUE,TRUE,"field-specific repository, data availability statement",field-specific repository,FALSE,NA,NA,data availability  the par-clip sequencing abl-b cell and e18.5 lung nanostring data have been deposited in ncbi’s gene expression omnibus (gse123673).      data availability  the par-clip sequencing abl-b cell and e18.5 lung nanostring data have been deposited in ncbi’s gene expression omnibus (gse123673,NA
10.1111/oik.04879,2019,TRUE,TRUE,"field-specific repository, general-purpose repository",field-specific repository,FALSE,NA,NA,the raw sequence datasets are available at the european nucleotide archive under the study number prjeb8978 (<www.ebi.ac.uk/ena/data/view/prjeb8978>). fungal biome otu table otu representative sequences and the bioinformatics scripts are available at dryad (<http:// datadryad.org/resource/doi:10.5061/dryad.54qr4>).,NA
10.1177/0271678X17726635,2019,TRUE,TRUE,general-purpose repository,general-purpose repository,TRUE,TRUE,github,histological data and all relevant images before and after registration are publicly available at http://doi.org/10.5281/zenodo.742264.35 evaluating the accuracy of atlas registration.;     available at: http://doi.org/10.5281/zenodo.742264.,the toolbox can be downloaded at https://github.com/ philippboehmsturm/antx.
10.1186/s13148-019-0698-x,2019,TRUE,TRUE,"field-specific repository, supplement, data availability statement",field-specific repository,FALSE,NA,NA,all chip-seq data have been deposited at arrayexpress (http://www. ebi.ac.uk/arrayexpress accession number: e-mtab7786).;     availability of data and materials all mrna-seq data which have been previously published [15] and chip-seq data are available at arrayexpress (http://www.ebi.ac.uk/arrayexpress accession numbers: e-mtab-7197 and e-mtab-7786).     zip 7432 kb)  ethics approval and consent to participate not applicable. additional file 2 availability of data and materials all mrna-seq data which have been previously published [15] and chip-seq data are available at arrayexpress (http://www.ebi.ac.uk/arrayexpress accession numbers: e-mtab-7197,NA
10.1200/PO.19.00072,2019,TRUE,TRUE,field-specific repository,field-specific repository,FALSE,NA,NA,microarray-based gene expression data are available through arrayexpress (accession number e-mtab-8248).14 massively parallel sequencing data have been published and are available at the european genomephenome archive (www.ebi.ac.uk/ega/) under accession number egas00001003244.,NA
10.3389/fmars.2019.00662,2019,TRUE,TRUE,"field-specific repository, data availability statement",field-specific repository,FALSE,NA,NA,data availability and accession numbers illumina short read sequences generated in this study have been submitted to the ncbi sequence read archive (sra)1 under accession number prjna549836.      data availability and accession numbers illumina short read sequences generated in this study have been submitted to the ncbi sequence read archive (sra)1 under accession number prjna549836,NA
10.4049/jimmunol.1801400,2019,TRUE,TRUE,field-specific repository,field-specific repository,FALSE,NA,NA,the original transcriptome data presented in this article have been submitted to the gene expression omnibus (www.ncbi.nlm.nih.gov/projects/geo/) under accession numbers gse118821 and gse118822.,NA
10.1016/j.celrep.2020.03.006,2020,TRUE,TRUE,"field-specific repository, general-purpose repository, data availability statement",field-specific repository,TRUE,TRUE,github,star+methods key resources table reagent or resource  source  identifier  antibodies anti-listeriolysin (llo) antibody  abcam  cat# ab200538  anti-p60 antibody  biosite  cat# p6017  rabbit polyclonal anti-prsa2 antibody  (alonzo et al. 2009)  n/a  polyclonal anti-acta antibody  (netterling et al. 2015)  n/a  anti-rabbit-horseradish peroxidase secondary antibody  agrisera  cat# as09 602  listeria monocytogenes egd-e  (mackaness 1964)  n/a  l. monocytogenes egd-e dhfq  (christiansen et al. 2004)  n/a  l. monocytogenes egd-e lhra_mut  (nielsen et al. 2010)  n/a  l. monocytogenes egd-e prfa*  (good et al. 2016)  n/a  l. monocytogenes egd-e 5utr2219-m1  this study  n/a  l. monocytogenes egd-e 3utr0202-m2  this study  n/a  l. monocytogenes egd-e 5utr2219-m1 3utr0202-m2  this study  n/a  l. monocytogenes egd-e prfa* 5utr2219-m1  this study  n/a  l. monocytogenes egd-e prfa* 3utr0202-m2  this study  n/a  (mathy et al. 2007)  n/a  bacterial and virus strains  chemicals peptides and recombinant proteins purified c-terminal his tagged rnase j1 deposited data raw and analyzed ngs data  this study  geo: gse118387  scripts for data analysis  this study  https://github.com/dimaignatov/ 5-utr-structure-elucidation  (sun et al. 1990)  n/a  charles river laboratories  cat# 024 https://www.criver.com/ products-services/find-model/ swiss-webster-cfw-mouse?;     the accession number for the sequencing data reported in this paper is geo: gse118387 (https://www.ncbi.nlm.nih.gov/geo/query/acc.cgi?  star+methods key resources table reagent or resource  source  identifier  antibodies anti-listeriolysin (llo) antibody  abcam  cat# ab200538  anti-p60 antibody  biosite  cat# p6017  rabbit polyclonal anti-prsa2 antibody  (alonzo et al. 2009)  n/a  polyclonal anti-acta antibody  (netterling et al. 2015)  n/a  anti-rabbit-horseradish peroxidase secondary antibody  agrisera  cat# as09 602  listeria monocytogenes egd-e  (mackaness 1964)  n/a  l. monocytogenes egd-e dhfq  (christiansen et al. 2004)  n/a  l. monocytogenes egd-e lhra_mut  (nielsen et al. 2010)  n/a  l. monocytogenes egd-e prfa*  (good et al. 2016)  n/a  l. monocytogenes egd-e 5utr2219-m1  this study  n/a  l. monocytogenes egd-e 3utr0202-m2  this study  n/a  l. monocytogenes egd-e 5utr2219-m1 3utr0202-m2  this study  n/a  l. monocytogenes egd-e prfa* 5utr2219-m1  this study  n/a  l. monocytogenes egd-e prfa* 3utr0202-m2  this study  n/a  (mathy et al. 2007)  n/a  bacterial and virus strains  chemicals peptides and recombinant proteins purified c-terminal his tagged rnase j1 deposited data raw and analyzed ngs data  this study  geo: gse118387  scripts for data analysis  this study  https://github.com/dimaignatov/ 5-utr-structure-elucidation  (sun et al. 1990)  n/a  charles river laboratories  cat# 024 https://www.criver.com/ products-services/find-model/ swiss-webster-cfw-mouse?    deposited data raw and analyzed ngs data  this study  geo: gse118387,star+methods key resources table reagent or resource  source  identifier  antibodies anti-listeriolysin (llo) antibody  abcam  cat# ab200538  anti-p60 antibody  biosite  cat# p6017  rabbit polyclonal anti-prsa2 antibody  (alonzo et al. 2009)  n/a  polyclonal anti-acta antibody  (netterling et al. 2015)  n/a  anti-rabbit-horseradish peroxidase secondary antibody  agrisera  cat# as09 602  listeria monocytogenes egd-e  (mackaness 1964)  n/a  l. monocytogenes egd-e dhfq  (christiansen et al. 2004)  n/a  l. monocytogenes egd-e lhra_mut  (nielsen et al. 2010)  n/a  l. monocytogenes egd-e prfa*  (good et al. 2016)  n/a  l. monocytogenes egd-e 5utr2219-m1  this study  n/a  l. monocytogenes egd-e 3utr0202-m2  this study  n/a  l. monocytogenes egd-e 5utr2219-m1 3utr0202-m2  this study  n/a  l. monocytogenes egd-e prfa* 5utr2219-m1  this study  n/a  l. monocytogenes egd-e prfa* 3utr0202-m2  this study  n/a  (mathy et al. 2007)  n/a  bacterial and virus strains  chemicals peptides and recombinant proteins purified c-terminal his tagged rnase j1 deposited data raw and analyzed ngs data  this study  geo: gse118387  scripts for data analysis  this study  https://github.com/dimaignatov/ 5-utr-structure-elucidation  (sun et al. 1990)  n/a  charles river laboratories  cat# 024 https://www.criver.com/ products-services/find-model/ swiss-webster-cfw-mouse?;     the scripts are deposited at github under the project name 5ʹ-utr-structure-elucidation’ (https://github.com/dimaignatov/ 5-utr-structure-elucidation).
10.1016/j.celrep.2020.108235,2020,TRUE,TRUE,"field-specific repository, general-purpose repository, supplement, data availability statement",field-specific repository,FALSE,NA,NA,deposited on pride archive (https://www.ebi.ac.uk/ pride/archive)  http://www.ebi.ac.uk/pride/ archive/projects/pxd021351  critical commercial assays  deposited data mass spectrometry data  experimental models: cell lines vero  atcc  crl-1586  hacat  boukamp et al. 1988  n/a  hff htert  mcsharry et al. 2001  n/a  hek293t  atcc  crl-3216  u2-os  atcc  htb-96  col581: forward primer for deletion of pul56 by red recombination: cgacgcgggtctatggagcgcgggg aacgcgtttgctgattagtaatgaattc acgatagcttgtctggtaggaggatgacgacgataagtaggg  this paper  n/a  col582: reverse primer for deletion of pul56 by red recombination: acgacaaacggcccct cgttcctaccagacaagctatcgtgaattcatt actaatcagcaaacgcgttccccgcaaccaat taaccaattctgattag  this paper  n/a  col579: forward primer for deletion of icp0 by red recombination: gacccccatggagccccgccccgg agcgagtacccgccggtagtaatgaattccccagc gcgaggtgaggggcaggatgacgacgataagtaggg  this paper  n/a  col580: reverse primer for deletion of icp0 by red recombination: cgccccagacatggcgcccggcc cctcacctcgcgctggggaattcattactaccggc gggtactcgctccggcaaccaattaaccaattctgattag  this paper  n/a  oligonucleotides  crispr gopc grna 1: ggaacatggataccccgcca  this paper  n/a  crispr gopc grna 2: gagagatcgatccagaccaag  this paper  n/a  plasmid: gfp-pul56(1-234)  this paper  n/a  plasmid: gfp-pul56(1-207)  this paper  n/a  recombinant dna  (continued on next page)  e3 cell reports 33 108235 october 6 2020   ll open access  resource continued reagent or resource  source  identifier  plasmid: gfp-pul56(1-157)  this paper  n/a  plasmid: gfp-pul56(1-104)  this paper  n/a  plasmid: gfp-pul56(1-74)  this paper  n/a  plasmid: pul56(1-207)-gfp  this paper  n/a  plasmid: gfp-pul56-aaxa  this paper  n/a  plasmid: yfp-nedd4-ww  juan martin-serrano king’s college london; (martin-serrano et al. 2005)  n/a  plasmid: pf5k myc-gopc  this paper  n/a  plasmid: ha-ub (pmt123)  paul lehner university of cambridge  n/a  plasmid: gst-ul56(1-207)-his6  this paper  n/a  plasmid: his-gopc(1-454)  this paper  n/a  plasmid: his-gopc(1-362)  this paper  n/a  plasmid: his-gopc(27-362)  this paper  n/a  plasmid: his-gopc(276-362)  this paper  n/a  plasmid: his-gopc(27-236)  this paper  n/a  plasmid: flag-tagged tlr2  nick gay university of cambridge  n/a  plasmid: pegfp-n1  clontech  cat#6085-1  plasmid: pspcas9(bb)-2a-puro (px459) v2  feng zhang broad institute (ran et al. 2013)  addgene plasmid #62988  professor steven gygi’s lab harvard medical school boston usa  n/a  maxquant v.;     cell reports 33 108235 october 6 2020 e4   ll open access  resource  data and code availability the mass spectrometry proteomics data have been deposited to the proteomexchange consortium via the pride (perez-riverol et al. 2019) partner repository with the dataset identifier pxd021351 (http://www.ebi.ac.uk/pride/archive/projects/pxd021351). deposited on mendeley data (https://data.mendeley.com)  https://doi.org/10.17632/g5sf93zwtf.3  software and algorithms ‘‘masspike’’ a sequest-based software pipeline for quantitative proteomics  other unprocessed peptide data files for figures 1 3 5 6 and 7  resource availability lead contact further information and requests for resources and reagents should be directed to and will be fulfilled by the lead contact colin m.  comparison of our two ms datasets on protein abundance in hsv-1-infected cells by linear regression analysis showed close correlation (r2 = 0.75) between the  open access  changes caused by wt hsv-1 at 9 hpi (table s1 dataset) and 8 hpi (table s5 dataset) demonstrating the reproducibility of our data (figure s4). pul56 activity alters the plasma membrane proteome modulation of proteins at the cell surface is an immune evasion strategy utilized by multiple viruses.  all data are shown in table s1 deposited data mass spectrometry data  experimental models: cell lines vero  atcc  crl-1586,NA
10.1016/S0140-6736(20)30750-9,2020,TRUE,TRUE,data availability statement,general-purpose repository,FALSE,NA,NA,data sharing to download the data used in these analyses please visit the global health data exchange at http://ghdx.healthdata.org/gbd-2019,NA
10.1016/S2214-109X(20)30230-8,2020,TRUE,TRUE,general-purpose repository,general-purpose repository,TRUE,TRUE,github,for the source code see https:// github.com/ihmeuw/lbd/tree/ ort-lmic-2020 for the study data see http:// ghdx.healthdata.org/record/ ihme-data/lmic-oralrehydration-therapy-coveragegeospatial-estimates-2000-2017  e1059  data sharing the source code used to generate estimates is available online.,for the source code see https:// github.com/ihmeuw/lbd/tree/ ort-lmic-2020 for the study data see http:// ghdx.healthdata.org/record/ ihme-data/lmic-oralrehydration-therapy-coveragegeospatial-estimates-2000-2017  e1059  data sharing the source code used to generate estimates is available online.
10.1016/S2214-109X(20)30278-3,2020,TRUE,TRUE,general-purpose repository,general-purpose repository,TRUE,TRUE,github,for the source code see https://github.com/ihmeuw/lbd/ tree/wash-lmic-2020 for the study data see http://ghdx.healthdata.org/ record/ihme-data/lmic-washaccess-geospatialestimates-2000-2017  e1183  data sharing the source code used to generate estimates is available online.,for the source code see https://github.com/ihmeuw/lbd/ tree/wash-lmic-2020 for the study data see http://ghdx.healthdata.org/ record/ihme-data/lmic-washaccess-geospatialestimates-2000-2017  e1183  data sharing the source code used to generate estimates is available online.
10.1038/s41467-020-15505-4,2020,TRUE,TRUE,"field-specific repository, data availability statement",field-specific repository,FALSE,NA,NA,data availability gene array data are available from array express: accession numbers: e-mtab-8110 and 8111.      data availability gene array data are available from array express: accession numbers: e-mtab-8110,NA
10.1038/s41523-020-0156-0,2020,TRUE,TRUE,data availability statement,general-purpose repository,FALSE,NA,NA,data availability  we identiﬁed 3 ring studies evaluating concordance of stil assessment in breast cancer performed by til-wg pathologists for which we could obtain individual pathologist data and images2223,NA
10.1038/s41591-020-0868-6,2020,TRUE,TRUE,"supplement, data availability statement",supplement,TRUE,TRUE,github,the correlation coefficients for all genes are included as supplementary data 1.   data availability  the published datasets can be found as follows: pulmonary airways (european genome-phenome archive: egas00001001755,full details can be found in analysis notebooks available at github. com/teichlab/covid19_ms1.;     code availability  analysis notebooks are available at github.com/teichlab/covid19_ms1.;     analysis notebooks are available at github.com/teichlab/covid19_ms1.
10.1073/pnas.1910668117,2020,TRUE,TRUE,"general-purpose repository, data availability statement",general-purpose repository,FALSE,NA,NA,data deposition: the raw data for figs. 1–5 are available at https://figshare.com/collections/ polymeric_sheet_actuators_with_programmable_bioinstructivity/4682696 (doi: 10.6084/m9. figshare.c.4682696.v1).;     the raw data for figs. 1–5 are available at doi: 10.6084/ m9.figshare.c.4682696.v1.     data deposition: the raw data for figs. 1–5 are available at https://figshare,NA
10.1074/jbc.RA120.014467,2020,TRUE,TRUE,field-specific repository,field-specific repository,FALSE,NA,NA,the ms proteomics data set has been deposited to the proteomexchange consortium via the pride (64) partner repository with the   oxidative regulation of contractile function data set identifier pxd019808.,NA
10.1080/02664763.2020.1788518,2020,FALSE,NA,NA,NA,TRUE,TRUE,supplement,NA,we show in supplementary material section 2 the r implementation of the data generation if the reader might be more familiar with r code and find code in general easier to read.
10.1093/bioinformatics/btz850,2020,FALSE,NA,NA,NA,TRUE,TRUE,github,NA,availability and implementation: the software is available under the mit license at https://github.com/bihealth/ digestiflow-server.
10.1093/braincomms/fcaa158,2020,TRUE,TRUE,"general-purpose repository, data availability statement",general-purpose repository,FALSE,NA,NA,data availability statement the spreadsheets that support the findings of this study are available on the open science framework (https://osf. io/xyekp/).     data availability statement the spreadsheets that support the findings of this study are available on the open science framework,NA
10.1111/2041-210X.13497,2020,TRUE,TRUE,field-specific repository,field-specific repository,FALSE,NA,NA,to  been deposited in the national centre for biotechnology information  circumvent this issue we tested the effect of adding an adapter  (ncbi) sequence read archive (sra; https://www.ncbi.nlm.nih.gov/  by dividing the experiment into two groups (an adapter group and  sra/; accession no. srs2321692).,NA
10.1111/bph.15193,2020,TRUE,TRUE,"supplement, data availability statement",supplement,FALSE,NA,NA,demographics of the delphi panel and full methods and results  used the research is both well designed and analysed as well as  are presented in supporting information s1 delphi and s1 data.  transparently reported.;     this study is presented  compatible with and complementary to other guidelines that have  in supporting information s1 road testing and s2 data.  been published in recent years.   data sharing policies meeting the mark? peerj 5 e3208,NA
10.1113/EP088870,2020,TRUE,TRUE,"supplement, data availability statement",supplement,FALSE,NA,NA,abbreviations: arrive guidelines (animal research: reporting of in vivo experiments)  presented in supporting information s1 delphi and s1 data.;     this study is presented in supporting  on the ethical review of the research (osborne payne & newman  information s1 road testing and s2 data.   data sharing policies meeting the mark? peerj 5 https://doi,NA
10.1126/science.aar5663,2020,TRUE,TRUE,"general-purpose repository, supplement",general-purpose repository,TRUE,TRUE,github,all digitized embryos (fused intensity movies segmentations and meshes) have been deposited to figshare (https://figshare.com/projects/ phallusia_mammillata_embryonic_development/64301) and can be interactively explored through morphonet (www.morphonet.org/).  s1 to s67 tables s1 to s13 references (41–106) mdar reproducibility checklist data s1 to s18 movies s1 to s4 view/request a protocol for this paper from bio-protocol.,the software standard parameter files and tutorials have been deposited to github (https://github.com/astec-segmentation).
10.1126/science.aaz4547,2020,TRUE,TRUE,general-purpose repository,general-purpose repository,FALSE,NA,NA,data and materials availability: experimental director field data the code to detect and analyze the topological loops and the stokes solver are available on dryad (25).,NA
10.1177/0271678X20943823,2020,TRUE,TRUE,"supplement, data availability statement",supplement,FALSE,NA,NA,abbreviations: arrive guidelines (animal research: reporting of in vivo experiments).  presented in supporting information s1 delphi and s1 data.;     this study is presented in supporting information s1 road testing and s2 data.   data sharing policies meeting the mark? peerj 2017; 5. doi,NA
10.1186/s12917-020-02451-y,2020,TRUE,TRUE,"general-purpose repository, data availability statement",supplement,FALSE,NA,NA,availability of data and materials all data and supporting information are available at https://osf.io/unc4j/.     availability of data and materials all data and supporting information are available at https://osf,NA
10.1186/s13321-020-00422-x,2020,FALSE,NA,NA,NA,TRUE,TRUE,github,NA,supplementary information on github  a github repository with supplementary information is provided under https​://githu​b.com/volka​merla​b/knowt​ ox_manus​cript​_si. supplementary information on github  a github repository with supplementary information is provided under https​://githu​b.com/volka​merla​b/knowt​ ox_manus​cript​_si.
10.12688/f1000research.26707.1,2020,TRUE,TRUE,"general-purpose repository, supplement, data availability statement",supplement,FALSE,NA,NA,identification and selection of trials our protocol and details on the search strategies and specific definitions used for covid-evidence are available on the open science framework (osf)10.    tables 1–5.) data availability underlying data  all data data availability underlying data  all data underlying the results are available as part of the article and no additional source data are required. extended data open science framework,NA
10.1371/journal.pbio.3000410,2020,TRUE,TRUE,"supplement, data availability statement",supplement,FALSE,NA,NA,demographics of the delphi panel and full methods and results are presented in supporting information s1 delphi and s1 data.;     this study is presented in supporting information s1 road testing and s2 data.;     (pdf) s1 data.;     (xlsx) s2 data.   data sharing policies meeting the mark? peerj. 2017; 5. https://doi,NA
10.1371/journal.pgen.1009201,2020,TRUE,TRUE,supplement,supplement,FALSE,NA,NA,xlsx) s2 table,NA
10.1371/journal.pntd.0008898,2020,TRUE,TRUE,supplement,supplement,FALSE,NA,NA,xlsx) s2 table,NA
10.3389/fgene.2020.562434,2020,TRUE,TRUE,"field-specific repository, data availability statement",field-specific repository,FALSE,NA,NA,raw data and count matrix are available under gene expression omnibus (geo) accession number gse146284.  qpcr of thp-1 culture the total rna from thp-1 cells was extracted with the mirvanatm mirna isolation kit (ambion catalog am1561) and subsequently converted to cdna using the revertaid h minus first strand cdna synthesis kit (thermo scientific catalog k1631). qpcr was done using the syber green mix (bio-rad catalog 172-5124) and run in a quantstudio 7 flex real-time system (applied biosystems catalog 448598).;     data are available under accession number gse146441 (bakker et al. submitted). (iv) caco-2 cells stimulation of the caco-2 cell line with 60 ng/ml ifnγ (peprotech) and deg analysis were previously described (zorro manrique 2020).;     data availability statement  acknowledgments  summary statistics of the ced gwas are available from the european genome-phenome archive (https://www.ebi. ac.uk/ega/studies/egas00001003805) under accession number egas00001003805.      data availability statement  acknowledgments  summary statistics of the ced gwas are available from the european genome-phenome archive (https://www.ebi. ac.uk/ega/studies/egas00001003805,NA
10.3389/fimmu.2020.569006,2020,TRUE,TRUE,field-specific repository,field-specific repository,FALSE,NA,NA,the sequencing data has been deposited to biopoject database (http://www.ncbi.nlm.nih.gov/bioproject/664629) submission id: sub8177406 biopoject id: prjna664629  protein microarray  isolated igm were incubated with the huprot™ array comprised of gst tagged proteins covering 75% of the human protein coding genome (cambridge protein arrays uk).,NA
10.3389/fimmu.2020.606338,2020,TRUE,TRUE,"field-specific repository, general-purpose repository, data availability statement",field-specific repository,TRUE,FALSE,NA,the speciﬁc surface marker proﬁle the timely occurrence of dn b cells in an active immunologic state and antigen speciﬁcity after vaccination and in speciﬁc diseases (3 6) suggest that dn b cell represent a similar b cell subset in both pathogenic and protective  frontiers in immunology | www.frontiersin.org  data availability statement the sequencing data for our article is publicly available in sra under the accession number: prjna675463. results for recombinant  targeted ig transcriptome data analysis the sequencing data was processed using the nf-core bcellmagic pipeline (release 1.2.0 doi: 10.5281/zenodo.3607408) which is open source and available at http://github.com/nf-core/ bcellmagic as part of the nf-core project (37). results for recombinant  targeted ig transcriptome data analysis the sequencing data was processed using the nf-core bcellmagic pipeline (release 1.2.0 doi: 10.5281/zenodo.3607408) which is open source and available at http://github.com/nf-core/ bcellmagic as part of the nf-core project (37).    data availability statement the sequencing data for our article is publicly available in sra under the accession number: prjna675463,results for recombinant  targeted ig transcriptome data analysis the sequencing data was processed using the nf-core bcellmagic pipeline (release 1.2.0 doi: 10.5281/zenodo.3607408) which is open source and available at http://github.com/nf-core/ bcellmagic as part of the nf-core project (37).
10.3389/fimmu.2020.609891,2020,TRUE,TRUE,"field-specific repository, data availability statement",field-specific repository,FALSE,NA,NA,data availability statement rna-sequencing data are deposited with the european genome-phenome archive (ega) under accession number egas00001004867 considering the data protection rights of the human donors.      data availability statement rna-sequencing data are deposited with the european genome-phenome archive (ega) under accession number egas00001004867,NA
10.3389/fimmu.2020.613496,2020,TRUE,TRUE,field-specific repository,field-specific repository,TRUE,TRUE,github,all primary readouts and the background corrected and normalized data are available from the gene expression omnibus database (geo accession number gse124719) and under the bioproject identiﬁer prjna513261.,in addition an osirix software plugin (available at https://github. com/djmlewis/mirrorroi.git) was created which used anatomical  4  february 2021 | volume 11 | article 613496   win et al.
10.3389/fonc.2020.578380,2020,TRUE,TRUE,"general-purpose repository, data availability statement",general-purpose repository,FALSE,NA,NA,the quantitative data for this study have been permanently published in a public repository accessible via this link: https://doi.org/10.5281/zenodo.3922212.     data availability statement  acknowledgments  the datasets presented in this study can be found in online repositories. the names of the repository/repositories and accession number(s) can be found below: zenodo,NA
10.3390/cells9040859,2020,TRUE,TRUE,field-specific repository,field-specific repository,FALSE,NA,NA,the data of the microarray experiment are deposited in geo and are available through the accession number gse141300 (please note that this superserie is composed of three subseries).;     the data of the gene array experiment are deposited in geo and are available through the accession number gse141300.;     we used scrambled biotinylated mir as a control and identified 338 potential targets   cells 2020 9 859  10 of 21  (deposited in geo accession number gse141300).,NA
10.7554/eLife.52563,2020,TRUE,TRUE,"field-specific repository, data availability statement",field-specific repository,FALSE,NA,NA,transparent reporting form  data availability rna sequencing data have been deposited in arrayexpress - accession no. e-mtab-8459.      data availability rna sequencing data have been deposited in arrayexpress - accession no. e-mtab-8459,NA
10.7554/eLife.56954,2020,TRUE,TRUE,"general-purpose repository, supplement",general-purpose repository,TRUE,TRUE,github,3d-skeletonization and analysis of connectome and rna-seq data was carried out with custom software written in matlab (mathworks) which is available at http://github.com/aclinlab.   file 2. details of statistical analysis.  . transparent reporting form  data availability all data,3d-skeletonization and analysis of connectome and rna-seq data was carried out with custom software written in matlab (mathworks) which is available at http://github.com/aclinlab.;     custom software is available at https:// github.com/aclinlab/amin-et-al-2020 and https://github.com/aclinlab/calcium-imaging.
