doi,year,in_PURE,is_open_data_oddpub,open_data_manual_check,open_data_category,open_data_category_manual,is_open_code_oddpub,open_code_manual_check,open_code_category_manual,open_data_statements,open_code_statements
10.1016/j.celrep.2017.11.025,2017,TRUE,TRUE,TRUE,field-specific repository,field-specific repository,FALSE,,,the accession number for the rna sequencing data reported in this paper is arrayexpress: e-mtab-5209.,NA
10.1038/nmeth.4497,2017,TRUE,FALSE,,NA,,TRUE,TRUE,supplement,NA,the source code is provided as supplementary software. the source code is provided as supplementary software.
10.1016/j.neuron.2017.09.047,2017,TRUE,TRUE,FALSE,field-specific repository,,FALSE,,,hyper-mr inserted into the h2o2-sensitive domain of the e. coli protein oxyr)  (belousov et al. 2006) a 64977  (breckwoldt et al. 2014; gutscher et al. 2008)  mito-sypher/sypher-mt/mito-pht: ph sensor  a 48251  (azarias et al. 2011; marland et al. 2016; poburko et al. 2011)  mito-zapcy1 zinc sensoru  a 58996  (park et al. 2012)  neuron  (continued on next page)  primer  grx1-rogfp2: glutathione redox potential sensors   continued  targeting motifsa  tool  n-terminal localization sequence (mlslrqsirffk) of cytochrome c oxidase subunit iv  mito-gcamp2 mitochondrial matrix-rogfp2  a  cdna/sequenceb  reference (chen et al. 2011; marland et al. 2016)  a 49437  (guzman et al. 2010)  neuron 96 november 1 2017 593  n- or c-terminal denotes localization of the trafficking motif relative to the actuator and/or sensor b gb genbank sequence; a addgene clone c raf1 membrane recruitment activates the raf/mek/erk pathway d membrane binding of pi3k induces pip3 production e membrane recruitment of 5ptase triggers pip2 and pip3 dephosphorylation f available from the lab of atsushi miyawaki g third and fourth amino acid of marcks mutated to cys to generate palmitoylation sites h also available from addgene: lck-gcamp6 (52924) i ts placed between nphr and yfp; additional er export sequence at the c terminus of yfp j available from the lab of haruo kasai k genbank id for ecliptic and ratiometric phluorin without synaptobrevin l f64l and s65t mutations in the original phluorin enhanced fluorescence; genbank id for se phluorin without synaptobrevin m insertions of fluorophores between the 3rd and 4th transmembrane domain of synaptophysin n insertion of fluorophores in the first luminal loop (between val-103 and val-104) of rat vglut1 o a 58216 intensiometric red-fluorescent (r-cepia1er); a 58217 ratiometric blue/green (gem-cepia1er) variant p a 58218 cepia2mt (kd = 0.16 mm); a 58219 cepia3mt (kd = 11 mm); a 58220 cepia4mt (kd = 59 mm).,NA
10.1080/09273948.2017.1375532,2017,TRUE,TRUE,FALSE,supplement,,FALSE,,,table 1). fa and icga statistical analysis all data,NA
10.1016/S1474-4422(17)30327-7,2017,TRUE,TRUE,FALSE,general-purpose repository,,TRUE,TRUE,github,data sharing bi-enrich code is available on github.,data sharing bi-enrich code is available on github.
10.1016/j.immuni.2017.08.008,2017,TRUE,TRUE,TRUE,field-specific repository,field-specific repository,FALSE,,,data and software availability the accession number for the rnaseq and nanostring gene sequence data reported in this paper is gene expression omnibus (geo): gse101689.,NA
10.1016/j.immuni.2017.04.018,2017,TRUE,TRUE,TRUE,field-specific repository,field-specific repository,FALSE,,,data and software availability the accession numbers for the rna- chip- and atac-seq datasets reported in this paper can be found at geo: gse95702.,NA
10.1111/php.12742,2017,TRUE,TRUE,FALSE,field-specific repository,,FALSE,,,pfr homology models were also compared to the available rpbphp1 pfr structure (pdb entry 4gw9) (21).,NA
10.3233/JAD-170096,2017,TRUE,FALSE,,NA,,TRUE,TRUE,github,NA,the in-home used matlab scripts are publicly available online together with a manual and a user-friendly graphical user interface (https:// github.com/tumnicmuenchen/locosr).
10.1126/science.aab3896,2017,TRUE,TRUE,FALSE,supplement,,FALSE,,,s1 to s10 table s1 references (30–33) data s1 13 june 2016; accepted 1 march 2017 10.1126/science.aab3896  downloaded from http://science.sciencemag.org/ on september 9 2020  park et al. science 356 307–311 (2017)  21 april 2017  5 of 5   fructose-driven glycolysis supports anoxia resistance in the naked mole-rat thomas j.,NA
10.1093/database/bax026,2017,TRUE,FALSE,,NA,,TRUE,TRUE,github,NA,bibliothek user on 10 september 2020  the navicom web page is freely accessible via http://navi com.curie.fr. cbiofetchr and navicom codes are available at https://github.com/sysbio-curie/cbiofetchr and https:// github.com/sysbio-curie/navicom respectively.
10.1093/bioinformatics/btx132,2017,TRUE,FALSE,,NA,,TRUE,TRUE,github,NA,availability and implementation: the software is implemented in python 3 and freely available under the mit license at https://github.com/bihealth/hlama and via bioconda.
10.1007/s00103-017-2538-5,2017,TRUE,TRUE,FALSE,general-purpose repository,,TRUE,FALSE,,2 eine auswahl öﬀentlicher klinischer datenbanken die hpo nutzen um patientendaten für projekte zur identiﬁzierung von krankheitsgenen zu annotieren name url ref phenomecentral  www.phenomecentral.org  [6]  ddd (deciphering developmental disorders)  www.ddduk.org  [38 39]  decipher (database of genomic variation and phenotype in humans using ensemble resources)  www.decipher.sanger.ac.uk  [40]  ecaruca (european cytogeneticists association register of unbalanced chromosome aberrations)  http://umcecaruca01.extern.umcn.nl:8080/ecaruca/ ecaruca.jsp  [41]  the 100000 genomes project  https://www.genomicsengland.co.uk/  [3]  geno2mp (exome sequencing data linked to phenotypic information from a wide variety of mendelian gene discovery projects)  http://geno2mp.gs.washington.edu  [42]  nih udp (undiagnosed diseases program)  available via www.phenomecentral.org  [37]  nih udn (undiagnosed diseases network)  available via www.phenomecentral.org  [6]  hdg (human disease gene website series)  www.humandiseasegenes.com  –  phenopolis (aggregation and harmonization of sequencing and phenotype data using hpo)  https://github.com/pontikos/phenopolis.github.io  –  genomeconnect  www.genomeconnect.org  [43]  forge canada & care4rare consortium  www.care4rare.ca  [44]  rd-connect  www.platform.rd-connect.eu  [45]  genesis  www.thegenesisprojectfoundation.org  –  ontologie die hpo ist in vier unabhängige hierarchien (subontologies) unterteilt welche die kategorien phänotypische abnormalität vererbungsmodus sterblichkeit/ altern und modifikator abdecken.,2 eine auswahl öﬀentlicher klinischer datenbanken die hpo nutzen um patientendaten für projekte zur identiﬁzierung von krankheitsgenen zu annotieren name url ref phenomecentral  www.phenomecentral.org  [6]  ddd (deciphering developmental disorders)  www.ddduk.org  [38 39]  decipher (database of genomic variation and phenotype in humans using ensemble resources)  www.decipher.sanger.ac.uk  [40]  ecaruca (european cytogeneticists association register of unbalanced chromosome aberrations)  http://umcecaruca01.extern.umcn.nl:8080/ecaruca/ ecaruca.jsp  [41]  the 100000 genomes project  https://www.genomicsengland.co.uk/  [3]  geno2mp (exome sequencing data linked to phenotypic information from a wide variety of mendelian gene discovery projects)  http://geno2mp.gs.washington.edu  [42]  nih udp (undiagnosed diseases program)  available via www.phenomecentral.org  [37]  nih udn (undiagnosed diseases network)  available via www.phenomecentral.org  [6]  hdg (human disease gene website series)  www.humandiseasegenes.com  –  phenopolis (aggregation and harmonization of sequencing and phenotype data using hpo)  https://github.com/pontikos/phenopolis.github.io  –  genomeconnect  www.genomeconnect.org  [43]  forge canada & care4rare consortium  www.care4rare.ca  [44]  rd-connect  www.platform.rd-connect.eu  [45]  genesis  www.thegenesisprojectfoundation.org  –  ontologie die hpo ist in vier unabhängige hierarchien (subontologies) unterteilt welche die kategorien phänotypische abnormalität vererbungsmodus sterblichkeit/ altern und modifikator abdecken.
10.1027/1618-3169/a000351,2017,TRUE,TRUE,TRUE,supplement,supplement,FALSE,,,sav). raw data,NA
10.2807/1560-7917.ES.2017.22.4.30447,2017,TRUE,TRUE,TRUE,field-specific repository,field-specific repository,FALSE,,,nucleotide sequences of these samples were submitted to the genbank database with the accession numbers ky357449 to ky357462.,NA
10.1038/ng.3774,2017,TRUE,FALSE,,NA,,TRUE,TRUE,github,NA,the source code for the civic website and public api are released under an opensource license (the massachusetts institute of technology or ‘mit’ license) and all curated content within civic is released under an open-access license (the creative commons public domain dedication or ‘cc0’ license).
10.1371/journal.pone.0169620,2017,TRUE,TRUE,FALSE,data availability statement,,FALSE,,,data availability statement: all relevant data are within the paper and its supporting information files. for more data from the study registered under controlledtrials.com isrctn65263333,NA
10.18632/oncotarget.14268,2016,TRUE,TRUE,TRUE,field-specific repository,field-specific repository,FALSE,,,newly generated microarray data were deposited in the geo database (accession no. gse67102).,NA
10.1111/ajt.14107,2016,TRUE,TRUE,FALSE,supplement,,FALSE,,,data s1: the banff manual: definitions and rules.,NA
10.1016/j.cmet.2017.02.005,2017,TRUE,TRUE,FALSE,supplement,,FALSE,,,holidic media were made according to piper et al. (2014) with appropriate substitutions for each of the different aa ratios (table s2; data s1).,NA
10.1126/science.aah5903,2016,TRUE,TRUE,TRUE,general-purpose repository,general-purpose repository,FALSE,,,the raw files used in this study are available at the datadryad.org archive (doi:10.5061/dryad.r984n).,NA
10.1002/ejp.881,2016,TRUE,TRUE,FALSE,supplement,,FALSE,,,excluded studies are presented in supporting information data s1.;     data s1.,NA
10.1038/ncomms12514,2016,TRUE,TRUE,TRUE,"field-specific repository, supplement",field-specific repository,FALSE,,,data availability. (re)chip rna and whole-genome bisulﬁte sequencing data that support the ﬁndings of this study have been deposited in the ‘european genome-phenome archive’ with the accession code egas00001001568.;     the rna-seq data for human cd4 þ central memory t cells referenced in this study are available in the ‘european nucleotide archive’ with the accession codes erp004883 (ref.;     additional information accession codes:(re)chip rna and whole-genome bisulﬁte sequencing data that support the ﬁndings of this study have been deposited in the ‘european genome-phenome archive’ with the accession code egas00001001568.;     the rna-seq data for human cd4 þ central memory t cells referenced in this study are available in the ‘european nucleotide archive’ with the accession codes erp004883 (ref.   on grouping tsss by their modiﬁcation pattern outlined above we obtained eight classes where we discarded the low co-occupancy class as it contained only 3 out of the 72480 tsss (fig. 2b and supplementary data 1).;     to disentangle the epigenetic and genetic requirements for bivalency we classiﬁed 27537 cpg islands in the human genome deﬁned by their sequence characteristics30 into the aforementioned enrichment patterns for h3k4me3 h3k27me3 reh3k4me3 and reh3k27me3 (supplementary data 2).,NA
10.1016/j.cell.2016.04.048,2016,TRUE,FALSE,TRUE,NA,general-purpose repository,TRUE,TRUE,other repository/website,NA,experimental procedures reproducible research we have provided the raw data and r scripts necessary to reproduce the primary mpra analyses (http://www.bloodgenes.org/rbc_mpra/).
10.18632/oncotarget.8592,2016,TRUE,TRUE,TRUE,field-specific repository,field-specific repository,FALSE,,,transmembrane domains have been predicted using the kyte doolittle algorithm and all orthologous sequences of prg3 (human mouse and rat) are deposited at the ncbi database (human prg3 genbank accession no. ay304516; rattus norvegicus prg3 genbank accession no. ay299399; mus musculus prg3 genbank accession no. ay345342).,NA
10.1016/j.bpj.2015.12.033,2016,TRUE,TRUE,TRUE,field-specific repository,field-specific repository,FALSE,,,in this analysis we included the apo state with all lbds unbound the ca intermediate state (pdb: 4l17) with subunits b and d modeled as glutamate bound the two fully bound lbd models presented in this work (tight and hhmodeled) and the model derived from the 12 å em map of full-length active glua2 (glu_em; pdb: 4uq6 (14) (fig.;     the glua2-tr and wt atomic coordinates and structure factors reported in this work have been deposited in the protein data bank under codes pdb: 4yu0 and 4z0i respectively.,NA
10.1080/15548627.2015.1100356,2016,TRUE,TRUE,TRUE,field-specific repository,field-specific repository,FALSE,,,next the time-dependent release of acid-soluble radioactivity from the labeled protein in intact cells or perfused organs is measured.3658659 note that the inclusion of the appropriate unlabeled amino acid (i.e. valine leucine or methionine) in the starvation medium at a concentration equivalent to that of other amino acids in the chase medium is necessary; otherwise the released [14c]-amino acid is effectively re-incorporated into cellular proteins which results in a signiﬁcant underestimation of protein degradation.,NA
10.1002/art.39567,2016,TRUE,TRUE,TRUE,field-specific repository,field-specific repository,FALSE,,,atomic coordinates and structure factor amplitudes were deposited in the protein data bank under accession codes 5def (pvipr–b*27:04 complex) and 5deg (pvipr–b*27:06 complex).,NA
10.1523/JNEUROSCI.0685-15.2015,2015,TRUE,FALSE,,NA,,TRUE,FALSE,,NA,we used publicly available matlab scripts (https://github.com/jrclimer/mle_rhythmicity) to calculate a theta index (yartsev et al. 2011) from the spike train’s autocorrelation function (10 ms bins) as well as the magnitude a of rhythmic modulation derived from a maximum likelihood estimation (mle) of a parametric model of the distribution of lags between spikes (range 0 – 0.5 s) where a varies from 0 (no rhythmicity) to 1 (maximal rhythmicity) and confidence intervals for a were computed by refitting the model keeping all parameters except a fixed (climer et al. 2015).
10.1038/nature16060,2015,TRUE,FALSE,,NA,,TRUE,TRUE,github,NA,the code used for azimuthal regrouping is openly available at https://github.com/kif/pyfai.
10.1038/ncomms9362,2015,TRUE,TRUE,TRUE,field-specific repository,field-specific repository,FALSE,,,the structure factors and atomic coordinates of the spn-pdz domain are deposited in the protein data bank with accession number 4xhv.,NA
10.3758/s13414-015-0963-9,2015,TRUE,FALSE,,NA,,TRUE,TRUE,supplement,NA,the matlab code used for the simulation is available as see supplementary matlab code. the matlab code used for the simulation is available as see supplementary matlab code.
10.1074/mcp.TIR118.000943,2018,TRUE,TRUE,TRUE,field-specific repository,field-specific repository,TRUE,TRUE,github,the data is directly accessible via ftp://massive.ucsd.edu/msv000083128.,source code documentation and instructions to run ssgsea2.0/ptm-sea on a local computer and on genepattern are available on github and can be accessed using the following url: https://github.com/broadinstitute/ssgsea2.0.;     report_ title⫽ms-viewer&search_key⫽gxo6ksgdby&search_name⫽ msviewer ptmsigdb can be downloaded from https:// github.com/broadinstitute/ssgsea2.0.
10.1016/j.ccell.2018.10.016,2018,TRUE,TRUE,TRUE,"field-specific repository, general-purpose repository, data availability statement",general-purpose repository,FALSE,,,data and software availability the accession number for wgs rna-seq expression and array-based methylation reported in this study is ega: egas00001002923. somatic variant calls are available through mendeley data https://doi.org/10.17632/6gtrrxrn2c.1.     deposited data raw sequencing data  this paper  egas00001002923  somatic variants  this paper  https://doi,NA
10.1016/j.jid.2018.11.018,2018,TRUE,TRUE,TRUE,field-specific repository,field-specific repository,FALSE,,,data for il-1betreated cells and lesional hs skin are deposited in the national center for biotechnology information gene expression omnibus (geo) database (gse120784 and gse122592 respectively).,NA
10.1093/bioinformatics/bty616,2018,TRUE,FALSE,,NA,,TRUE,TRUE,github,NA,availability and implementation: cnr is available as a python module at https://github.com/nkiccb/cnr.;     additionally code to reproduce all figures is available at https://github.com/nki-ccb/ cnr-analyses.
10.1093/bioinformatics/bty553,2018,TRUE,FALSE,,NA,,TRUE,TRUE,github,NA,availability and implementation: our method is available online at https://github.com/schulzlab/ ontologyeval.
10.1126/sciimmunol.aat9781,2018,TRUE,TRUE,FALSE,general-purpose repository,,TRUE,TRUE,github,all custom code utilized for data extraction and analysis can be accessed at http:// github.com/d93espinoza.,custom r code is available on github at http://github.com/d93espinoza/­ barcodetrackr.;     the python code used for extraction from fastq files is available at https://github.com/d93espinoza/barcode_extracter.;     the r code used is available online at http://github.com/d93espinoza/barcodetrackr.;     all custom code utilized for data extraction and analysis can be accessed at http:// github.com/d93espinoza.
10.1038/s41596-018-0064-z,2018,TRUE,FALSE,,NA,,TRUE,TRUE,github,NA,table 2 | troubleshooting table step problem possible reason 2 problems installing packages or not missing dependency packages; using able to reproduce sample results from different versions of packages or r sample input ﬁles  5 7  12  15  17  solution make sure that all dependency packages are installed some of which need to be installed via bioconductor (see source code).
10.1161/JAHA.118.010025,2018,TRUE,TRUE,FALSE,supplement,,FALSE,,,an accompanying data s1 is available at https://www.ahajournals.org/doi/suppl/10.1161/jaha.118.010025 correspondence to: johannes holfeld md university clinic of cardiac surgery innsbruck medical university anichstraße 35 6020 innsbruck austria.;     primers are described in data s1.;     for further details regarding materials and methods see data s1.;     supplemental material  downloaded from http://ahajournals.org by on september 10 2020   data s1.,NA
10.1139/apnm-2018-0276,2018,TRUE,TRUE,FALSE,supplement,,FALSE,,,raw data between japanese and germans shown in table 1,NA
10.1016/j.immuni.2018.09.005,2018,TRUE,TRUE,TRUE,"field-specific repository, general-purpose repository",field-specific repository,TRUE,FALSE,,data and software availability sequencing datasets are available at the ncbi geo under accession numbers: gse115505 and gse110465.  software:vennmaster  n/a  diffbind v2.0.5  https://bioconductor.org/packages/release/bioc/ html/diffbind.html  rrid:scr_012918  igv2.3  http://software.broadinstitute.org/software/ igv/igv2.3  rrid:scr_011793  deposited data  experimental models: cell lines  experimental models: organisms/strains  oligonucleotides  recombinant dna  software and algorithms  (continued on next page)  e2 immunity 49 615–626.e1–e6 october 16 2018   continued reagent or resource  source  identifier  java treeview  http://jtreeview.sourceforge.net/  rrid:scr_013503  ngs.plot  https://github.com/shenlab-sinai/ngsplot  rrid:scr_011795  mri wound healing tool (imagej)  http://dev.mri.cnrs.fr/projects/imagej-macros/ wiki/wound_healing_tool  rrid:scr_003070  strand ngs  http://www.strand-ngs.com/  n/a  contact for reagent and resource sharing further information and requests for resources and reagents should be directed to and will be fulfilled by the lead contact laszlo nagy (lnagy@jhmi.edu).,software:vennmaster  n/a  diffbind v2.0.5  https://bioconductor.org/packages/release/bioc/ html/diffbind.html  rrid:scr_012918  igv2.3  http://software.broadinstitute.org/software/ igv/igv2.3  rrid:scr_011793  deposited data  experimental models: cell lines  experimental models: organisms/strains  oligonucleotides  recombinant dna  software and algorithms  (continued on next page)  e2 immunity 49 615–626.e1–e6 october 16 2018   continued reagent or resource  source  identifier  java treeview  http://jtreeview.sourceforge.net/  rrid:scr_013503  ngs.plot  https://github.com/shenlab-sinai/ngsplot  rrid:scr_011795  mri wound healing tool (imagej)  http://dev.mri.cnrs.fr/projects/imagej-macros/ wiki/wound_healing_tool  rrid:scr_003070  strand ngs  http://www.strand-ngs.com/  n/a  contact for reagent and resource sharing further information and requests for resources and reagents should be directed to and will be fulfilled by the lead contact laszlo nagy (lnagy@jhmi.edu).
10.1016/j.cmi.2018.09.023,2018,TRUE,FALSE,,NA,,TRUE,FALSE,,NA,available online at: https://github. com/najoshi/sickle.
10.1016/j.celrep.2018.09.018,2018,TRUE,TRUE,TRUE,field-specific repository,field-specific repository,FALSE,,,the entire batmuv sequence including the 30 and 50 termini that were obtained by race-pcr is available under genbank: hq660095.1.,NA
10.1073/pnas.1807962115,2018,TRUE,TRUE,TRUE,supplement,supplement,FALSE,,,2a and dataset s1).;     these could be classified into six kyoto encyclopedia of genes and genomes (kegg) pathways confirming the observed alterations in metabolic pathways (38) and further identifying changes in axon sprouting and neurodegenerative pathways (dataset s2).;     because of the neuroprotective effects of lbh589 in mouse models of hd (33) and its ability to cross the blood–brain barrier (dataset s3) (47) we treated tghd pups with this hdaci.;     s3 and dataset s2) identified alterations in several pathways relevant to hd pathogenesis and neurodevelopment (si pnas | vol. 115 | no.,NA
10.1098/rsif.2018.0162,2018,TRUE,TRUE,FALSE,general-purpose repository,,FALSE,,,bouten e-mail: c.v.c.bouten@tue.nl  electronic supplementary material is available online at http://dx.doi.org/10.6084/m9. figshare.c.4174829.,NA
10.1098/rsob.180076,2018,TRUE,TRUE,FALSE,general-purpose repository,,FALSE,TRUE,other repository/website,lamb e-mail: trevor.lamb@anu.edu.au  electronic supplementary material is available online at https://dx.doi.org/10.6084/m9. figshare.c.4164821.;     all code used here is available for download from dryad [10].;     consequences  to run the stochastic simulations and to integrate the downstream reactions in support of the findings in this article has been deposited in dryad at (http://dx.doi.org/10.5061/dryad.n774460) [10].,NA
10.1016/j.ccell.2018.06.003,2018,TRUE,TRUE,TRUE,field-specific repository,field-specific repository,FALSE,,,cat # fc-404-1003  coordinates of nt5c2 wt 537x (basal)  this paper  pdb: 6ddc  coordinates of nt5c2 r367q 537x (basal)  this paper  pdb: 6ddb  coordinates of nt5c2 q523x (basal)  this paper  pdb: 6ddl  coordinates of nt5c2 wt (basal)  this paper  pdb: 6ddo  coordinates of nt5c2 r367q (basal)  this paper  pdb: 6ddk  coordinates of nt5c2 r39q (basal)  this paper  pdb: 6ddq  coordinates of nt5c2 l375f 537x (active)  this paper  pdb: 6ddx  coordinates of nt5c2 k359q 537x (active)  this paper  pdb: 6ddy  coordinates of nt5c2 r367q 537x (active)  this paper  pdb: 6ddh  coordinates of nt5c2 r238w 537x (active)  this paper  pdb: 6ddz  coordinates of nt5c2 d407a 537x (active)  this paper  pdb: 6dd3  coordinates of nt5c2 q523x (active)  this paper  pdb: 6de0  coordinates of nt5c2 wt (active)  this paper  pdb: 6de1  coordinates of nt5c2 l375f (active)  this paper  pdb: 6de2  coordinates of nt5c2 r39q (active)  this paper  pdb: 6de3  human: hek293t  atcc  atcc # crl-3216 rrid:cvcl_0063  human: jurkat  atcc  atcc # tib-152tm rrid:cvcl_0367  human: jurkat-tet3g  clontech  cat# 631181  deposited data  experimental models: cell lines  (continued on next page)  e1 cancer cell 34 136–147.e1–e6 july 9 2018   continued reagent or resource  source  identifier  jackson labs  stock no: 000664  primer: nt5c2_h405_grna_forward: caccgtcctcttgttcccaggcacc  this paper  n/a  primer: nt5c2_h405_grna_reverse: aaacggtgcctgggaacaagaggac  this paper  n/a  primer: nt5c2_i416_grna_forward: caccgcagcagtagcaatgagcgcc  this paper  n/a  primer: nt5c2_i416_grna_reverse: aaacggcgctcattgctactgctgc  this paper  n/a  experimental models: organisms/strains mouse: c57bl/6 oligonucleotides  recombinant dna plasmid: ploc-nt5c2  open biosystems  plasmid: pet28alic  cheryl arrowsmith  addgene cat #26094  plasmid: pl-crispr.efs.gfp  heckl et al. 2014  addgene cat #57818  plasmid: plvxtre3gzsgreen1  clontech  cat# 631361  plasmid: pmscv-pbabemcs-ires-rfp  martine roussel & charles sherr  addgene cat #33337  r  https://www.r-project.org/  n/a  matlab  https://www.mathworks.com/ products/matlab.html  n/a  chimera suite  pettersen et al. 2004  n/a  i-tasser  roy et al. 2010  n/a  modeller software suite  eswar et al. 2008  n/a  savi  trifonov et al. 2013  n/a  burrows–wheeler aligner (bwa aln)  li and durbin 2009  n/a  snpeff  cingolani et al. 2012  n/a  ni sepharose 6 fast flow  ge healthcare  cat# 17-5318-01  column pd 10  vwr  cat# 95017-001  software and algorithms  other  contact for reagent and resource sharing further information and requests for resources and reagents should be directed to and will be fulfilled according to institutional rules by the lead contact adolfo ferrando (af2196@columbia.edu).;     data and software availability the atomic coordinates reported in this paper are deposited in pdb:6ddc 6ddb 6ddl 6ddo 6ddk 6ddq 6ddx 6ddy 6ddh 6ddz 6dd3 6de0 6de1 6de2 6de3.,NA
10.1016/j.neuron.2018.06.005,2018,TRUE,FALSE,,NA,,TRUE,FALSE,,NA,data and software availability the imagej macros and matlab scripts used for the analysis have not been published but will be available to interested individuals if requested.
10.1093/bioinformatics/bty473,2018,TRUE,FALSE,,NA,,TRUE,TRUE,github,NA,availability and implementation: an r-package is available at https://github.com/molsysbio/ stasnet.;     stasnet is available as an r-package under https://github.com/molsysbio/stasnet.
10.1098/rstb.2017.0222,2018,TRUE,TRUE,TRUE,general-purpose repository,general-purpose repository,TRUE,TRUE,github,subject areas: computational biology bioinformatics systems biology keywords: network reconstruction transcriptional network network inference author for correspondence: nils blüthgen e-mail: nils.bluethgen@charite.de  electronic supplementary material is available online at https://doi.org/10.6084/m9.figshare.c. r-scripts for the benchmark are available at https:// github.com/johannesmg/benchmark_gene_regulation_mesc.git and normalized transcriptome data are available at http://sysbio.net/ download/expression_set_gpl_6246_full.rdata.  8  rstb.royalsocietypublishing.org  frequency with which feedback is encountered in biological networks [40].,to compare the expression values of the cellnet samples with the keyword-based samples both were re-normalized together using quantile normalization.  (e) calculation of area under the precision-recall we ranked all predictions based on the score and calculated the precision-recall curve using the rocr package [23] together with the interpolation algorithm of boyd et al. [24] available at https://github.com/kboyd/raucpr [25].;     r-scripts for the benchmark are available at https:// github.com/johannesmg/benchmark_gene_regulation_mesc.git and normalized transcriptome data are available at http://sysbio.net/ download/expression_set_gpl_6246_full.rdata.  8  rstb.royalsocietypublishing.org  frequency with which feedback is encountered in biological networks [40].
10.1098/rstb.2017.0221,2018,TRUE,TRUE,FALSE,general-purpose repository,,FALSE,,,introduction: the need to quantify stem cell differentiation  electronic supplementary material is available online at https://doi.org/10.6084/m9.figshare.c.,NA
10.1111/jnc.14460,2018,TRUE,TRUE,FALSE,general-purpose repository,,FALSE,,,preregistration of an analysis plan must take place via a publicly accessible registry system (e.g. osf clinicaltrials.gov or other trial registries in the who registry network institutional registration systems).,NA
10.1016/j.ajhg.2018.03.011,2018,TRUE,TRUE,FALSE,field-specific repository,,FALSE,,,accession numbers we have deposited wes and phenotypic data of affected individual 2:ii-1 into the european genome-phenome archive (ega: egan00001679530).,NA
10.1098/rsif.2018.0012,2018,TRUE,TRUE,FALSE,"general-purpose repository, supplement",,FALSE,TRUE,supplement,introduction  electronic supplementary material is available online at https://dx.doi.org/10.6084/m9. figshare.c.4052777.  for this load case we studied the effect of variations of +108 in the load axis due to potential misalignments (see electronic supplementary material data s3).;     for a thorough description of the bone material properties assignation we refer to the electronic supplementary material data s4.;     the code for the assignation of m to the tetrahedral elements and the code for the final modelassembly are included as electronic supplementary material data s6.;     frequency plots of the microct images after densitometric calibration can be found in the electronic supplementary material data s2.;     heterogeneous fems to compare the age-matched genotypes under the same compression load led to similar strain distribution within the tibia when compared to the strains obtained with the homogeneous models (electronic supplementary material data s5).,NA
10.1093/jn/nxx037,2018,TRUE,TRUE,FALSE,data availability statement,,TRUE,FALSE,,data sharing by scientists: practices and perceptions. plos one 2011;6:e21101,available from: https://github.com/ enpadasi/ontology-for-nutritional-studies.
10.1111/ddg.13408,2018,TRUE,TRUE,TRUE,field-specific repository,,FALSE,,,the following wild type and reference strains were used for comparative molecular analysis and the generation of dendrograms based on the its region:  material and methods  210314_2016 routine diagnostic tests at the mölbis lab age: 46 tinea corporis 216774_2016 routine diagnostic tests at the mölbis lab age: 6 tinea capitis 216686_2015 routine diagnostic tests at the mölbis lab 218251_2016 routine diagnostic tests at the mölbis lab age: 45 tinea cruris ku257469.1 routine diagnostic tests at the mölbis lab by now contained in the ncbi database nr_144899.1 ncbi accession number ihem strain number 13697 kj606088.1 ncbi accession number atcc strain number 32457  during routine diagnostic tests conducted at the mycology laboratory mölbis germany between november 2013 and january 2017 (three years and three months) all specimens sent in were examined for t. quinckeanum.;     deposition of gene sequences and t. quinckeanum strains in databases and strain collections the dna sequences of several t. quinckeanum strains isolated in the present study have been deposited in the ncbi database in bethesda maryland: strain 213746/2014 as ncbi accession number ku257460; strain 212847/2014 as ncbi number ku257461 strain 212902/2014 as ncbi number ku257462; and strain 212031/2014 as ncbi number ku257469.,NA
10.1093/nar/gkx1088,2017,TRUE,TRUE,TRUE,data availability statement,general-purpose repository,FALSE,,,data availability   nucleic acids research 2018 vol. 46 database issue d1141  downloaded from https://academic.oup.com/nar/article/46/d1/d1137/4616872,NA
10.1016/j.ajhg.2019.12.005,2019,TRUE,TRUE,TRUE,field-specific repository,field-specific repository,FALSE,,,accession numbers the accession numbers for the data reported in this paper are: d for proband 1 c.215-1g>c clinvar: vcv000619297 and d for proband 2 c.41t>a clinvar: vcv000619501 and c.610c>t clinvar: vcv000619499  supplemental data supplemental data can be found online at https://doi.org/10. 1016/j.ajhg.2019.12.005.,NA
10.1016/j.cell.2019.05.010,2019,TRUE,TRUE,TRUE,"field-specific repository, general-purpose repository",,TRUE,FALSE,,star+methods key resources table  reagent or resource  source  identifier  sigma-aldrich  cat#f1804; rrid: ab_262044  antibodies mouse monoclonal anti-flag (m2) if 1:500; wb 1:1000 rabbit monoclonal ha-tag (c29f4) 1:1000  cell signaling technology  cat#3724; rrid: ab_1549585  rabbit monoclonal anti-pdi (c81h6) 1:500  cell signaling technology  cat#3501; rrid: ab_2156433  rabbit monoclonal anti-atpif1 (d6p1q) xp 1:1000  cell signaling technology  cat#13268; rrid: ab_10949890  rabbit monoclonal cox iv (3e11) if 1:250 wb 1:1000  cell signaling technology  cat#4850; rrid: ab_2085424  rabbit monoclonal letm1 wb (1:500)  genetex  cat#gtx112455; rrid: ab_1950806  rabbit monoclonal tom20 wb (1:1000)  cell signaling technology  cat#42406; rrid: ab_2687663  rabbit monoclonal vdac1 wb (1:1000)  abcam  cat#ab154856; rrid: ab_2687466  alexa fluor 488 anti-rabbit 1:500  invitrogen  cat#a11070; rrid: ab_142134  alexa fluor 594 anti-mouse 1:500  invitrogen  cat#a11005; rrid: ab_141372  anti-mouse igg (h+l) hrp conjugate 1:5000  promega  cat#w4021; rrid: ab_430834  anti-rabbit igg (h+l) hrp conjugate 1:5000  promega  cat#w4011; rrid: ab_430833  human left-ventricular cardiac tissue used for ribo-seq (n = 80) see table s1  see table s1  n/a  human heart tissue from adult patients with hcm (n = 3; mutations in myh7 (2x) and mybpc3) used for srm experiments  harvard medical school boston ma usa  n/a  human heart tissue from adult patients with dcm (n = 2; mutations in lmna (2x)) used for srm experiments  harvard medical school boston ma usa  n/a  human kidney tissue used for ribo-seq (n = 6) see table s1  see table s1  n/a  human liver tissue used for ribo-seq (n = 6) see table s1  see table s1  n/a  c57bl/6 mouse left-ventricular cardiac tissue (n = 6) see table s1  see table s1  n/a  bn-lx rat left-ventricular cardiac tissue (n = 5) see table s1 and schafer et al. 2015a  see table s1  n/a  shr left-ventricular cardiac tissue (n = 5) see table s1 and schafer et al. 2015a  see table s1  n/a  f1 hybrid bn/f344 ttn wt rat left ventricular cardiac tissue (n = 4)  schafer et al. 2017a  pmid: 27869827  f1 hybrid bn/f344 ttntv z-disk left ventricular cardiac tissue (n = 4)  schafer et al. 2017a  pmid: 27869827  f1 hybrid bn/f344 ttntv a-band left ventricular cardiac tissue (n = 4)  schafer et al. 2017a  pmid: 27869827  dnase i  ambion/thermo scientific  cat#am2222  cycloheximide  sigma-aldrich chemie gmbh  cat#1988  trizol  invitrogen  cat#15596018  l-[35s]-methionine  hartmann analytic gmbh  cat#srm-01  novex tricine sds sample buffer (2x)  invitrogen  cat#lc1676  biological samples  chemicals peptides and recombinant proteins  (continued on next page)  cell 178 242–260.e1–e17 june 27 2019 e1   continued reagent or resource  source  identifier  novex 16% tricine protein gels 1.0 mm 15-well  invitrogen  cat#ec66955box  nupage lds sample buffer (4x)  invitrogen  cat#np0007  nupage sample reducing agent (10x)  invitrogen  cat#np0009  nupage 12% bis-tris protein gels  invitrogen  cat#np0343box  nupage mes sds running buffer (20x)  invitrogen  cat#np000202  immobilon-psq membrane pvdf 02 mm  merck  cat#iseq00010  lysyl endopeptidase  wako  cat#125-05061  trypsin gold  promega  cat#v5280  crude synthetic peptides for srm assay  jpt  spiketides/maxi spiketides  proteinase k  sigma-aldrich  cat#3115879001  poly-d-lysine  sigma-aldrich  cat#p0899-50mg  transfectin  biorad  cat#1703351  complete edta-free protease inhibitor cocktail  roche  cat#11873580001  anti-flag_x0003_ m2 magnetic beads  sigma-aldrich chemie gmbh  cat#m8823-1ml  pierce anti-ha magnetic beads  thermo fisher scientific  cat#88836  ecl blotting reagents  ge healthcare  cat#rpn2109  lipofectamine 2000 transfection reagent  thermo fisher scientific  cat#11668027  dapi  thermo fisher  cat#r37606  critical commercial assays truseq ribo profile (mammalian) library prep kit  illumina  cat#rphmr12126  bioanalyzer high sensitivity dna analysis  agilent  cat#5067-4626  rna clean & concentrator-25 kit  zymo research  cat#r1018  rna 6000 nano assay  agilent  cat#5067-1511  qiaprep spin miniprep kit  qiagen  cat#27104  quickchange ii site-directed mutagenesis kit  agilent technologies  cat#200524  tnt_x0003_ t7 coupled wheat germ extract system  promega deutschland gmbh  cat#l4140  human il-11 quantikine elisa kit  r&d systems  cat#d1100  human reference genome ensembl release 87 grch38  ensembl  ftp://ftp.ensembl.org/pub/release-87/fasta/ homo_sapiens  rat reference genome ensembl release 87 rnor6.0  ensembl  ftp://ftp.ensembl.org/pub/release-87/fasta/ rattus_norvegicus/dna/  mouse reference genome ensembl release 87 grcm38  ensembl  ftp://ftp.ensembl.org/pub/release-87/fasta/ mus_musculus/  identifiable human sequencing data  this paper  european genome-phenome archive (ega) egas00001003263  non-identifiable human data and rodent sequencing data (mouse and rat left ventricular heart)  this paper  european nucleotide archive (ena) prjeb29208  european nucleotide archive (ena) prjeb7498  deposited data  rat heart (bn-lx and shr) ribo-seq data  schafer et al. 2015a  human heart targeted srm data  this paper  proteomexchange (via pride) pxd012593  human ipsc-derived cardiomyocytes shotgun ms data  this paper  proteomexchange (via pride) pxd012593  immunoprecipitation-ms (ip-ms) data  this paper  proteomexchange (via pride) pxd012593  rat: f1 hybrid bn/f344 ttn rat left ventricular cardiac tissue shotgun ms data  this paper  proteomexchange (via pride) pxd012593  rat: f1 hybrid bn/f344 ttn rat left ventricular cardiac tissue ribo-seq data  schafer et al. 2017a  european nucleotide archive (ena) under accession erp015402; pmid: 27869827  human heart shotgun ms data  doll et al. 2017  embl-ebi pride pxd006675 (continued on next page)  e2 cell 178 242–260.e1–e17 june 27 2019   continued reagent or resource  source  identifier  human: flp-in t-rex 293 cells (derived from hek293t cells)  thermo fisher scientific  cat#r78007  human: immortalized fibroblasts (bj-5ta)  atcc  atcc_x0003_ crl-4001  human: patient-derived cardiac fibroblasts  chothani et al. 2018  biorxiv 451666 https://www.biorxiv.org/content/ 10.1101/451666v1  human: ipsc-derived cardiomyocytes (day 21) used for ribo-seq  pluripotent stem cells facility (mdc berlin; berlin germany)  n/a  human: ipsc-derived cardiomyocytes (day 29) used for shotgun ms  pluripotent stem cells facility (mdc berlin; berlin germany)  n/a  mouse: c57bl/6j see table s1  duke–national university of singapore medical school  n/a  mouse: c57bl/6nj see table s1  harvard medical school boston ma usa  n/a  rat: bn-lx see table s1  czech academy of sciences prague czech republic  n/a  rat: shr see table s1  czech academy of sciences prague czech republic  n/a  rat: f1 hybrid bn/f344 ttn wt rat left ventricular cardiac tissue (n = 4)  schafer et al. 2017a  n/a  rat: f1 hybrid bn/f344 ttntv z-disk left ventricular cardiac tissue (n = 4)  schafer et al. 2017a  n/a  rat: f1 hybrid bn/f344 ttntv a-band left ventricular cardiac tissue (n = 4)  schafer et al. 2017a  n/a  mutagenic primers to introduce atg mutations see table s5  biotez (berlin germany)  n/a  primers for circrna validation rnase r qpcrs see table s7  metabion (munich germany)  n/a  experimental models: cell lines  experimental models: organisms/strains  oligonucleotides  software and algorithms bwa-mem  li and durbin 2010  https://github.com/lh3/bwa  dbsnp (v138)  sherry et al. 2001  ftp://ftp.ncbi.nlm.nih.gov/snp/  deeploc 1.0  almagro armenteros et al. 2017  http://www.cbs.dtu.dk/services/deeploc/ index.php  deseq2 (v1.12.4)  love et al. 2014  http://bioconductor.org/packages/3.6/bioc/html/ deseq2.html  ensembl variant effect predictor (vep) (v87)  mclaren et al. 2016  https://www.ensembl.org/info/docs/tools/vep/ script/vep_download.html  find_circ2 (v1.2)  rajewsky lab  https://github.com/rajewsky-lab/find_circ2  gatk (v3.6)  mckenna et al. 2010  https://software.broadinstitute.org/gatk/ download/archive  gprofiler (v0.6.4)  reimand et al. 2016  https://cran.r-project.org/src/contrib/archive/ gprofiler/  imagej (v1.52a)  schneider et al. 2012  https://imagej.nih.gov/ij/index.html  i-tasser (v5.1)  yang et al. 2015  https://zhanglab.ccmb.med.umich.edu/ i-tasser/download/  las x (v3.5.2)  leica microsystems  n/a  maxquant (v1.6.0.1)  cox and mann 2008  http://www.coxdocs.org/doku.php?;     this protocol is described in detail in schafer et al. (2015a) where it was used to generate ribo-seq data from bn-lx and shr rat left ventricle tissue (available at the european nucleotide archive (ena) under accession number prjeb7498).;     ribo-seq data was obtained from schafer et al. (2017a) and is accessible at european nucleotide archive (ena) under accession erp015402.;     searching public mass spectrometry data in order to detect protein products of translated cardiac genes we obtained the raw data of the deepest human heart proteome available at the moment (doll et al. 2017) which we downloaded from the embl-ebi pride archive under accession number pxd006675.;     data and software availability the accession number for the identifiable human sequencing data reported in this paper is european genome-phenome archive (ega): egas00001003263.;     the accession number for the non-identifiable human sequencing data and rodent left-ventricle sequencing data reported in this paper is european nucleotide archive (ena): prjeb29208.;     the accession number for the mass spectrometry proteomics data reported in this paper is proteomexchange consortium (via the pride partner repository [perez-riverol et al. 2019]): pxd012593.  star+methods key resources table  reagent or resource  source  identifier  sigma-aldrich  cat#f1804; rrid: ab_262044  antibodies mouse monoclonal anti-flag (m2) if 1:500; wb 1:1000 rabbit monoclonal ha-tag (c29f4) 1:1000  cell signaling technology  cat#3724; rrid: ab_1549585  rabbit monoclonal anti-pdi (c81h6) 1:500  cell signaling technology  cat#3501; rrid: ab_2156433  rabbit monoclonal anti-atpif1 (d6p1q) xp 1:1000  cell signaling technology  cat#13268; rrid: ab_10949890  rabbit monoclonal cox iv (3e11) if 1:250 wb 1:1000  cell signaling technology  cat#4850; rrid: ab_2085424  rabbit monoclonal letm1 wb (1:500)  genetex  cat#gtx112455; rrid: ab_1950806  rabbit monoclonal tom20 wb (1:1000)  cell signaling technology  cat#42406; rrid: ab_2687663  rabbit monoclonal vdac1 wb (1:1000)  abcam  cat#ab154856; rrid: ab_2687466  alexa fluor 488 anti-rabbit 1:500  invitrogen  cat#a11070; rrid: ab_142134  alexa fluor 594 anti-mouse 1:500  invitrogen  cat#a11005; rrid: ab_141372  anti-mouse igg (h+l) hrp conjugate 1:5000  promega  cat#w4021; rrid: ab_430834  anti-rabbit igg (h+l) hrp conjugate 1:5000  promega  cat#w4011; rrid: ab_430833  human left-ventricular cardiac tissue used for ribo-seq (n = 80) see table s1  see table s1  n/a  human heart tissue from adult patients with hcm (n = 3; mutations in myh7 (2x) and mybpc3) used for srm experiments  harvard medical school boston ma usa  n/a  human heart tissue from adult patients with dcm (n = 2; mutations in lmna (2x)) used for srm experiments  harvard medical school boston ma usa  n/a  human kidney tissue used for ribo-seq (n = 6) see table s1  see table s1  n/a  human liver tissue used for ribo-seq (n = 6) see table s1  see table s1  n/a  c57bl/6 mouse left-ventricular cardiac tissue (n = 6) see table s1  see table s1  n/a  bn-lx rat left-ventricular cardiac tissue (n = 5) see table s1 and schafer et al. 2015a  see table s1  n/a  shr left-ventricular cardiac tissue (n = 5) see table s1 and schafer et al. 2015a  see table s1  n/a  f1 hybrid bn/f344 ttn wt rat left ventricular cardiac tissue (n = 4)  schafer et al. 2017a  pmid: 27869827  f1 hybrid bn/f344 ttntv z-disk left ventricular cardiac tissue (n = 4)  schafer et al. 2017a  pmid: 27869827  f1 hybrid bn/f344 ttntv a-band left ventricular cardiac tissue (n = 4)  schafer et al. 2017a  pmid: 27869827  dnase i  ambion/thermo scientific  cat#am2222  cycloheximide  sigma-aldrich chemie gmbh  cat#1988  trizol  invitrogen  cat#15596018  l-[35s]-methionine  hartmann analytic gmbh  cat#srm-01  novex tricine sds sample buffer (2x)  invitrogen  cat#lc1676  biological samples  chemicals peptides and recombinant proteins  (continued on next page)  cell 178 242–260.e1–e17 june 27 2019 e1   continued reagent or resource  source  identifier  novex 16% tricine protein gels 1.0 mm 15-well  invitrogen  cat#ec66955box  nupage lds sample buffer (4x)  invitrogen  cat#np0007  nupage sample reducing agent (10x)  invitrogen  cat#np0009  nupage 12% bis-tris protein gels  invitrogen  cat#np0343box  nupage mes sds running buffer (20x)  invitrogen  cat#np000202  immobilon-psq membrane pvdf 02 mm  merck  cat#iseq00010  lysyl endopeptidase  wako  cat#125-05061  trypsin gold  promega  cat#v5280  crude synthetic peptides for srm assay  jpt  spiketides/maxi spiketides  proteinase k  sigma-aldrich  cat#3115879001  poly-d-lysine  sigma-aldrich  cat#p0899-50mg  transfectin  biorad  cat#1703351  complete edta-free protease inhibitor cocktail  roche  cat#11873580001  anti-flag_x0003_ m2 magnetic beads  sigma-aldrich chemie gmbh  cat#m8823-1ml  pierce anti-ha magnetic beads  thermo fisher scientific  cat#88836  ecl blotting reagents  ge healthcare  cat#rpn2109  lipofectamine 2000 transfection reagent  thermo fisher scientific  cat#11668027  dapi  thermo fisher  cat#r37606  critical commercial assays truseq ribo profile (mammalian) library prep kit  illumina  cat#rphmr12126  bioanalyzer high sensitivity dna analysis  agilent  cat#5067-4626  rna clean & concentrator-25 kit  zymo research  cat#r1018  rna 6000 nano assay  agilent  cat#5067-1511  qiaprep spin miniprep kit  qiagen  cat#27104  quickchange ii site-directed mutagenesis kit  agilent technologies  cat#200524  tnt_x0003_ t7 coupled wheat germ extract system  promega deutschland gmbh  cat#l4140  human il-11 quantikine elisa kit  r&d systems  cat#d1100  human reference genome ensembl release 87 grch38  ensembl  ftp://ftp.ensembl.org/pub/release-87/fasta/ homo_sapiens  rat reference genome ensembl release 87 rnor6.0  ensembl  ftp://ftp.ensembl.org/pub/release-87/fasta/ rattus_norvegicus/dna/  mouse reference genome ensembl release 87 grcm38  ensembl  ftp://ftp.ensembl.org/pub/release-87/fasta/ mus_musculus/  identifiable human sequencing data  this paper  european genome-phenome archive (ega) egas00001003263  non-identifiable human data and rodent sequencing data (mouse and rat left ventricular heart)  this paper  european nucleotide archive (ena) prjeb29208  european nucleotide archive (ena) prjeb7498  deposited data  rat heart (bn-lx and shr) ribo-seq data  schafer et al. 2015a  human heart targeted srm data  this paper  proteomexchange (via pride) pxd012593  human ipsc-derived cardiomyocytes shotgun ms data  this paper  proteomexchange (via pride) pxd012593  immunoprecipitation-ms (ip-ms) data  this paper  proteomexchange (via pride) pxd012593  rat: f1 hybrid bn/f344 ttn rat left ventricular cardiac tissue shotgun ms data  this paper  proteomexchange (via pride) pxd012593  rat: f1 hybrid bn/f344 ttn rat left ventricular cardiac tissue ribo-seq data  schafer et al. 2017a  european nucleotide archive (ena) under accession erp015402; pmid: 27869827  human heart shotgun ms data  doll et al. 2017  embl-ebi pride pxd006675 (continued on next page)  e2 cell 178 242–260.e1–e17 june 27 2019   continued reagent or resource  source  identifier  human: flp-in t-rex 293 cells (derived from hek293t cells)  thermo fisher scientific  cat#r78007  human: immortalized fibroblasts (bj-5ta)  atcc  atcc_x0003_ crl-4001  human: patient-derived cardiac fibroblasts  chothani et al. 2018  biorxiv 451666 https://www.biorxiv.org/content/ 10.1101/451666v1  human: ipsc-derived cardiomyocytes (day 21) used for ribo-seq  pluripotent stem cells facility (mdc berlin; berlin germany)  n/a  human: ipsc-derived cardiomyocytes (day 29) used for shotgun ms  pluripotent stem cells facility (mdc berlin; berlin germany)  n/a  mouse: c57bl/6j see table s1  duke–national university of singapore medical school  n/a  mouse: c57bl/6nj see table s1  harvard medical school boston ma usa  n/a  rat: bn-lx see table s1  czech academy of sciences prague czech republic  n/a  rat: shr see table s1  czech academy of sciences prague czech republic  n/a  rat: f1 hybrid bn/f344 ttn wt rat left ventricular cardiac tissue (n = 4)  schafer et al. 2017a  n/a  rat: f1 hybrid bn/f344 ttntv z-disk left ventricular cardiac tissue (n = 4)  schafer et al. 2017a  n/a  rat: f1 hybrid bn/f344 ttntv a-band left ventricular cardiac tissue (n = 4)  schafer et al. 2017a  n/a  mutagenic primers to introduce atg mutations see table s5  biotez (berlin germany)  n/a  primers for circrna validation rnase r qpcrs see table s7  metabion (munich germany)  n/a  experimental models: cell lines  experimental models: organisms/strains  oligonucleotides  software and algorithms bwa-mem  li and durbin 2010  https://github.com/lh3/bwa  dbsnp (v138)  sherry et al. 2001  ftp://ftp.ncbi.nlm.nih.gov/snp/  deeploc 1.0  almagro armenteros et al. 2017  http://www.cbs.dtu.dk/services/deeploc/ index.php  deseq2 (v1.12.4)  love et al. 2014  http://bioconductor.org/packages/3.6/bioc/html/ deseq2.html  ensembl variant effect predictor (vep) (v87)  mclaren et al. 2016  https://www.ensembl.org/info/docs/tools/vep/ script/vep_download.html  find_circ2 (v1.2)  rajewsky lab  https://github.com/rajewsky-lab/find_circ2  gatk (v3.6)  mckenna et al. 2010  https://software.broadinstitute.org/gatk/ download/archive  gprofiler (v0.6.4)  reimand et al. 2016  https://cran.r-project.org/src/contrib/archive/ gprofiler/  imagej (v1.52a)  schneider et al. 2012  https://imagej.nih.gov/ij/index.html  i-tasser (v5.1)  yang et al. 2015  https://zhanglab.ccmb.med.umich.edu/ i-tasser/download/  las x (v3.5.2)  leica microsystems  n/a  maxquant (v1.6.0.1)  cox and mann 2008  http://www.coxdocs.org/doku.php?,star+methods key resources table  reagent or resource  source  identifier  sigma-aldrich  cat#f1804; rrid: ab_262044  antibodies mouse monoclonal anti-flag (m2) if 1:500; wb 1:1000 rabbit monoclonal ha-tag (c29f4) 1:1000  cell signaling technology  cat#3724; rrid: ab_1549585  rabbit monoclonal anti-pdi (c81h6) 1:500  cell signaling technology  cat#3501; rrid: ab_2156433  rabbit monoclonal anti-atpif1 (d6p1q) xp 1:1000  cell signaling technology  cat#13268; rrid: ab_10949890  rabbit monoclonal cox iv (3e11) if 1:250 wb 1:1000  cell signaling technology  cat#4850; rrid: ab_2085424  rabbit monoclonal letm1 wb (1:500)  genetex  cat#gtx112455; rrid: ab_1950806  rabbit monoclonal tom20 wb (1:1000)  cell signaling technology  cat#42406; rrid: ab_2687663  rabbit monoclonal vdac1 wb (1:1000)  abcam  cat#ab154856; rrid: ab_2687466  alexa fluor 488 anti-rabbit 1:500  invitrogen  cat#a11070; rrid: ab_142134  alexa fluor 594 anti-mouse 1:500  invitrogen  cat#a11005; rrid: ab_141372  anti-mouse igg (h+l) hrp conjugate 1:5000  promega  cat#w4021; rrid: ab_430834  anti-rabbit igg (h+l) hrp conjugate 1:5000  promega  cat#w4011; rrid: ab_430833  human left-ventricular cardiac tissue used for ribo-seq (n = 80) see table s1  see table s1  n/a  human heart tissue from adult patients with hcm (n = 3; mutations in myh7 (2x) and mybpc3) used for srm experiments  harvard medical school boston ma usa  n/a  human heart tissue from adult patients with dcm (n = 2; mutations in lmna (2x)) used for srm experiments  harvard medical school boston ma usa  n/a  human kidney tissue used for ribo-seq (n = 6) see table s1  see table s1  n/a  human liver tissue used for ribo-seq (n = 6) see table s1  see table s1  n/a  c57bl/6 mouse left-ventricular cardiac tissue (n = 6) see table s1  see table s1  n/a  bn-lx rat left-ventricular cardiac tissue (n = 5) see table s1 and schafer et al. 2015a  see table s1  n/a  shr left-ventricular cardiac tissue (n = 5) see table s1 and schafer et al. 2015a  see table s1  n/a  f1 hybrid bn/f344 ttn wt rat left ventricular cardiac tissue (n = 4)  schafer et al. 2017a  pmid: 27869827  f1 hybrid bn/f344 ttntv z-disk left ventricular cardiac tissue (n = 4)  schafer et al. 2017a  pmid: 27869827  f1 hybrid bn/f344 ttntv a-band left ventricular cardiac tissue (n = 4)  schafer et al. 2017a  pmid: 27869827  dnase i  ambion/thermo scientific  cat#am2222  cycloheximide  sigma-aldrich chemie gmbh  cat#1988  trizol  invitrogen  cat#15596018  l-[35s]-methionine  hartmann analytic gmbh  cat#srm-01  novex tricine sds sample buffer (2x)  invitrogen  cat#lc1676  biological samples  chemicals peptides and recombinant proteins  (continued on next page)  cell 178 242–260.e1–e17 june 27 2019 e1   continued reagent or resource  source  identifier  novex 16% tricine protein gels 1.0 mm 15-well  invitrogen  cat#ec66955box  nupage lds sample buffer (4x)  invitrogen  cat#np0007  nupage sample reducing agent (10x)  invitrogen  cat#np0009  nupage 12% bis-tris protein gels  invitrogen  cat#np0343box  nupage mes sds running buffer (20x)  invitrogen  cat#np000202  immobilon-psq membrane pvdf 02 mm  merck  cat#iseq00010  lysyl endopeptidase  wako  cat#125-05061  trypsin gold  promega  cat#v5280  crude synthetic peptides for srm assay  jpt  spiketides/maxi spiketides  proteinase k  sigma-aldrich  cat#3115879001  poly-d-lysine  sigma-aldrich  cat#p0899-50mg  transfectin  biorad  cat#1703351  complete edta-free protease inhibitor cocktail  roche  cat#11873580001  anti-flag_x0003_ m2 magnetic beads  sigma-aldrich chemie gmbh  cat#m8823-1ml  pierce anti-ha magnetic beads  thermo fisher scientific  cat#88836  ecl blotting reagents  ge healthcare  cat#rpn2109  lipofectamine 2000 transfection reagent  thermo fisher scientific  cat#11668027  dapi  thermo fisher  cat#r37606  critical commercial assays truseq ribo profile (mammalian) library prep kit  illumina  cat#rphmr12126  bioanalyzer high sensitivity dna analysis  agilent  cat#5067-4626  rna clean & concentrator-25 kit  zymo research  cat#r1018  rna 6000 nano assay  agilent  cat#5067-1511  qiaprep spin miniprep kit  qiagen  cat#27104  quickchange ii site-directed mutagenesis kit  agilent technologies  cat#200524  tnt_x0003_ t7 coupled wheat germ extract system  promega deutschland gmbh  cat#l4140  human il-11 quantikine elisa kit  r&d systems  cat#d1100  human reference genome ensembl release 87 grch38  ensembl  ftp://ftp.ensembl.org/pub/release-87/fasta/ homo_sapiens  rat reference genome ensembl release 87 rnor6.0  ensembl  ftp://ftp.ensembl.org/pub/release-87/fasta/ rattus_norvegicus/dna/  mouse reference genome ensembl release 87 grcm38  ensembl  ftp://ftp.ensembl.org/pub/release-87/fasta/ mus_musculus/  identifiable human sequencing data  this paper  european genome-phenome archive (ega) egas00001003263  non-identifiable human data and rodent sequencing data (mouse and rat left ventricular heart)  this paper  european nucleotide archive (ena) prjeb29208  european nucleotide archive (ena) prjeb7498  deposited data  rat heart (bn-lx and shr) ribo-seq data  schafer et al. 2015a  human heart targeted srm data  this paper  proteomexchange (via pride) pxd012593  human ipsc-derived cardiomyocytes shotgun ms data  this paper  proteomexchange (via pride) pxd012593  immunoprecipitation-ms (ip-ms) data  this paper  proteomexchange (via pride) pxd012593  rat: f1 hybrid bn/f344 ttn rat left ventricular cardiac tissue shotgun ms data  this paper  proteomexchange (via pride) pxd012593  rat: f1 hybrid bn/f344 ttn rat left ventricular cardiac tissue ribo-seq data  schafer et al. 2017a  european nucleotide archive (ena) under accession erp015402; pmid: 27869827  human heart shotgun ms data  doll et al. 2017  embl-ebi pride pxd006675 (continued on next page)  e2 cell 178 242–260.e1–e17 june 27 2019   continued reagent or resource  source  identifier  human: flp-in t-rex 293 cells (derived from hek293t cells)  thermo fisher scientific  cat#r78007  human: immortalized fibroblasts (bj-5ta)  atcc  atcc_x0003_ crl-4001  human: patient-derived cardiac fibroblasts  chothani et al. 2018  biorxiv 451666 https://www.biorxiv.org/content/ 10.1101/451666v1  human: ipsc-derived cardiomyocytes (day 21) used for ribo-seq  pluripotent stem cells facility (mdc berlin; berlin germany)  n/a  human: ipsc-derived cardiomyocytes (day 29) used for shotgun ms  pluripotent stem cells facility (mdc berlin; berlin germany)  n/a  mouse: c57bl/6j see table s1  duke–national university of singapore medical school  n/a  mouse: c57bl/6nj see table s1  harvard medical school boston ma usa  n/a  rat: bn-lx see table s1  czech academy of sciences prague czech republic  n/a  rat: shr see table s1  czech academy of sciences prague czech republic  n/a  rat: f1 hybrid bn/f344 ttn wt rat left ventricular cardiac tissue (n = 4)  schafer et al. 2017a  n/a  rat: f1 hybrid bn/f344 ttntv z-disk left ventricular cardiac tissue (n = 4)  schafer et al. 2017a  n/a  rat: f1 hybrid bn/f344 ttntv a-band left ventricular cardiac tissue (n = 4)  schafer et al. 2017a  n/a  mutagenic primers to introduce atg mutations see table s5  biotez (berlin germany)  n/a  primers for circrna validation rnase r qpcrs see table s7  metabion (munich germany)  n/a  experimental models: cell lines  experimental models: organisms/strains  oligonucleotides  software and algorithms bwa-mem  li and durbin 2010  https://github.com/lh3/bwa  dbsnp (v138)  sherry et al. 2001  ftp://ftp.ncbi.nlm.nih.gov/snp/  deeploc 1.0  almagro armenteros et al. 2017  http://www.cbs.dtu.dk/services/deeploc/ index.php  deseq2 (v1.12.4)  love et al. 2014  http://bioconductor.org/packages/3.6/bioc/html/ deseq2.html  ensembl variant effect predictor (vep) (v87)  mclaren et al. 2016  https://www.ensembl.org/info/docs/tools/vep/ script/vep_download.html  find_circ2 (v1.2)  rajewsky lab  https://github.com/rajewsky-lab/find_circ2  gatk (v3.6)  mckenna et al. 2010  https://software.broadinstitute.org/gatk/ download/archive  gprofiler (v0.6.4)  reimand et al. 2016  https://cran.r-project.org/src/contrib/archive/ gprofiler/  imagej (v1.52a)  schneider et al. 2012  https://imagej.nih.gov/ij/index.html  i-tasser (v5.1)  yang et al. 2015  https://zhanglab.ccmb.med.umich.edu/ i-tasser/download/  las x (v3.5.2)  leica microsystems  n/a  maxquant (v1.6.0.1)  cox and mann 2008  http://www.coxdocs.org/doku.php?
10.1210/jc.2018-01696,2018,TRUE,TRUE,FALSE,general-purpose repository,,FALSE,,,deposited 7 january 2019. http://doi.org/10.5061/dryad.72d1v26.,NA
10.1093/nar/gky1105,2018,TRUE,TRUE,TRUE,general-purpose repository,general-purpose repository,TRUE,FALSE,,data availability the human phenotype ontology and its resources are available at http://www.human-phenotype-ontology.org web version of the exomiser: https://phenomics-dev.kccg. garvan.org.au/web-exomiser/ orphanet: http://www.orpha.net hoom: hpo-ordo ontological module: http://www. orphadata.org/ biolink: https://api.monarchinitiative.org/api/ mondo: http://obofoundry.org/ontology/mondo.html monarch initiative: https://monarchinitiative.org phenotate: http://phenotate.org hpoworkbench: https://github.com/ thejacksonlaboratory/hpoworkbench ontology development kit: https://github.com/ incatools/ontology-development-kit upheno: https://github.com/obophenotype/upheno phenopposites: https://github.com/phenomics/ phenopposites hpo translation project: https://crowdin.com/project/hpotranslation  downloaded from https://academic.oup.com/nar/article/47/d1/d1018/5198478 by charité - med.,in the past 2 years we have made improvements to the ontology based on input from clinicians and researchers as is evidenced by term requests that have been submitted via our github tracker (12).;     data availability the human phenotype ontology and its resources are available at http://www.human-phenotype-ontology.org web version of the exomiser: https://phenomics-dev.kccg. garvan.org.au/web-exomiser/ orphanet: http://www.orpha.net hoom: hpo-ordo ontological module: http://www. orphadata.org/ biolink: https://api.monarchinitiative.org/api/ mondo: http://obofoundry.org/ontology/mondo.html monarch initiative: https://monarchinitiative.org phenotate: http://phenotate.org hpoworkbench: https://github.com/ thejacksonlaboratory/hpoworkbench ontology development kit: https://github.com/ incatools/ontology-development-kit upheno: https://github.com/obophenotype/upheno phenopposites: https://github.com/phenomics/ phenopposites hpo translation project: https://crowdin.com/project/hpotranslation  downloaded from https://academic.oup.com/nar/article/47/d1/d1018/5198478 by charité - med.
10.1093/nar/gky1085,2018,TRUE,FALSE,,NA,,TRUE,TRUE,github,NA,a full description of the reconciliation method is available at https://github.com/ meringlab/og consistency pipeline.  new option for fast batch orthology assignments of custom sets of sequences which allows users to assign orthology relationships between novel genes and all genomes represented in eggnog.
10.1093/nar/gky1016,2018,TRUE,FALSE,,NA,,TRUE,TRUE,github,NA,the source code for offline cadd scoring is available on github (https://github.com/kircherlab/caddscripts) and open to contribution by others.
10.1088/1741-2552/aaa87a,2018,TRUE,FALSE,,NA,,TRUE,FALSE,,NA,a total of 99 parameters were computed for each gait cycle using custom written matlab scripts and according to methods described in details previously (wenger et al 2014) (see supplementary table 1 (stacks.iop.org/jne/15/026024/ mmedia)).
10.1074/jbc.RA119.009029,2019,TRUE,TRUE,TRUE,"field-specific repository, supplement",field-specific repository,FALSE,,,the atomic coordinates and structure factors (codes 6r4w 6r4x 6r4y 6r4z 6r5a 6r5b 6r5c 6r9z 6r50 6r51 6r52 6r53 6r54 6r55 6r56 6r57 6r58 and 6r59) have been deposited in the protein data bank (http://wwpdb.org/).     table 2). correction of the raw data,NA
