,id,linkout,year,title,doi,journal.id,journal.title
0,pub.1123730810,https://www.biorxiv.org/content/biorxiv/early/2019/12/30/2019.12.29.889667.full.pdf,2019,The history of measles: from a 1912 genome to an antique origin,10.1101/2019.12.29.889667,jour.1293558,bioRxiv
1,pub.1123730791,https://www.medrxiv.org/content/medrxiv/early/2019/12/30/2019.12.26.19015818.full.pdf,2019,"Coagulation factor XII, XI, and VIII activity levels and secondary events after first ischemic stroke",10.1101/2019.12.26.19015818,jour.1369542,medRxiv
2,pub.1123641492,https://www.biorxiv.org/content/biorxiv/early/2019/12/24/2019.12.23.887323.full.pdf,2019,Vglut2 expression in dopamine neurons contributes to post-lesional striatal reinnervation,10.1101/2019.12.23.887323,jour.1293558,bioRxiv
3,pub.1123613977,https://www.biorxiv.org/content/biorxiv/early/2019/12/23/2019.12.23.887166.full.pdf,2019,Model balancing: consistent in-vivo kinetic constants and metabolic states obtained by convex optimisation,10.1101/2019.12.23.887166,jour.1293558,bioRxiv
4,pub.1123561036,https://www.medrxiv.org/content/medrxiv/early/2019/12/21/2019.12.20.19015495.full.pdf,2019,"Cannabidivarin for the treatment of HIV-associated neuropathic pain: a randomized, blinded, controlled clinical trial",10.1101/2019.12.20.19015495,jour.1369542,medRxiv
5,pub.1123559352,https://www.biorxiv.org/content/biorxiv/early/2019/12/20/2019.12.19.882225.full.pdf,2019,A novel IKK- and proteasome-independent mechanism of RelA activation triggers senescence associated secretome via transcriptional repression of NFKBIA,10.1101/2019.12.19.882225,jour.1293558,bioRxiv
6,pub.1123549113,https://www.biorxiv.org/content/biorxiv/early/2019/12/20/2019.12.20.875807.full.pdf,2019,Enhancer hijacking determines intra- and extrachromosomal circular MYCN amplicon architecture in neuroblastoma,10.1101/2019.12.20.875807,jour.1293558,bioRxiv
7,pub.1123539013,https://www.biorxiv.org/content/biorxiv/early/2019/12/19/2019.12.19.880815.full.pdf,2019,Enhanced canonical Wnt signaling during early zebrafish development perturbs the interaction of cardiac mesoderm and pharyngeal endoderm and causes thyroid specification defects,10.1101/2019.12.19.880815,jour.1293558,bioRxiv
8,pub.1125871780,https://www.researchsquare.com/article/rs-9952/v1.pdf,2019,Prevalence and antimicrobial susceptibility of Arcobacter species in human stool samples: the prospective German Arcobacter prevalence study Arcopath,10.21203/rs.2.19339/v1,jour.1380788,Research Square
9,pub.1123543073,https://www.medrxiv.org/content/medrxiv/early/2019/12/19/2019.12.16.19015032.full.pdf,2019,Gender score development in a retrospective approach in the Berlin Aging Study II,10.1101/2019.12.16.19015032,jour.1369542,medRxiv
10,pub.1123511111,https://www.biorxiv.org/content/biorxiv/early/2019/12/18/2019.12.16.878884.full.pdf,2019,Accurate and simultaneous identification of differential expression and splicing using hierarchical Bayesian analysis,10.1101/2019.12.16.878884,jour.1293558,bioRxiv
11,pub.1123378896,https://www.biorxiv.org/content/biorxiv/early/2020/02/13/2019.12.13.872820.full.pdf,2019,Intravital quantification of absolute cytoplasmic B cell calcium reveals dynamic signaling across B cell differentiation stages,10.1101/2019.12.13.872820,jour.1293558,bioRxiv
12,pub.1123159160,https://www.biorxiv.org/content/biorxiv/early/2019/12/05/865592.full.pdf,2019,"Conceptual models of entrainment, jet-lag, and seasonality",10.1101/865592,jour.1293558,bioRxiv
13,pub.1123130486,https://www.medrxiv.org/content/medrxiv/early/2020/04/23/19013623.full.pdf,2019,"rs641738C>T near MBOAT7 is positively associated with liver fat, ALT, and histological severity of NAFLD: a meta-analysis",10.1101/19013623,jour.1369542,medRxiv
14,pub.1122918080,https://www.biorxiv.org/content/biorxiv/early/2019/11/26/853788.full.pdf,2019,"AGTR1 is overexpressed in neuroendocrine neoplasms, regulates secretion and may serve as a target for molecular imaging and therapy",10.1101/853788,jour.1293558,bioRxiv
15,pub.1122923059,https://www.biorxiv.org/content/biorxiv/early/2019/11/26/856435.full.pdf,2019,Cross-regulation of viral kinases with cyclin A secures shutoff of host DNA synthesis,10.1101/856435,jour.1293558,bioRxiv
16,pub.1122783896,https://www.biorxiv.org/content/biorxiv/early/2019/11/21/849885.full.pdf,2019,Complexin suppresses spontaneous exocytosis by capturing the membrane-proximal regions of VAMP2 and SNAP25,10.1101/849885,jour.1293558,bioRxiv
17,pub.1122794450,https://www.biorxiv.org/content/biorxiv/early/2019/11/21/849638.full.pdf,2019,Stromal cell-contact dependent PI3K and APRIL induced NF-κB signaling complement each other to prevent mitochondrial- and endoplasmic reticulum stress induced cell death of bone marrow plasma cells,10.1101/849638,jour.1293558,bioRxiv
18,pub.1122756508,https://www.biorxiv.org/content/biorxiv/early/2019/11/20/847202.full.pdf,2019,Measurements of the timescale and conformational space of AMPA receptor desensitization,10.1101/847202,jour.1293558,bioRxiv
19,pub.1122756605,https://www.biorxiv.org/content/biorxiv/early/2019/11/20/848945.full.pdf,2019,"Investigation of an LPA KIV-2 nonsense mutation in 11,000 individuals: the importance of linkage disequilibrium structure in LPA genetics",10.1101/848945,jour.1293558,bioRxiv
20,pub.1122559649,https://www.biorxiv.org/content/biorxiv/early/2019/12/17/839597.full.pdf,2019,GPCRmd uncovers the dynamics of the 3D-GPCRome,10.1101/839597,jour.1293558,bioRxiv
21,pub.1122503996,https://peerj.com/preprints/27717.pdf,2019,Digestiflow: from BCL to FASTQ with ease,10.7287/peerj.preprints.27717v4,jour.1053424,PeerJ Preprints
22,pub.1114078875,https://peerj.com/preprints/27717.pdf,2019,Digestiflow: from BCL to FASTQ with ease,10.7287/peerj.preprints.27717,jour.1053424,PeerJ Preprints
23,pub.1122476996,https://www.biorxiv.org/content/biorxiv/early/2019/11/09/836478.full.pdf,2019,Ultradian regulation of rest and activity bouts in mice,10.1101/836478,jour.1293558,bioRxiv
24,pub.1122309586,https://www.medrxiv.org/content/medrxiv/early/2019/11/04/19010975.full.pdf,2019,Opening the Black Box of Artificial Intelligence for Clinical Decision Support: A Study Predicting Stroke Outcome,10.1101/19010975,jour.1369542,medRxiv
25,pub.1122233157,https://www.biorxiv.org/content/biorxiv/early/2019/10/31/825224.full.pdf,2019,Discrete populations of isotype-switched memory B lymphocytes are maintained in murine spleen and bone marrow,10.1101/825224,jour.1293558,bioRxiv
26,pub.1122233167,https://www.biorxiv.org/content/biorxiv/early/2020/01/11/825331.full.pdf,2019,Amplitude effects allow short jetlags and large seasonal phase shifts in minimal clock models,10.1101/825331,jour.1293558,bioRxiv
27,pub.1122173130,https://www.biorxiv.org/content/biorxiv/early/2019/10/29/821488.full.pdf,2019,Prospective and retrospective contributions to intention awareness in voluntary action,10.1101/821488,jour.1293558,bioRxiv
28,pub.1122065171,https://www.biorxiv.org/content/biorxiv/early/2019/10/27/814566.full.pdf,2019,On the relation of phase separation and Hi-C maps to epigenetics,10.1101/814566,jour.1293558,bioRxiv
29,pub.1121921886,https://www.biorxiv.org/content/biorxiv/early/2019/10/18/809723.full.pdf,2019,Conflict of Interest Policies at German medical schools - A long way to go,10.1101/809723,jour.1293558,bioRxiv
30,pub.1121891600,https://www.biorxiv.org/content/biorxiv/early/2019/10/22/807545.full.pdf,2019,Partner-independent fusion gene detection by multiplexed CRISPR/Cas9 enrichment and long-read Nanopore sequencing,10.1101/807545,jour.1293558,bioRxiv
31,pub.1121888101,https://www.biorxiv.org/content/biorxiv/early/2020/01/31/809285.full.pdf,2019,Temporal signatures of criticality in human cortical excitability as probed by early somatosensory responses,10.1101/809285,jour.1293558,bioRxiv
32,pub.1121860251,https://www.medrxiv.org/content/medrxiv/early/2019/10/16/19009274.full.pdf,2019,BRAF mutation testing of MSI CRCs in Lynch syndrome diagnostics: performance and efficiency according to patient`s age,10.1101/19009274,jour.1369542,medRxiv
33,pub.1121797108,https://www.biorxiv.org/content/biorxiv/early/2019/10/13/800748.full.pdf,2019,Segmentation-free inference of cell types from in situ transcriptomics data,10.1101/800748,jour.1293558,bioRxiv
34,pub.1121401964,https://www.biorxiv.org/content/biorxiv/early/2019/11/04/787994.full.pdf,2019,PI 3-kinase delta enhances axonal PIP3 to support axon regeneration in the adult CNS,10.1101/787994,jour.1293558,bioRxiv
35,pub.1121192064,https://www.biorxiv.org/content/biorxiv/early/2019/09/23/778308.full.pdf,2019,Neurobehavioural characterisation and stratification of reinforcement-related behaviour,10.1101/778308,jour.1293558,bioRxiv
36,pub.1121192116,https://www.biorxiv.org/content/biorxiv/early/2019/09/23/766261.full.pdf,2019,Weight loss reduces head motion: re-visiting a major confound in neuroimaging,10.1101/766261,jour.1293558,bioRxiv
37,pub.1121116347,https://www.biorxiv.org/content/biorxiv/early/2019/09/25/774422.full.pdf,2019,Loss of Piccolo function in rats induces Pontocerebellar Hypoplasia type 3-like phenotypes,10.1101/774422,jour.1293558,bioRxiv
38,pub.1121115223,https://www.biorxiv.org/content/biorxiv/early/2020/06/13/774976.full.pdf,2019,In silico stress fibre content affects peak strain in cytoplasm and nucleus but not in membrane for uniaxial substrate stretch,10.1101/774976,jour.1293558,bioRxiv
39,pub.1121095060,https://www.biorxiv.org/content/biorxiv/early/2019/09/17/773762.full.pdf,2019,A framework for testing different imputation methods for tabular datasets,10.1101/773762,jour.1293558,bioRxiv
40,pub.1121043927,https://www.biorxiv.org/content/biorxiv/early/2019/09/16/770768.full.pdf,2019,A natural variant of the sole pyruvate kinase of fission yeast lowers glycolytic flux triggering increased respiration and oxidative-stress resistance but decreased growth,10.1101/770768,jour.1293558,bioRxiv
41,pub.1121004982,https://www.biorxiv.org/content/biorxiv/early/2019/11/26/768267.full.pdf,2019,"Claudin-12 deficiency causes nerve barrier breakdown, mechanical hypersensitivity and painfulness in polyneuropathy",10.1101/768267,jour.1293558,bioRxiv
42,pub.1121012349,https://www.biorxiv.org/content/biorxiv/early/2019/09/13/766519.full.pdf,2019,Susceptibility rhythm to bacterial endotoxin in myeloid clock-knockout mice,10.1101/766519,jour.1293558,bioRxiv
43,pub.1120987921,https://www.biorxiv.org/content/biorxiv/early/2019/09/12/766113.full.pdf,2019,Resolving the fibrotic niche of human liver cirrhosis using single-cell transcriptomics,10.1101/766113,jour.1293558,bioRxiv
44,pub.1120939251,https://www.medrxiv.org/content/medrxiv/early/2019/09/09/19005934.full.pdf,2019,White adipose tissue inflammation is not attenuated by short-term calorie restriction in obese humans,10.1101/19005934,jour.1369542,medRxiv
45,pub.1120772375,https://www.biorxiv.org/content/biorxiv/early/2019/09/02/755199.full.pdf,2019,Extreme intratumour heterogeneity and driver evolution in mismatch repair deficient gastro-oesophageal cancer,10.1101/755199,jour.1293558,bioRxiv
46,pub.1120516402,https://www.biorxiv.org/content/biorxiv/early/2019/08/23/741512.full.pdf,2019,Shared Genetic Risk between Eating Disorder- and Substance-Use-Related Phenotypes: Evidence from Genome-Wide Association Studies,10.1101/741512,jour.1293558,bioRxiv
47,pub.1120477122,https://www.biorxiv.org/content/biorxiv/early/2019/08/21/741397.full.pdf,2019,Preservation of stemness in high-grade serous ovarian cancer organoids requires low Wnt environment,10.1101/741397,jour.1293558,bioRxiv
48,pub.1120525644,https://www.biorxiv.org/content/biorxiv/early/2019/08/21/739094.full.pdf,2019,Hippocampal subfield volumes are uniquely affected in PTSD and depression: International analysis of 31 cohorts from the PGC-ENIGMA PTSD Working Group,10.1101/739094,jour.1293558,bioRxiv
49,pub.1120435329,https://www.biorxiv.org/content/biorxiv/early/2019/08/20/741637.full.pdf,2019,Wnt11/Fzd7 signaling compartmentalizes AKAP2/PKA to regulate L-type Ca2+ channel,10.1101/741637,jour.1293558,bioRxiv
50,pub.1120446444,https://www.biorxiv.org/content/biorxiv/early/2019/09/02/740415.full.pdf,2019,Gene set inference from single-cell sequencing data using a hybrid of matrix factorization and variational autoencoders,10.1101/740415,jour.1293558,bioRxiv
51,pub.1120413448,https://www.biorxiv.org/content/biorxiv/early/2019/08/19/737858.full.pdf,2019,Self-reported sleep relates to hippocampal atrophy across the adult lifespan – results from the Lifebrain consortium,10.1101/737858,jour.1293558,bioRxiv
52,pub.1120329368,https://www.biorxiv.org/content/biorxiv/early/2019/08/20/733964.full.pdf,2019,Single nucleus and in situ RNA sequencing reveals cell topographies in the human pancreas,10.1101/733964,jour.1293558,bioRxiv
53,pub.1120253431,https://www.biorxiv.org/content/biorxiv/early/2019/09/11/731075.full.pdf,2019,Heritable gene expression variability governs clonal heterogeneity in circadian period,10.1101/731075,jour.1293558,bioRxiv
54,pub.1120207582,https://www.biorxiv.org/content/biorxiv/early/2020/01/30/726968.full.pdf,2019,Sex-associated differences in cytomegalovirus prevention: Prophylactic strategy is associated with a strong kidney function impairment in female renal transplant patients,10.1101/726968,jour.1293558,bioRxiv
55,pub.1120128324,https://peerj.com/preprints/27717.pdf,2019,DigestiFlow - reproducible demultiplexing for the single cell era,10.7287/peerj.preprints.27717v3,jour.1053424,PeerJ Preprints
56,pub.1120026170,https://www.biorxiv.org/content/biorxiv/early/2019/09/24/721548.full.pdf,2019,jULIEs: extracellular probes for recordings and stimulation in the structurally and functionally intact mouse brain,10.1101/721548,jour.1293558,bioRxiv
57,pub.1119956260,https://www.medrxiv.org/content/medrxiv/early/2019/07/29/19002352.full.pdf,2019,The ansa subthalamica: a neglected fiber tract,10.1101/19002352,jour.1369542,medRxiv
58,pub.1126485865,https://assets.researchsquare.com/files/rs-2785/v1/manuscript.pdf,2019,Core outcome set measurement for future clinical trials in acute myeloid leukemia: the HARMONY study protocol using a multi-stakeholder consensus-based Delphi process and a final consensus meeting,10.21203/rs.2.11991/v1,jour.1380788,Research Square
59,pub.1119793161,https://www.biorxiv.org/content/biorxiv/early/2019/07/24/713008.full.pdf,2019,SCelVis: Powerful explorative single cell data analysis on the desktop and in the cloud,10.1101/713008,jour.1293558,bioRxiv
60,pub.1119811744,https://www.biorxiv.org/content/biorxiv/early/2019/08/19/713925.full.pdf,2019,WiPP: Workflow for improved Peak Picking for Gas Chromatography-Mass Spectrometry (GC-MS) data,10.1101/713925,jour.1293558,bioRxiv
61,pub.1119763824,https://www.biorxiv.org/content/biorxiv/early/2019/07/22/710145.full.pdf,2019,Global genome diversity of the Leishmania donovani complex,10.1101/710145,jour.1293558,bioRxiv
62,pub.1118069018,https://www.biorxiv.org/content/biorxiv/early/2019/07/18/705244.full.pdf,2019,Longitudinal single cell transcriptomics reveals Krt8+ alveolar epithelial progenitors in lung regeneration,10.1101/705244,jour.1293558,bioRxiv
63,pub.1118068988,https://www.biorxiv.org/content/biorxiv/early/2019/07/17/693937.full.pdf,2019,"Variants in the degron of AFF3 cause a multi-system disorder with mesomelic dysplasia, horseshoe kidney and developmental and epileptic encephalopathy",10.1101/693937,jour.1293558,bioRxiv
64,pub.1118009797,https://www.biorxiv.org/content/biorxiv/early/2019/07/15/703355.full.pdf,2019,Reporting animal research: Explanation and Elaboration for the ARRIVE guidelines 2019,10.1101/703355,jour.1293558,bioRxiv
65,pub.1118016490,https://www.medrxiv.org/content/medrxiv/early/2019/07/15/19000943.full.pdf,2019,Confounding adjustment performance of ordinal analysis methods in stroke studies,10.1101/19000943,jour.1369542,medRxiv
66,pub.1118013719,https://www.biorxiv.org/content/biorxiv/early/2019/07/15/703181.full.pdf,2019,The ARRIVE guidelines 2019: updated guidelines for reporting animal research,10.1101/703181,jour.1293558,bioRxiv
67,pub.1117767297,https://www.biorxiv.org/content/biorxiv/early/2019/07/09/692012.full.pdf,2019,"Hemispheric asymmetries in resting-state EEG and fMRI are related to approach and avoidance behaviour, but not to eating behaviour or BMI",10.1101/692012,jour.1293558,bioRxiv
68,pub.1117697470,https://www.biorxiv.org/content/biorxiv/early/2020/04/02/690685.full.pdf,2019,"Abundance, fatty acid composition and saturation index of neutral lipids are significantly different between isogenic primary and metastatic colon cancer cell lines",10.1101/690685,jour.1293558,bioRxiv
69,pub.1117611244,https://www.biorxiv.org/content/biorxiv/early/2019/06/27/682955.full.pdf,2019,A hydrogen dependent geochemical analogue of primordial carbon and energy metabolism,10.1101/682955,jour.1293558,bioRxiv
70,pub.1117605746,https://www.medrxiv.org/content/medrxiv/early/2019/07/15/19001024.full.pdf,2019,Disease overarching mechanisms that explain and predict outcome of patients with high cardiovascular risk: rationale and design of the Berlin Long-term Observation of Vascular Events (BeLOVE) study,10.1101/19001024,jour.1369542,medRxiv
71,pub.1117473413,https://www.biorxiv.org/content/biorxiv/early/2019/06/23/680397.full.pdf,2019,Nonlinear Interaction Decomposition (NID): A Method for Separation of Cross-frequency Coupled Sources in Human Brain,10.1101/680397,jour.1293558,bioRxiv
72,pub.1117372600,https://www.biorxiv.org/content/biorxiv/early/2019/06/20/677153.full.pdf,2019,"Altered White Matter Microstructural Organization in Post-Traumatic Stress Disorder across 3,049 Adults: Results from the PGC-ENIGMA PTSD Consortium",10.1101/677153,jour.1293558,bioRxiv
73,pub.1117164446,https://www.biorxiv.org/content/biorxiv/early/2019/06/14/669150.full.pdf,2019,Cohort profile: The LipidCardio Study - Role of Lipoproteins in Cardiovascular Disease,10.1101/669150,jour.1293558,bioRxiv
74,pub.1117164463,https://www.biorxiv.org/content/biorxiv/early/2019/06/14/671453.full.pdf,2019,Predicting Functional Effects of Missense Variants in Voltage-Gated Sodium and Calcium Channels,10.1101/671453,jour.1293558,bioRxiv
75,pub.1117050400,https://www.biorxiv.org/content/biorxiv/early/2019/06/11/667600.full.pdf,2019,Identification of TMEM206 proteins as pore of ASOR acid-sensitive chloride channels,10.1101/667600,jour.1293558,bioRxiv
76,pub.1116675408,https://www.biorxiv.org/content/biorxiv/early/2019/06/05/660365.full.pdf,2019,Memorability of photographs in subjective cognitive decline and mild cognitive impairment: implications for cognitive assessment,10.1101/660365,jour.1293558,bioRxiv
77,pub.1116293722,https://www.biorxiv.org/content/biorxiv/early/2019/05/31/656793.full.pdf,2019,Scanning SWATH acquisition enables high-throughput proteomics with chromatographic gradients as fast as 30 seconds,10.1101/656793,jour.1293558,bioRxiv
78,pub.1116181801,https://www.biorxiv.org/content/biorxiv/early/2019/07/18/649822.full.pdf,2019,7 Tesla MRI of the ex vivo human brain at 100 micron resolution,10.1101/649822,jour.1293558,bioRxiv
79,pub.1115986808,https://peerj.com/preprints/27717.pdf,2019,DigestiFlow - reproducible demultiplexing for the single cell era,10.7287/peerj.preprints.27717v2,jour.1053424,PeerJ Preprints
80,pub.1115661832,https://www.biorxiv.org/content/biorxiv/early/2019/05/24/649046.full.pdf,2019,Metabolic reprogramming and elevation of glutathione in chromophobe renal cell carcinomas,10.1101/649046,jour.1293558,bioRxiv
81,pub.1115633669,https://www.biorxiv.org/content/biorxiv/early/2019/05/24/643676.full.pdf,2019,Fighting antimicrobial resistance in Pseudomonas aeruginosa with machine learning-enabled molecular diagnostics,10.1101/643676,jour.1293558,bioRxiv
82,pub.1115224224,https://www.biorxiv.org/content/biorxiv/early/2019/08/23/646273.full.pdf,2019,BOLD and EEG Signal Variability at Rest Differently Relate to Aging in the Human Brain,10.1101/646273,jour.1293558,bioRxiv
83,pub.1114741420,https://www.biorxiv.org/content/biorxiv/early/2019/05/18/639328.full.pdf,2019,High-throughput microcircuit analysis of individual human brains through next-generation multineuron patch-clamp,10.1101/639328,jour.1293558,bioRxiv
84,pub.1114227467,https://www.biorxiv.org/content/biorxiv/early/2019/05/13/630087.full.pdf,2019,Benchmarking Single-Cell RNA Sequencing Protocols for Cell Atlas Projects,10.1101/630087,jour.1293558,bioRxiv
85,pub.1114029392,https://peerj.com/preprints/27717.pdf,2019,DigestiFlow - reproducible demultiplexing for the single cell era,10.7287/peerj.preprints.27717v1,jour.1053424,PeerJ Preprints
86,pub.1114005944,https://www.biorxiv.org/content/biorxiv/early/2019/05/08/631325.full.pdf,2019,Directional DBS Leads Show Large Deviations from their Intended Implantation Orientation,10.1101/631325,jour.1293558,bioRxiv
87,pub.1113578514,https://www.biorxiv.org/content/biorxiv/early/2019/06/23/613869.full.pdf,2019,Towards Quantitative Imaging Biomarkers of Tumor Dissemination: a Multi-scale Parametric Modeling of Multiple Myeloma,10.1101/613869,jour.1293558,bioRxiv
88,pub.1113505464,https://www.biorxiv.org/content/biorxiv/early/2019/11/12/610626.full.pdf,2019,Inverse Transformed Encoding Models – a solution to the problem of correlated trial-by-trial parameter estimates in fMRI decoding,10.1101/610626,jour.1293558,bioRxiv
89,pub.1113470279,https://www.biorxiv.org/content/biorxiv/early/2020/03/19/608786.full.pdf,2019,Toward a unified connectomic target for deep brain stimulation in obsessive-compulsive disorder,10.1101/608786,jour.1293558,bioRxiv
90,pub.1113386586,https://www.biorxiv.org/content/biorxiv/early/2019/04/11/604637.full.pdf,2019,Chemical biofilm dislodgement with chelating and reducing agents in comparison to sonication: implications for the diagnosis of implant associated infection,10.1101/604637,jour.1293558,bioRxiv
91,pub.1113386569,https://www.biorxiv.org/content/biorxiv/early/2019/04/11/587196.full.pdf,2019,RICOPILI: Rapid Imputation for COnsortias PIpeLIne,10.1101/587196,jour.1293558,bioRxiv
92,pub.1113335946,https://www.biorxiv.org/content/biorxiv/early/2019/04/08/601468.full.pdf,2019,Ribo-seQC: comprehensive analysis of cytoplasmic and organellar ribosome profiling data,10.1101/601468,jour.1293558,bioRxiv
93,pub.1113335952,https://www.biorxiv.org/content/biorxiv/early/2019/04/08/602334.full.pdf,2019,Random forest-based modelling to detect biomarkers for prostate cancer progression,10.1101/602334,jour.1293558,bioRxiv
94,pub.1113308212,https://www.biorxiv.org/content/biorxiv/early/2019/04/08/602151.full.pdf,2019,Synaptic control of DNA-methylation involves activity-dependent degradation of DNMT3a1 in the nucleus,10.1101/602151,jour.1293558,bioRxiv
95,pub.1113053318,https://www.biorxiv.org/content/biorxiv/early/2019/03/28/590570.full.pdf,2019,A Robust Model for Circadian Redox Oscillations,10.1101/590570,jour.1293558,bioRxiv
96,pub.1112830708,https://www.biorxiv.org/content/biorxiv/early/2019/03/15/579169.full.pdf,2019,Social hierarchy regulates ocular dominance plasticity in adult male mice,10.1101/579169,jour.1293558,bioRxiv
97,pub.1112736310,https://www.biorxiv.org/content/biorxiv/early/2019/03/13/575829.full.pdf,2019,The microbiota regulates inflammatory responses to toxin-induced CNS demyelination but has minimal impact on remyelination,10.1101/575829,jour.1293558,bioRxiv
98,pub.1112765022,https://www.biorxiv.org/content/biorxiv/early/2019/03/13/576405.full.pdf,2019,"A systematic evaluation of the design, orientation, and sequence context dependencies of massively parallel reporter assays",10.1101/576405,jour.1293558,bioRxiv
99,pub.1112736314,https://www.biorxiv.org/content/biorxiv/early/2019/03/13/575902.full.pdf,2019,CMKLR1-targeting peptide tracers for PET/MR imaging of breast cancer,10.1101/575902,jour.1293558,bioRxiv
100,pub.1112643632,https://www.biorxiv.org/content/biorxiv/early/2019/03/07/571026.full.pdf,2019,Nijmegen Breakage Syndrome (NBS) is a Telomeropathy: Analysis of Telomere Length in NBS Homo- and Heterozygotes and Humanized Nbs Mice,10.1101/571026,jour.1293558,bioRxiv
101,pub.1112545526,https://www.biorxiv.org/content/biorxiv/early/2019/03/04/566562.full.pdf,2019,Functional dissection of TADs reveals non-essential and instructive roles in regulating gene expression,10.1101/566562,jour.1293558,bioRxiv
102,pub.1112545534,https://www.biorxiv.org/content/biorxiv/early/2019/08/07/566877.full.pdf,2019,Inter-Individual and Inter-Strain Differences in Cognitive and Social Abilities of Dark Agouti and Wistar Han Rats,10.1101/566877,jour.1293558,bioRxiv
103,pub.1112312911,https://www.biorxiv.org/content/biorxiv/early/2019/02/22/554725.full.pdf,2019,From prevalence to incidence - a new approach in the hospital setting,10.1101/554725,jour.1293558,bioRxiv
104,pub.1112312977,https://www.biorxiv.org/content/biorxiv/early/2019/11/19/558478.full.pdf,2019,"Precision-weighting of cortical unsigned prediction error signals benefits learning, is mediated by dopamine, and is impaired in psychosis",10.1101/558478,jour.1293558,bioRxiv
105,pub.1112312922,https://www.biorxiv.org/content/biorxiv/early/2019/02/22/556761.full.pdf,2019,Crowdfunded whole-genome sequencing of the celebrity cat Lil BUB identifies causal mutations for her osteopetrosis and polydactyly,10.1101/556761,jour.1293558,bioRxiv
106,pub.1112288766,https://www.biorxiv.org/content/biorxiv/early/2019/02/21/556829.full.pdf,2019,BKV clearance time correlates with exhaustion state and T-cell receptor repertoire shape of BKV-specific T-cells in renal transplant patients,10.1101/556829,jour.1293558,bioRxiv
107,pub.1112265064,https://www.biorxiv.org/content/biorxiv/early/2019/02/20/551390.full.pdf,2019,SURF1 mutations causative of Leigh syndrome impair human neurogenesis,10.1101/551390,jour.1293558,bioRxiv
108,pub.1112200342,https://www.biorxiv.org/content/biorxiv/early/2019/02/17/551861.full.pdf,2019,Small Molecule Screening in Zebrafish Embryos Identifies Signaling Pathways Regulating Early Thyroid Development,10.1101/551861,jour.1293558,bioRxiv
109,pub.1112092642,https://www.biorxiv.org/content/biorxiv/early/2019/02/12/547216.full.pdf,2019,Robust network inference using response logic,10.1101/547216,jour.1293558,bioRxiv
110,pub.1111952566,https://www.biorxiv.org/content/biorxiv/early/2019/02/06/542852.full.pdf,2019,Weak Coupling Between Intracellular Feedback Loops Explains Dissociation of Clock Gene Dynamics,10.1101/542852,jour.1293558,bioRxiv
111,pub.1111952551,https://www.biorxiv.org/content/biorxiv/early/2019/02/06/542498.full.pdf,2019,Network-specific synchronization of electrical slow-wave oscillations regulates sleep in Drosophila,10.1101/542498,jour.1293558,bioRxiv
112,pub.1111937120,https://www.biorxiv.org/content/biorxiv/early/2019/02/05/540880.full.pdf,2019,A neurodevelopmental origin of behavioral individuality,10.1101/540880,jour.1293558,bioRxiv
113,pub.1111952499,https://www.biorxiv.org/content/biorxiv/early/2019/03/20/541458.full.pdf,2019,Prediction of combination therapies based on topological modeling of the immune signaling network in Multiple Sclerosis,10.1101/541458,jour.1293558,bioRxiv
114,pub.1111904587,https://www.biorxiv.org/content/biorxiv/early/2019/03/18/539692.full.pdf,2019,Hybrid genome assembly and annotation of Danionella translucida,10.1101/539692,jour.1293558,bioRxiv
115,pub.1111836657,https://www.biorxiv.org/content/biorxiv/early/2019/06/09/537712.full.pdf,2019,Modulating the human functional connectome using deep brain stimulation,10.1101/537712,jour.1293558,bioRxiv
116,pub.1111841255,https://www.biorxiv.org/content/biorxiv/early/2019/01/31/536383.full.pdf,2019,DypFISH: Dynamic Patterned FISH to Interrogate RNA and Protein Spatial and Temporal Subcellular Distribution,10.1101/536383,jour.1293558,bioRxiv
117,pub.1111833297,https://www.biorxiv.org/content/biorxiv/early/2019/01/31/537258.full.pdf,2019,Increasing molar activity by HPLC purification improves 68Ga-DOTA-NAPamide tumor accumulation in a B16/F1 melanoma xenograft model,10.1101/537258,jour.1293558,bioRxiv
118,pub.1111750411,https://www.biorxiv.org/content/biorxiv/early/2019/01/28/532374.full.pdf,2019,Disease-associated scaffold protein CNK2 modulates PSD size and influences trafficking of new synaptic binding partner TNIK,10.1101/532374,jour.1293558,bioRxiv
119,pub.1111641132,https://www.biorxiv.org/content/biorxiv/early/2019/01/23/528877.full.pdf,2019,Preformed Chromatin Topology Assists Transcriptional Robustness of Shh during Limb Development,10.1101/528877,jour.1293558,bioRxiv
120,pub.1111620369,https://www.biorxiv.org/content/biorxiv/early/2019/01/23/518290.full.pdf,2019,Cis-epistasis at the LPA locus and risk of coronary artery disease,10.1101/518290,jour.1293558,bioRxiv
121,pub.1111628144,https://www.biorxiv.org/content/biorxiv/early/2019/01/28/526236.full.pdf,2019,Platelet-neutrophil aggregates promote skin pathology in psoriasis,10.1101/526236,jour.1293558,bioRxiv
122,pub.1111459057,https://www.biorxiv.org/content/biorxiv/early/2019/01/16/509554.full.pdf,2019,10Kin1day: A bottom-up neuroimaging initiative,10.1101/509554,jour.1293558,bioRxiv
123,pub.1111314165,https://www.biorxiv.org/content/biorxiv/early/2019/04/12/516708.full.pdf,2019,Multiple two-photon targeted whole-cell patch-clamp recordings from monosynaptically connected neurons in vivo,10.1101/516708,jour.1293558,bioRxiv
124,pub.1111318324,https://www.biorxiv.org/content/biorxiv/early/2019/01/09/515403.full.pdf,2019,Prioritization of metabolic genes as novel therapeutic targets in estrogen-receptor negative breast tumors using multi-omics data and text mining,10.1101/515403,jour.1293558,bioRxiv
125,pub.1111267844,https://www.biorxiv.org/content/biorxiv/early/2019/02/02/514216.full.pdf,2019,Perceptions and prospects in life sciences in a heterogeneous Latin American population,10.1101/514216,jour.1293558,bioRxiv
126,pub.1111224048,https://www.biorxiv.org/content/biorxiv/early/2019/01/07/512871.full.pdf,2019,In-silico Exploration of Mouse Brain Dynamics by Stimulation explains Functional Networks and Sensory Processing,10.1101/512871,jour.1293558,bioRxiv
127,pub.1125877101,,2019,Allogeneic Transplantation in Multiple Myeloma: Long-Term Follow-Up and Cytogenetic Subgroup Analysis,10.2139/ssrn.3353384,jour.1276748,SSRN Electronic Journal
128,pub.1125877351,,2019,"Cisplatin and 5-Fluorouracil with or Without Epidermal Growth Factor Receptor Inhibition Panitumumab for Patients with Non-Resectable, Advanced or Metastatic Esophageal Squamous Cell Cancer: A Prospective, Open-Label, Randomised Phase 3 AIO/EORTC Trial (Power)",10.2139/ssrn.3372436,jour.1276748,SSRN Electronic Journal
129,pub.1125876719,,2019,The Outcomes of Primary Aldosteronism Patients in the AVIS-2 Study,10.2139/ssrn.3321491,jour.1276748,SSRN Electronic Journal
130,pub.1121947237,,2019,Cytotoxic and Helper T Cell Memory is Programmed by Mhc-Independent Generic Programs,10.2139/ssrn.3470400,jour.1276748,SSRN Electronic Journal
131,pub.1125876566,https://escholarship.org/content/qt3k85253g/qt3k85253g.pdf?t=pv3fo3,2019,An Estimate of the Global Prevalence and Burden of Obstructive Sleep Apnoea,10.2139/ssrn.3310634,jour.1276748,SSRN Electronic Journal
132,pub.1110930261,https://www.biorxiv.org/content/biorxiv/early/2018/12/27/506576.full.pdf,2018,Altered resting state functional connectivity in a thalamo-cortico-cerebellar network in patients with schizophrenia,10.1101/506576,jour.1293558,bioRxiv
133,pub.1110820927,https://www.biorxiv.org/content/biorxiv/early/2018/12/21/499988.full.pdf,2018,Whole genome sequencing of a sporadic primary immunodeficiency cohort,10.1101/499988,jour.1293558,bioRxiv
134,pub.1110808830,https://www.biorxiv.org/content/biorxiv/early/2018/12/20/502369.full.pdf,2018,The sensory coding of warm perception,10.1101/502369,jour.1293558,bioRxiv
135,pub.1110561264,https://www.biorxiv.org/content/biorxiv/early/2018/12/11/493452.full.pdf,2018,Rapid active zone remodeling consolidates presynaptic potentiation,10.1101/493452,jour.1293558,bioRxiv
136,pub.1110539379,https://www.biorxiv.org/content/biorxiv/early/2018/12/10/490904.full.pdf,2018,The impact of sex on alternative splicing,10.1101/490904,jour.1293558,bioRxiv
137,pub.1110514004,https://www.biorxiv.org/content/biorxiv/early/2019/06/04/492512.full.pdf,2018,A generative learning model for saccade adaptation,10.1101/492512,jour.1293558,bioRxiv
138,pub.1110483388,https://www.biorxiv.org/content/biorxiv/early/2018/12/08/489161.full.pdf,2018,Reduced Resting-State Connectivity in the Precuneus is correlated with Apathy in Patients with Schizophrenia,10.1101/489161,jour.1293558,bioRxiv
139,pub.1110483393,https://www.biorxiv.org/content/biorxiv/early/2018/12/08/489997.full.pdf,2018,New graph-theoretical-multimodal approach using temporal and structural correlations reveal disruption in the thalamo-cortical network in patients with schizophrenia,10.1101/489997,jour.1293558,bioRxiv
140,pub.1110286316,https://www.biorxiv.org/content/biorxiv/early/2018/11/30/481689.full.pdf,2018,The impact of ischemic stroke on connectivity gradients,10.1101/481689,jour.1293558,bioRxiv
141,pub.1110332858,https://www.biorxiv.org/content/biorxiv/early/2018/11/30/483891.full.pdf,2018,The value structure of metabolic states,10.1101/483891,jour.1293558,bioRxiv
142,pub.1110333026,https://www.biorxiv.org/content/biorxiv/early/2018/11/30/483867.full.pdf,2018,Optimal metabolic states in cells,10.1101/483867,jour.1293558,bioRxiv
143,pub.1110101256,https://www.biorxiv.org/content/biorxiv/early/2018/11/21/473306.full.pdf,2018,PEDIA: Prioritization of Exome Data by Image Analysis,10.1101/473306,jour.1293558,bioRxiv
144,pub.1110032324,https://www.biorxiv.org/content/biorxiv/early/2019/06/11/467746.full.pdf,2018,Results dissemination from clinical trials conducted at German university medical centres was delayed and incomplete,10.1101/467746,jour.1293558,bioRxiv
145,pub.1109899029,https://www.biorxiv.org/content/biorxiv/early/2018/11/13/469494.full.pdf,2018,RIM-BP2 primes synaptic vesicles via recruitment of Munc13-1 at hippocampal mossy fiber synapses,10.1101/469494,jour.1293558,bioRxiv
146,pub.1108036520,https://www.biorxiv.org/content/biorxiv/early/2018/11/05/463141.full.pdf,2018,Subthalamic nucleus and sensorimotor cortex activity during speech production,10.1101/463141,jour.1293558,bioRxiv
147,pub.1108056920,https://www.biorxiv.org/content/biorxiv/early/2018/11/05/462358.full.pdf,2018,Intramolecular domain dynamics regulate synaptic MAGUK protein interactions,10.1101/462358,jour.1293558,bioRxiv
148,pub.1108026150,https://www.biorxiv.org/content/biorxiv/early/2019/03/21/461558.full.pdf,2018,Multiple mechanisms link prestimulus neural oscillations to sensory responses,10.1101/461558,jour.1293558,bioRxiv
149,pub.1108026101,https://www.biorxiv.org/content/biorxiv/early/2018/11/04/459255.full.pdf,2018,The Aryl Hydrocarbon Receptor senses the Henna pigment Lawsone and mediates Yin-Yang effects on skin homeostasis,10.1101/459255,jour.1293558,bioRxiv
150,pub.1107897682,https://www.biorxiv.org/content/biorxiv/early/2019/02/05/455758.full.pdf,2018,Single synapse indicators of impaired glutamate clearance derived from fast iGluu imaging of cortical afferents in the striatum of normal and Huntington (Q175) mice,10.1101/455758,jour.1293558,bioRxiv
151,pub.1107908836,https://www.biorxiv.org/content/biorxiv/early/2018/10/29/456228.full.pdf,2018,Surface tension determines tissue shape and growth kinetics,10.1101/456228,jour.1293558,bioRxiv
152,pub.1107821396,https://www.biorxiv.org/content/biorxiv/early/2018/10/24/451666.full.pdf,2018,Translational control of cardiac fibrosis,10.1101/451666,jour.1293558,bioRxiv
153,pub.1107800447,https://www.biorxiv.org/content/biorxiv/early/2018/12/09/450650.full.pdf,2018,Influence of nutritional tyrosine on cognition and functional connectivity in healthy old humans,10.1101/450650,jour.1293558,bioRxiv
154,pub.1107772834,https://www.biorxiv.org/content/biorxiv/early/2018/10/26/449363.full.pdf,2018,Polygenic scores for major depressive disorder and depressive symptoms predict response to lithium in patients with bipolar disorder,10.1101/449363,jour.1293558,bioRxiv
155,pub.1107772826,https://www.biorxiv.org/content/biorxiv/early/2018/11/01/449181.full.pdf,2018,Gating modules of the AMPA receptor pore domain revealed by unnatural amino acid mutagenesis,10.1101/449181,jour.1293558,bioRxiv
156,pub.1107687815,https://www.biorxiv.org/content/biorxiv/early/2018/10/17/442756.full.pdf,2018,Maternal and fetal genetic effects on birth weight and their relevance to cardio-metabolic risk factors,10.1101/442756,jour.1293558,bioRxiv
157,pub.1107687830,https://www.biorxiv.org/content/biorxiv/early/2018/10/18/445874.full.pdf,2018,Comparative genetic architectures of schizophrenia in East Asian and European populations,10.1101/445874,jour.1293558,bioRxiv
158,pub.1107682779,https://www.biorxiv.org/content/biorxiv/early/2018/10/16/443770.full.pdf,2018,Transition of Wnt signaling microenvironment delineates the squamo-columnar junction and emergence of squamous metaplasia of the cervix,10.1101/443770,jour.1293558,bioRxiv
159,pub.1107578628,https://www.biorxiv.org/content/biorxiv/early/2018/10/11/440719.full.pdf,2018,Light induced synaptic vesicle autophagy,10.1101/440719,jour.1293558,bioRxiv
160,pub.1107492503,https://www.biorxiv.org/content/biorxiv/early/2019/01/08/433367.full.pdf,2018,Genome-wide meta-analysis of depression identifies 102 independent variants and highlights the importance of the prefrontal brain regions,10.1101/433367,jour.1293558,bioRxiv
161,pub.1107497703,https://www.biorxiv.org/content/biorxiv/early/2018/10/08/438176.full.pdf,2018,The dynamic proteome of influenza A virus infection identifies M segment splicing as a host range determinant,10.1101/438176,jour.1293558,bioRxiv
162,pub.1107483362,https://www.biorxiv.org/content/biorxiv/early/2018/10/05/433318.full.pdf,2018,A novel approach reveals that HLA class 1 single antigen bead-signatures provide a means of high-accuracy pre-transplant risk assessment of acute cellular rejection,10.1101/433318,jour.1293558,bioRxiv
163,pub.1107404456,https://www.biorxiv.org/content/biorxiv/early/2018/10/03/433334.full.pdf,2018,Synchronised spiking activity underlies phase amplitude coupling in the subthalamic nucleus of Parkinson’s disease patients,10.1101/433334,jour.1293558,bioRxiv
164,pub.1107277977,https://www.biorxiv.org/content/biorxiv/early/2018/09/27/427963.full.pdf,2018,Macrophages protect against loss of adipose tissue during cancer cachexia,10.1101/427963,jour.1293558,bioRxiv
165,pub.1107037251,https://www.biorxiv.org/content/biorxiv/early/2018/09/11/413286.full.pdf,2018,Cortico-basal-ganglia communication: Temporally structured activity for selective motor control,10.1101/413286,jour.1293558,bioRxiv
166,pub.1106901708,https://www.biorxiv.org/content/biorxiv/early/2019/06/19/409649.full.pdf,2018,"Genetic Determinants of Cortical Structure (Thickness, Surface Area and Volumes) among Disease Free Adults in the CHARGE Consortium",10.1101/409649,jour.1293558,bioRxiv
167,pub.1106860903,https://www.biorxiv.org/content/biorxiv/early/2018/09/06/410480.full.pdf,2018,Involving patients and publics in medical and health care research studies: an exploratory survey on participant recruiting and representativeness from the perspective of study authors,10.1101/410480,jour.1293558,bioRxiv
168,pub.1106546845,https://www.biorxiv.org/content/biorxiv/early/2019/07/18/399402.full.pdf,2018,The genetic architecture of the human cerebral cortex,10.1101/399402,jour.1293558,bioRxiv
169,pub.1106470147,https://www.biorxiv.org/content/biorxiv/early/2018/08/31/405951.full.pdf,2018,"ADP heptose, a novel pathogen-associated molecular pattern associated with Helicobacter pylori type 4 secretion",10.1101/405951,jour.1293558,bioRxiv
170,pub.1106546860,https://www.biorxiv.org/content/biorxiv/early/2019/05/14/405985.full.pdf,2018,Mutant screen for reproduction unveils depression-associated Piccolo’s control over reproductive behavior,10.1101/405985,jour.1293558,bioRxiv
171,pub.1106368895,https://www.biorxiv.org/content/biorxiv/early/2018/08/27/401091.full.pdf,2018,Spatial neuronal synchronization and the waveform of oscillations: implications for EEG and MEG,10.1101/401091,jour.1293558,bioRxiv
172,pub.1106285309,https://www.biorxiv.org/content/biorxiv/early/2018/08/22/397372.full.pdf,2018,A de novo EDA-variant in a litter of shorthaired standard Dachshunds with X-linked hypohidrotic ectodermal dysplasia,10.1101/397372,jour.1293558,bioRxiv
173,pub.1106135583,https://www.biorxiv.org/content/biorxiv/early/2018/08/13/390393.full.pdf,2018,Sodium chloride is an ionic checkpoint for human Th2 cell responses and shapes the atopic skin microenvironment,10.1101/390393,jour.1293558,bioRxiv
174,pub.1105974305,https://www.biorxiv.org/content/biorxiv/early/2018/09/25/382457.full.pdf,2018,Cancer cell lipid class homeostasis is altered under nutrient-deprivation but stable under hypoxia,10.1101/382457,jour.1293558,bioRxiv
175,pub.1105708039,https://www.biorxiv.org/content/biorxiv/early/2018/08/03/370130.full.pdf,2018,A different state of mind: neural activity related to volitionally up- versus downregulating cortical excitability,10.1101/370130,jour.1293558,bioRxiv
176,pub.1105474584,https://www.biorxiv.org/content/biorxiv/early/2018/10/19/366856.full.pdf,2018,A harmonized meta-knowledgebase of clinical interpretations of cancer genomic variants,10.1101/366856,jour.1293558,bioRxiv
177,pub.1105477235,https://www.biorxiv.org/content/biorxiv/early/2018/07/11/366161.full.pdf,2018,Short-term aerobic training does not improve memory functioning in relapsing remitting multiple sclerosis – a randomized controlled trial,10.1101/366161,jour.1293558,bioRxiv
178,pub.1105440551,https://www.biorxiv.org/content/biorxiv/early/2018/07/09/365429.full.pdf,2018,Long non-coding RNAs defining major subtypes of B cell precursor acute lymphoblastic leukemia,10.1101/365429,jour.1293558,bioRxiv
179,pub.1105289343,https://www.biorxiv.org/content/biorxiv/early/2018/07/03/360909.full.pdf,2018,The age-dependent relationship between resting heart rate variability and functional brain connectivity,10.1101/360909,jour.1293558,bioRxiv
180,pub.1105165569,https://www.biorxiv.org/content/biorxiv/early/2018/06/27/356832.full.pdf,2018,Incomplete penetrance for isolated congenital asplenia in humans with mutations in translated and untranslated RPSA exons,10.1101/356832,jour.1293558,bioRxiv
181,pub.1104885788,https://www.biorxiv.org/content/biorxiv/early/2018/06/17/348227.full.pdf,2018,VGLUT2 functions as a differential marker for hippocampal output neurons,10.1101/348227,jour.1293558,bioRxiv
182,pub.1104652976,https://www.biorxiv.org/content/biorxiv/early/2018/06/15/348425.full.pdf,2018,Regulation of spatial and temporal gene expression in an animal germline,10.1101/348425,jour.1293558,bioRxiv
183,pub.1104562837,https://www.biorxiv.org/content/biorxiv/early/2018/06/10/343954.full.pdf,2018,BigStitcher: Reconstructing high-resolution image datasets of cleared and expanded samples,10.1101/343954,jour.1293558,bioRxiv
184,pub.1104458226,https://www.biorxiv.org/content/biorxiv/early/2019/02/14/340844.full.pdf,2018,Cell type-dependent differential activation of ERK by oncogenic KRAS in colon cancer and intestinal epithelium,10.1101/340844,jour.1293558,bioRxiv
185,pub.1109357690,https://peerj.com/preprints/26979.pdf,2018,"Evolutionary-rooted models for denial of pregnancy, concealment of pregnancy and pseudocyesis",10.7287/peerj.preprints.26979,jour.1053424,PeerJ Preprints
186,pub.1107347034,https://peerj.com/preprints/26979.pdf,2018,"Evolutionary-rooted models for denial of pregnancy, concealment of pregnancy and pseudocyesis",10.7287/peerj.preprints.26979v1,jour.1053424,PeerJ Preprints
187,pub.1104229515,https://www.biorxiv.org/content/biorxiv/early/2018/05/24/330050.full.pdf,2018,Critical role for Piccolo in Synaptic Vesicle Retrieval,10.1101/330050,jour.1293558,bioRxiv
188,pub.1104037131,https://www.biorxiv.org/content/biorxiv/early/2018/05/16/324053.full.pdf,2018,Phenotero: annotate as you write,10.1101/324053,jour.1293558,bioRxiv
189,pub.1104014029,https://www.biorxiv.org/content/biorxiv/early/2018/08/28/322008.full.pdf,2018,Lead-DBS v2: Towards a comprehensive pipeline for deep brain stimulation imaging,10.1101/322008,jour.1293558,bioRxiv
190,pub.1103761552,https://www.biorxiv.org/content/biorxiv/early/2018/05/02/312736.full.pdf,2018,"Evaluation of Sb-1 bacteriophage activity in enhancing antibiotic efficacy against biofilm, degrading the exopolysaccharide matrix and targeting persister cells of Staphylococcus aureus",10.1101/312736,jour.1293558,bioRxiv
191,pub.1103673418,https://www.biorxiv.org/content/biorxiv/early/2018/04/27/309823.full.pdf,2018,Circulating microRNA biomarkers for metastatic disease in neuroblastoma patients,10.1101/309823,jour.1293558,bioRxiv
192,pub.1103471255,https://www.biorxiv.org/content/biorxiv/early/2018/04/19/304451.full.pdf,2018,Co-existing feedback loops generate tissue-specific circadian rhythms,10.1101/304451,jour.1293558,bioRxiv
193,pub.1103423067,https://www.biorxiv.org/content/biorxiv/early/2018/04/18/303909.full.pdf,2018,Thrombocytopenia Microcephaly Syndrome - a novel phenotype associated with ACTB mutations,10.1101/303909,jour.1293558,bioRxiv
194,pub.1103397734,https://www.biorxiv.org/content/biorxiv/early/2018/04/16/297739.full.pdf,2018,"Placental-expanded, mesenchymal cells improve muscle function following hip arthroplasty",10.1101/297739,jour.1293558,bioRxiv
195,pub.1103190494,https://www.biorxiv.org/content/biorxiv/early/2018/04/09/289363.full.pdf,2018,MDM4 is an essential disease driver targeted by 1q gain in Burkitt lymphoma,10.1101/289363,jour.1293558,bioRxiv
196,pub.1103172110,https://www.biorxiv.org/content/biorxiv/early/2018/04/05/295899.full.pdf,2018,When more is less: Dual phosphorylation protects signaling off-state against overexpression,10.1101/295899,jour.1293558,bioRxiv
197,pub.1103215719,https://www.biorxiv.org/content/biorxiv/early/2018/04/05/294629.full.pdf,2018,"Meta-analysis of genetic association with diagnosed Alzheimer’s disease identifies novel risk loci and implicates Abeta, Tau, immunity and lipid processing",10.1101/294629,jour.1293558,bioRxiv
198,pub.1103159094,https://www.biorxiv.org/content/biorxiv/early/2018/04/04/295139.full.pdf,2018,High prevalence of S. pyogenes Cas9-specific T cell sensitization within the adult human population – A balanced effector/regulatory T cell response,10.1101/295139,jour.1293558,bioRxiv
199,pub.1101846451,https://www.biorxiv.org/content/biorxiv/early/2018/03/30/197111.full.pdf,2018,Systematic analysis of mouse genome reveals distinct evolutionary and functional properties among circadian and ultradian genes,10.1101/197111,jour.1293558,bioRxiv
200,pub.1101559670,https://www.biorxiv.org/content/biorxiv/early/2019/01/26/283838.full.pdf,2018,Active information sampling varies across the cardiac cycle,10.1101/283838,jour.1293558,bioRxiv
201,pub.1101537438,https://www.biorxiv.org/content/biorxiv/early/2018/10/25/282699.full.pdf,2018,DIA-NN: Deep neural networks substantially improve the identification performance of Data-independent acquisition (DIA) in proteomics,10.1101/282699,jour.1293558,bioRxiv
202,pub.1101542071,https://www.biorxiv.org/content/biorxiv/early/2018/03/15/282921.full.pdf,2018,Distinct housing conditions reveal a major impact of adaptive immunity on the course of obesity-induced type 2 diabetes,10.1101/282921,jour.1293558,bioRxiv
203,pub.1101290059,https://www.biorxiv.org/content/biorxiv/early/2018/02/28/273045.full.pdf,2018,Non-canonical HIF-1 stabilization is essential for intestinal tumorigenesis,10.1101/273045,jour.1293558,bioRxiv
204,pub.1101239118,https://www.biorxiv.org/content/biorxiv/early/2019/08/15/271932.full.pdf,2018,A prostaglandin alpha F2 analog protects from statin-induced myopathic changes in primary human muscle cells,10.1101/271932,jour.1293558,bioRxiv
205,pub.1101216035,https://www.biorxiv.org/content/biorxiv/early/2018/02/24/271148.full.pdf,2018,Efficient differentiation of vascular endothelial cells from dermal-derived mesenchymal stem cells induced by endothelial cell lines conditioned medium,10.1101/271148,jour.1293558,bioRxiv
206,pub.1100996448,https://www.biorxiv.org/content/biorxiv/early/2018/02/08/261743.full.pdf,2018,Whole genome analysis illustrates global clonal population structure of the ubiquitous dermatophyte pathogen Trichophyton rubrum,10.1101/261743,jour.1293558,bioRxiv
207,pub.1100914892,https://www.biorxiv.org/content/biorxiv/early/2018/02/02/258947.full.pdf,2018,Two parallel pathways implement robust propionate catabolism and detoxification in mycobacteria,10.1101/258947,jour.1293558,bioRxiv
208,pub.1100481516,https://www.biorxiv.org/content/biorxiv/early/2018/01/19/250431.full.pdf,2018,Evaluating Cell Identity from Transcription Profiles,10.1101/250431,jour.1293558,bioRxiv
209,pub.1100314538,https://www.biorxiv.org/content/biorxiv/early/2018/01/09/245506.full.pdf,2018,Fine-mapping of an expanded set of type 2 diabetes loci to single-variant resolution using high-density imputation and islet-specific epigenome maps,10.1101/245506,jour.1293558,bioRxiv
210,pub.1100237351,https://www.biorxiv.org/content/biorxiv/early/2018/01/05/243600.full.pdf,2018,Modelling Signalling Networks from Perturbation Data,10.1101/243600,jour.1293558,bioRxiv
211,pub.1100239360,https://www.biorxiv.org/content/biorxiv/early/2018/01/05/243709.full.pdf,2018,Comparative Network Reconstruction using Mixed Integer Programming,10.1101/243709,jour.1293558,bioRxiv
212,pub.1125875618,http://deepblue.lib.umich.edu/bitstream/2027.42/148284/1/12974_2019_Article_1440.pdf,2018,Cerebrospinal Fluid Biomarkers for Predicting Development of Multiple Sclerosis in Acute Optic Neuritis: A Population-Based Prospective Cohort Study,10.2139/ssrn.3237723,jour.1276748,SSRN Electronic Journal
213,pub.1125875750,,2018,Long-Term Outcomes with Subcutaneous C1-Inhibitor Replacement Therapy for Prevention of Hereditary Angioedema Attacks: An Open-Label Extension Study of the COMPACT Trial,10.2139/ssrn.3247882,jour.1276748,SSRN Electronic Journal
214,pub.1125876240,,2018,Prevention Medicine in Bilateral Phaeochromocytoma,10.2139/ssrn.3289794,jour.1276748,SSRN Electronic Journal
215,pub.1125875838,,2018,Global Text Mining and Development of Pharmacogenomic Knowledge Resource for Precision Medicine,10.2139/ssrn.3255819,jour.1276748,SSRN Electronic Journal
216,pub.1125876334,,2018,Prevention Medicine in Bilateral Phaeochromocytoma,10.2139/ssrn.3296675,jour.1276748,SSRN Electronic Journal
217,pub.1100074085,https://www.biorxiv.org/content/biorxiv/early/2018/09/10/239160.full.pdf,2017,Association of Peripheral Blood Pressure with Grey Matter Volume in 19- to 40-Year-Old Adults,10.1101/239160,jour.1293558,bioRxiv
218,pub.1099931069,https://www.biorxiv.org/content/biorxiv/early/2017/12/21/237297.full.pdf,2017,Genetic structure and sex-biased gene flow in the history of southern African populations,10.1101/237297,jour.1293558,bioRxiv
219,pub.1099687630,https://www.biorxiv.org/content/biorxiv/early/2017/12/15/234344.full.pdf,2017,Reliable detection of translational regulation with Ribo-seq,10.1101/234344,jour.1293558,bioRxiv
220,pub.1099685573,https://www.biorxiv.org/content/biorxiv/early/2018/03/21/233148.full.pdf,2017,Leishmania naiffi and Leishmania guyanensis reference genomes highlight genome structure and gene evolution in the Viannia subgenus,10.1101/233148,jour.1293558,bioRxiv
221,pub.1099674911,https://www.biorxiv.org/content/biorxiv/early/2017/12/06/230102.full.pdf,2017,Evolutionary plasticity in the innate immune function of Akirin,10.1101/230102,jour.1293558,bioRxiv
222,pub.1099646733,https://www.biorxiv.org/content/biorxiv/early/2017/12/04/228569.full.pdf,2017,Non-blocking modulation as the major mechanism of sodium channel inhibition by riluzole,10.1101/228569,jour.1293558,bioRxiv
223,pub.1095860901,https://www.biorxiv.org/content/biorxiv/early/2019/09/10/227967.full.pdf,2017,Volatility estimates increase choice switching and relate to prefrontal activity in schizophrenia,10.1101/227967,jour.1293558,bioRxiv
224,pub.1093027859,https://www.biorxiv.org/content/biorxiv/early/2017/11/27/224774.full.pdf,2017,Common risk variants identified in autism spectrum disorder,10.1101/224774,jour.1293558,bioRxiv
225,pub.1092711034,https://www.biorxiv.org/content/biorxiv/early/2017/11/14/219394.full.pdf,2017,Advances in computer-assisted syndrome recognition and differentiation in a set of metabolic disorders,10.1101/219394,jour.1293558,bioRxiv
226,pub.1092693321,https://www.biorxiv.org/content/biorxiv/early/2017/11/13/216291.full.pdf,2017,"Characterization of Glycosylphosphatidylinositol Biosynthesis Defects by Clinical Features, Flow Cytometry, and Automated Image Analysis",10.1101/216291,jour.1293558,bioRxiv
227,pub.1092686271,https://www.biorxiv.org/content/biorxiv/early/2017/11/11/209270.full.pdf,2017,High genetic loading of schizophrenia predicts poor response to lithium in patients with bipolar disorder: A polygenic score and cross-trait genetic analysis,10.1101/209270,jour.1293558,bioRxiv
228,pub.1092474582,https://www.biorxiv.org/content/biorxiv/early/2017/10/29/210807.full.pdf,2017,ACEseq – allele specific copy number estimation from whole genome sequencing,10.1101/210807,jour.1293558,bioRxiv
229,pub.1092333048,https://www.biorxiv.org/content/biorxiv/early/2017/10/27/207092.full.pdf,2017,Bioconda: A sustainable and comprehensive software distribution for the life sciences,10.1101/207092,jour.1293558,bioRxiv
230,pub.1092179573,https://www.biorxiv.org/content/biorxiv/early/2017/11/01/199554.full.pdf,2017,Ontology-based similarity calculations with an improved annotation model,10.1101/199554,jour.1293558,bioRxiv
231,pub.1092002246,https://www.biorxiv.org/content/biorxiv/early/2017/09/29/193078.full.pdf,2017,Defective synapse maturation and enhanced synaptic plasticity in Shank2-/- mice,10.1101/193078,jour.1293558,bioRxiv
232,pub.1092003094,https://www.biorxiv.org/content/biorxiv/early/2018/03/26/196006.full.pdf,2017,Embryonic and postnatal neurogenesis produce functionally distinct subclasses of dopaminergic neuron,10.1101/196006,jour.1293558,bioRxiv
233,pub.1091990291,https://www.biorxiv.org/content/biorxiv/early/2017/09/28/195271.full.pdf,2017,Representational confusion: the plausible consequence of demeaning your data,10.1101/195271,jour.1293558,bioRxiv
234,pub.1091910551,https://www.biorxiv.org/content/biorxiv/early/2017/09/19/191007.full.pdf,2017,Progressive change in expression of killer-like receptorsr and GPR56 expression defines the cytokine production potential of human CD4+ T memory cells,10.1101/191007,jour.1293558,bioRxiv
235,pub.1109356900,https://peerj.com/preprints/3257.pdf,2017,Identification of mutational signatures active in individual tumors,10.7287/peerj.preprints.3257,jour.1053424,PeerJ Preprints
236,pub.1107339635,https://peerj.com/preprints/3257.pdf,2017,Identification of mutational signatures active in individual tumors,10.7287/peerj.preprints.3257v1,jour.1053424,PeerJ Preprints
237,pub.1091914329,https://www.biorxiv.org/content/biorxiv/early/2017/09/06/184853.1.full.pdf,2017,"GWAS meta-analysis (N=279,930) identifies new genes and functional links to intelligence",10.1101/184853,jour.1293558,bioRxiv
238,pub.1091915380,https://www.biorxiv.org/content/biorxiv/early/2017/08/28/173831.full.pdf,2017,"Genetic Architecture of Subcortical Brain Structures in Over 40,000 Individuals Worldwide",10.1101/173831,jour.1293558,bioRxiv
239,pub.1091364202,https://www.biorxiv.org/content/biorxiv/early/2017/08/25/181040.full.pdf,2017,Therapeutic targeting of PGBD5-induced DNA repair dependency in pediatric solid tumors,10.1101/181040,jour.1293558,bioRxiv
240,pub.1091918094,https://www.biorxiv.org/content/biorxiv/early/2017/08/09/172940.full.pdf,2017,Science with no fiction: measuring the veracity of scientific reports by citation analysis,10.1101/172940,jour.1293558,bioRxiv
241,pub.1091915092,https://www.biorxiv.org/content/biorxiv/early/2017/08/08/173435.full.pdf,2017,Genomic dissection of bipolar disorder and schizophrenia including 28 subphenotypes,10.1101/173435,jour.1293558,bioRxiv
242,pub.1091099884,https://www.biorxiv.org/content/biorxiv/early/2018/01/24/173062.full.pdf,2017,Genome-wide association study identifies 30 Loci Associated with Bipolar Disorder,10.1101/173062,jour.1293558,bioRxiv
243,pub.1091082190,,2017,Multivariate pattern analysis for MEG: a comprehensive comparison of dissimilarity measures,10.1101/172619,jour.1293558,bioRxiv
244,pub.1091914549,https://www.biorxiv.org/content/biorxiv/early/2017/07/26/168641.full.pdf,2017,Noise control is a primary function of microRNAs and post-transcriptional regulation,10.1101/168641,jour.1293558,bioRxiv
245,pub.1091921316,https://www.biorxiv.org/content/biorxiv/early/2017/07/21/166496.full.pdf,2017,Machine Learning for Large-Scale Quality Control of 3D Shape Models in Neuroimaging,10.1101/166496,jour.1293558,bioRxiv
246,pub.1091921148,https://www.biorxiv.org/content/biorxiv/early/2017/07/20/165837.full.pdf,2017,Genome-wide strategies identify molecular niches regulated by connective tissue-associated transcription factors,10.1101/165837,jour.1293558,bioRxiv
247,pub.1091917175,https://www.biorxiv.org/content/biorxiv/early/2017/06/27/156489.full.pdf,2017,Voltage-gating of mechanosensitive PIEZO channels,10.1101/156489,jour.1293558,bioRxiv
248,pub.1091917006,https://www.biorxiv.org/content/biorxiv/early/2017/06/14/149906.1.full.pdf,2017,Simultaneous spike-time locking to multiple frequencies,10.1101/149906,jour.1293558,bioRxiv
249,pub.1091920715,https://www.biorxiv.org/content/biorxiv/early/2017/10/27/149443.full.pdf,2017,Non-competitive resource exploitation within-mosquito shapes evolution of malaria virulence,10.1101/149443,jour.1293558,bioRxiv
250,pub.1085865583,https://www.biorxiv.org/content/biorxiv/early/2017/06/03/145581.full.pdf,2017,Discovery of the first genome-wide significant risk loci for ADHD,10.1101/145581,jour.1293558,bioRxiv
251,pub.1091920178,https://www.biorxiv.org/content/biorxiv/early/2017/12/13/144410.full.pdf,2017,Refining the accuracy of validated target identification through coding variant fine-mapping in type 2 diabetes,10.1101/144410,jour.1293558,bioRxiv
252,pub.1091920909,https://www.biorxiv.org/content/biorxiv/early/2017/05/24/141622.full.pdf,2017,Mutations in disordered regions cause disease by creating endocytosis motifs,10.1101/141622,jour.1293558,bioRxiv
253,pub.1085463789,https://www.biorxiv.org/content/biorxiv/early/2017/06/21/140475.full.pdf,2017,Cancer Genome Interpreter annotates the biological and clinical relevance of tumor alterations,10.1101/140475,jour.1293558,bioRxiv
254,pub.1085452392,https://www.biorxiv.org/content/biorxiv/early/2017/05/19/139170.full.pdf,2017,Cooperation & Liaison between Universities & Editors (CLUE): Recommendations on Best Practice,10.1101/139170,jour.1293558,bioRxiv
255,pub.1085463133,https://www.biorxiv.org/content/biorxiv/early/2017/05/21/140053.full.pdf,2017,Control of AMPA receptor activity by the extracellular loops of auxiliary proteins,10.1101/140053,jour.1293558,bioRxiv
256,pub.1091921426,https://www.biorxiv.org/content/biorxiv/early/2017/05/18/138230.full.pdf,2017,Switch independent task representations in frontal and parietal cortex,10.1101/138230,jour.1293558,bioRxiv
257,pub.1091915310,https://www.biorxiv.org/content/biorxiv/early/2017/05/10/136499.full.pdf,2017,Classification of gene signatures for their information value and functional redundancy,10.1101/136499,jour.1293558,bioRxiv
258,pub.1085209848,https://www.biorxiv.org/content/biorxiv/early/2017/05/18/134924.full.pdf,2017,Targeting xCT-mediated glutamate release normalizes tumor angiogenesis in the brain,10.1101/134924,jour.1293558,bioRxiv
259,pub.1085114768,https://www.biorxiv.org/content/biorxiv/early/2017/04/23/129676.full.pdf,2017,Salience network dynamics underlying successful resistance of temptation,10.1101/129676,jour.1293558,bioRxiv
260,pub.1085114970,https://www.biorxiv.org/content/biorxiv/early/2018/11/13/124206.full.pdf,2017,Evaluation of the 3D fractal dimension as a marker of structural brain complexity in multiple-acquisition MRI,10.1101/124206,jour.1293558,bioRxiv
261,pub.1085111931,https://www.biorxiv.org/content/biorxiv/early/2017/03/20/117812.full.pdf,2017,"Identifiers for the 21st century: How to design, provision, and reuse persistent identifiers to maximize utility and impact of life science data",10.1101/117812,jour.1293558,bioRxiv
262,pub.1085109564,https://www.biorxiv.org/content/biorxiv/early/2018/04/30/114405.full.pdf,2017,Genome-wide association study results for educational attainment aid in identifying genetic heterogeneity of schizophrenia,10.1101/114405,jour.1293558,bioRxiv
263,pub.1085108036,https://www.biorxiv.org/content/biorxiv/early/2017/02/27/111658.full.pdf,2017,Free ISG15 as a dimer generates IL-1β-producing CD8α+ dendritic cells at the site of infection,10.1101/111658,jour.1293558,bioRxiv
264,pub.1085114797,https://www.biorxiv.org/content/biorxiv/early/2018/02/06/111161.full.pdf,2017,Metabolic enzyme cost explains variable trade-offs between microbial growth rate and yield,10.1101/111161,jour.1293558,bioRxiv
265,pub.1085105619,https://www.biorxiv.org/content/biorxiv/early/2017/01/17/100776.full.pdf,2017,Pebbles as Dry Ice Replacement for Snap Freezing of Rodents Brains,10.1101/100776,jour.1293558,bioRxiv
266,pub.1085106528,https://www.biorxiv.org/content/biorxiv/early/2017/06/22/098210.full.pdf,2017,Refractoriness accounts for variable spike burst responses in somatosensory cortex,10.1101/098210,jour.1293558,bioRxiv
267,pub.1085110621,https://www.biorxiv.org/content/biorxiv/early/2016/12/21/095588.full.pdf,2016,Transcranial stimulation enhances memory-relevant sleep oscillations and their functional coupling in mild cognitive impairment,10.1101/095588,jour.1293558,bioRxiv
268,pub.1085103031,https://www.biorxiv.org/content/biorxiv/early/2017/06/20/095778.full.pdf,2016,How to improve parameter estimates in GLM-based fMRI data analysis: cross-validated Bayesian model averaging,10.1101/095778,jour.1293558,bioRxiv
269,pub.1085104029,https://www.biorxiv.org/content/biorxiv/early/2016/12/16/094755.full.pdf,2016,Dissecting cancer resistance to therapies with cell-type-specific dynamic logic models,10.1101/094755,jour.1293558,bioRxiv
270,pub.1085101728,https://www.biorxiv.org/content/biorxiv/early/2017/03/28/089516.full.pdf,2016,Resting State Networks in empirical and simulated dynamic functional connectivity,10.1101/089516,jour.1293558,bioRxiv
271,pub.1085108158,https://www.biorxiv.org/content/biorxiv/early/2016/11/23/089342.full.pdf,2016,Polygenic transmission disequilibrium confirms that common and rare variation act additively to create risk for autism spectrum disorders,10.1101/089342,jour.1293558,bioRxiv
272,pub.1085113073,https://www.biorxiv.org/content/biorxiv/early/2016/11/23/089367.full.pdf,2016,NaviCom: A web application to create interactive molecular network portraits using multi-level omics data,10.1101/089367,jour.1293558,bioRxiv
273,pub.1085106233,https://www.biorxiv.org/content/biorxiv/early/2016/11/03/085548.full.pdf,2016,Bridging multiple scales in the human brain using computational modelling,10.1101/085548,jour.1293558,bioRxiv
274,pub.1085105399,https://www.biorxiv.org/content/biorxiv/early/2016/11/03/055756.full.pdf,2016,The Monarch Initiative: An integrative data and analytic platform connecting phenotypes to genotypes across species,10.1101/055756,jour.1293558,bioRxiv
275,pub.1085112000,https://www.biorxiv.org/content/biorxiv/early/2016/09/06/073593.full.pdf,2016,Genome-wide binding of posterior HOXA/D transcription factors reveals subgrouping and association with CTCF,10.1101/073593,jour.1293558,bioRxiv
276,pub.1085110768,https://www.biorxiv.org/content/biorxiv/early/2016/09/01/072892.full.pdf,2016,CIViC: A knowledgebase for expert-crowdsourcing the clinical interpretation of variants in cancer,10.1101/072892,jour.1293558,bioRxiv
277,pub.1085108677,https://www.biorxiv.org/content/biorxiv/early/2017/01/26/071597.full.pdf,2016,Consistency of EEG source localization and connectivity estimates,10.1101/071597,jour.1293558,bioRxiv
278,pub.1052652700,https://www.biorxiv.org/content/biorxiv/early/2016/08/24/066548.full.pdf,2016,HLA-MA: Simple yet powerful matching of samples using HLA typing results,10.1101/066548,jour.1293558,bioRxiv
279,pub.1048547525,https://www.biorxiv.org/content/biorxiv/early/2018/12/05/069096.full.pdf,2016,DeepWAS: Multivariate genotype-phenotype associations by directly integrating regulatory information using deep learning,10.1101/069096,jour.1293558,bioRxiv
280,pub.1012131995,https://www.biorxiv.org/content/biorxiv/early/2016/08/09/068593.full.pdf,2016,Common schizophrenia alleles are enriched in mutation-intolerant genes and maintained by background selection,10.1101/068593,jour.1293558,bioRxiv
281,pub.1043540092,https://www.biorxiv.org/content/biorxiv/early/2016/11/28/068668.full.pdf,2016,Excitability in the p53 network mediates robust signaling with tunable activation thresholds in single cells,10.1101/068668,jour.1293558,bioRxiv
282,pub.1006738765,https://www.biorxiv.org/content/biorxiv/early/2016/08/28/065672.full.pdf,2016,Perturbation-response genes reveal signaling footprints in cancer gene expression,10.1101/065672,jour.1293558,bioRxiv
283,pub.1001352978,https://www.biorxiv.org/content/biorxiv/early/2016/06/15/059204.full.pdf,2016,Navigating the phenotype frontier: The Monarch Initiative,10.1101/059204,jour.1293558,bioRxiv
284,pub.1047453937,https://www.biorxiv.org/content/biorxiv/early/2017/09/06/048991.full.pdf,2016,Analysis of Shared Heritability in Common Disorders of the Brain,10.1101/048991,jour.1293558,bioRxiv
285,pub.1003953001,https://www.biorxiv.org/content/biorxiv/early/2016/05/18/048843.full.pdf,2016,"k-BOOM: A Bayesian approach to ontology structure inference, with applications in disease ontology construction",10.1101/048843,jour.1293558,bioRxiv
286,pub.1026585688,https://www.biorxiv.org/content/biorxiv/early/2016/06/24/044412.full.pdf,2016,"Genome-wide association study of 40,000 individuals identifies two novel loci associated with bipolar disorder",10.1101/044412,jour.1293558,bioRxiv
287,pub.1109355199,https://peerj.com/preprints/1837.pdf,2016,Healthy and disturbed sleep: from the laboratory to actigraphy,10.7287/peerj.preprints.1837,jour.1053424,PeerJ Preprints
288,pub.1107345389,https://peerj.com/preprints/1837.pdf,2016,Healthy and disturbed sleep: from the laboratory to actigraphy,10.7287/peerj.preprints.1837v1,jour.1053424,PeerJ Preprints
289,pub.1085101421,https://hal.archives-ouvertes.fr/hal-01960474/file/Barbieri_etal_2016_SAfrican_Y_chrom_HumGenet.pdf,2015,Refining the Y chromosome phylogeny with southern African sequences,10.1101/034983,jour.1293558,bioRxiv
290,pub.1085109851,https://www.biorxiv.org/content/biorxiv/early/2017/06/12/021717.full.pdf,2015,Cooperative Binding Mitigates the High-Dose Hook Effect,10.1101/021717,jour.1293558,bioRxiv
291,pub.1109353653,https://peerj.com/preprints/304v1.pdf,2014,Dose dependent role of Emodin and BTB14431 in suspension colon cancer model in rats,10.7287/peerj.preprints.304,jour.1053424,PeerJ Preprints
292,pub.1107336469,https://peerj.com/preprints/304v1.pdf,2014,Dose dependent role of Emodin and BTB14431 in suspension colon cancer model in rats,10.7287/peerj.preprints.304v1,jour.1053424,PeerJ Preprints
293,pub.1085101933,https://www.biorxiv.org/content/early/2013/12/05/001198.full.pdf,2013,Genomic architecture of human neuroanatomical diversity,10.1101/001198,jour.1293558,bioRxiv
294,pub.1118047589,https://doi.org/10.1038/npre.2009.3492.1,2009,Standard operating procedures (SOP) in experimental stroke research: SOP for middle cerebral artery occlusion in the mouse,10.1038/npre.2009.3492.1,jour.1137564,Nature Precedings
